client_id,old_id,linked_via,inspection_date,purpose,category,n_viol,n_high,n_med,n_low,n_imminent,mk_high
200310060003,200310060003,client_id,5/26/2026,Comprehensive,211-Restaurant without Liquor,1,0,0,1,0,0
201403050005,201403050005,client_id,3/23/2026,Comprehensive,201-Restaurant with Liquor,7,0,0,7,0,0
201009270005,201009270005,client_id,1/22/2026,Comprehensive,201-Restaurant with Liquor,6,0,1,6,0,0
49413,49413,client_id,9/9/2025,Comprehensive,211-Restaurant without Liquor,7,1,0,6,0,1
49413,49413,client_id,8/12/2026,Comprehensive,211-Restaurant without Liquor,2,0,0,2,0,0
201710050011,201710050011,client_id,12/18/2025,Comprehensive,202-Chain Restaurant with Liquor,4,0,0,4,0,0
56700,56700,client_id,11/20/2025,Comprehensive,202-Chain Restaurant with Liquor,7,1,1,5,0,1
52847,52847,client_id,12/16/2025,Consultation,212-Chain Restaurant without Liquor,3,1,0,2,0,1
202405240010,202405240010,client_id,9/17/2025,Comprehensive,201-Restaurant with Liquor,2,0,1,1,0,0
9902,,unlinked,1/15/2026,Comprehensive,201-Restaurant with Liquor,9,0,3,7,0,0
201510050009,201510050009,client_id,1/6/2026,Comprehensive,202-Chain Restaurant with Liquor,2,0,2,1,0,0
201510050002,201510050002,client_id,1/8/2026,Comprehensive,202-Chain Restaurant with Liquor,1,0,1,0,0,0
200108140024,200108140024,client_id,1/4/2026,Comprehensive,201-Restaurant with Liquor,4,0,2,2,0,0
200108140027,200108140027,client_id,1/5/2026,Comprehensive,201-Restaurant with Liquor,2,1,0,1,0,1
200108150006,200108150006,client_id,1/5/2026,Comprehensive,201-Restaurant with Liquor,2,0,0,2,0,0
199901130005,199901130005,client_id,7/21/2026,Comprehensive,211-Restaurant without Liquor,7,2,0,6,0,3
199901130005,199901130005,client_id,8/10/2026,Reinspection,211-Restaurant without Liquor,0,0,0,1,0,0
202102010003,202102010003,client_id,9/3/2025,Comprehensive,201-Restaurant with Liquor,11,1,5,7,1,2
202102010003,202102010003,client_id,9/12/2025,Reinspection,201-Restaurant with Liquor,6,1,2,2,1,1
200612260001,200612260001,client_id,9/9/2025,Comprehensive,202-Chain Restaurant with Liquor,4,0,0,4,0,0
202406270002,202406270002,client_id,2/19/2026,Comprehensive,201-Restaurant with Liquor,4,0,1,4,0,0
201306190003,201306190003,client_id,9/15/2025,Comprehensive,201-Restaurant with Liquor,6,0,1,5,0,0
201306190003,201306190003,client_id,9/30/2025,Service Request,201-Restaurant with Liquor,2,0,0,2,0,0
201306190003,201306190003,client_id,10/22/2025,Service Request,201-Restaurant with Liquor,2,0,0,2,0,0
201306190003,201306190003,client_id,3/11/2026,Service Request,201-Restaurant with Liquor,1,0,0,1,0,0
201306190003,201306190003,client_id,5/19/2026,Service Request,201-Restaurant with Liquor,1,0,0,1,0,0
200807220004,200807220004,client_id,9/23/2025,Comprehensive,201-Restaurant with Liquor,16,4,3,10,0,5
200807220004,200807220004,client_id,10/6/2025,Reinspection,201-Restaurant with Liquor,10,2,1,7,0,2
200807220004,200807220004,client_id,11/18/2025,Consultation,201-Restaurant with Liquor,4,1,2,1,0,1
200807220004,200807220004,client_id,8/12/2026,Comprehensive,201-Restaurant with Liquor,13,2,3,8,0,2
200807220004,200807220004,client_id,8/13/2026,Comprehensive,201-Restaurant with Liquor,3,1,2,0,0,1
200304160007,200304160007,client_id,4/15/2026,Comprehensive,201-Restaurant with Liquor,3,1,0,2,0,1
202212210006,202212210006,client_id,12/17/2025,Comprehensive,212-Chain Restaurant without Liquor,9,1,1,7,0,1
201405130005,201405130005,client_id,12/4/2025,Comprehensive,201-Restaurant with Liquor,10,1,2,7,0,1
9156,,unlinked,10/28/2025,Comprehensive,201-Restaurant with Liquor,8,1,4,5,0,1
30337,30337,client_id,3/13/2026,Comprehensive,201-Restaurant with Liquor,1,0,0,1,0,0
201906250005,201906250005,client_id,7/8/2026,Comprehensive,211-Restaurant without Liquor,2,0,0,2,0,0
201903060005,201903060005,client_id,12/17/2025,Comprehensive,201-Restaurant with Liquor,4,2,1,2,0,3
201903060005,201903060005,client_id,12/30/2025,Reinspection,201-Restaurant with Liquor,0,0,0,0,0,0
201810310004,201810310004,client_id,11/6/2025,Comprehensive,211-Restaurant without Liquor,8,3,0,5,0,3
201810310004,201810310004,client_id,8/7/2026,Complaint,211-Restaurant without Liquor,0,0,0,0,0,0
FSP-PERM-202510290253,,unlinked,11/12/2025,Comprehensive,201-Restaurant with Liquor,15,1,4,9,0,2
202503250005,202503250005,client_id,3/25/2025,Comprehensive,202-Chain Restaurant with Liquor,4,0,1,2,0,0
202503250005,202503250005,client_id,3/3/2026,Reinspection,202-Chain Restaurant with Liquor,0,0,0,0,0,0
202503250005,202503250005,client_id,2/17/2026,Comprehensive,202-Chain Restaurant with Liquor,6,3,1,3,0,3
202503250005,202503250005,client_id,5/29/2026,Reinspection,202-Chain Restaurant with Liquor,0,0,0,0,0,0
202503250005,202503250005,client_id,5/27/2026,Complaint,202-Chain Restaurant with Liquor,4,2,2,0,0,2
202503250005,202503250005,client_id,6/12/2026,Complaint,202-Chain Restaurant with Liquor,4,2,0,2,0,2
202503250005,202503250005,client_id,6/18/2026,Reinspection,202-Chain Restaurant with Liquor,2,1,0,1,0,1
202503250005,202503250005,client_id,7/6/2026,Complaint,202-Chain Restaurant with Liquor,1,0,0,1,0,0
202503250005,202503250005,client_id,8/3/2026,Reinspection,202-Chain Restaurant with Liquor,1,0,0,1,0,0
200701110002,200701110002,client_id,4/13/2026,Comprehensive,202-Chain Restaurant with Liquor,7,1,0,7,0,2
46966,46966,client_id,6/18/2026,Comprehensive,202-Chain Restaurant with Liquor,5,0,2,3,0,0
56089,56089,client_id,8/15/2025,Comprehensive,202-Chain Restaurant with Liquor,2,0,0,3,0,0
56089,56089,client_id,2/10/2026,Comprehensive,202-Chain Restaurant with Liquor,5,0,0,5,0,0
56089,56089,client_id,2/11/2026,Reinspection,202-Chain Restaurant with Liquor,0,0,0,0,0,0
56609,56609,client_id,3/11/2026,Complaint,212-Chain Restaurant without Liquor,1,0,0,1,0,0
56609,56609,client_id,3/13/2026,Reinspection,212-Chain Restaurant without Liquor,1,0,0,1,0,0
56609,56609,client_id,7/20/2026,Comprehensive,212-Chain Restaurant without Liquor,8,0,1,7,0,0
199908130005,199908130005,client_id,2/5/2026,Comprehensive,212-Chain Restaurant without Liquor,4,0,1,3,0,0
200508030001,200508030001,client_id,1/2/2026,Comprehensive,212-Chain Restaurant without Liquor,3,0,0,2,1,0
200508030001,200508030001,client_id,1/5/2026,Reinspection,212-Chain Restaurant without Liquor,0,0,0,0,0,0
200712170018,200712170018,client_id,8/19/2025,Comprehensive,212-Chain Restaurant without Liquor,3,0,0,3,0,0
200712170018,200712170018,client_id,7/6/2026,Comprehensive,212-Chain Restaurant without Liquor,4,0,1,3,0,0
46397,46397,client_id,3/10/2026,Comprehensive,212-Chain Restaurant without Liquor,11,2,2,7,0,2
201702130003,201702130003,client_id,8/20/2025,Comprehensive,211-Restaurant without Liquor,2,0,0,2,0,0
202410100008,202410100008,client_id,8/25/2026,Complaint,211-Restaurant without Liquor,2,1,0,1,0,1
202412060001,202412060001,client_id,9/17/2025,Comprehensive,211-Restaurant without Liquor,7,1,0,6,0,1
201204300002,201204300002,client_id,9/8/2026,Comprehensive,211-Restaurant without Liquor,5,1,0,4,0,1
201305130009,201305130009,client_id,11/4/2025,Comprehensive,211-Restaurant without Liquor,6,0,2,4,0,0
57188,57188,client_id,9/17/2025,Comprehensive,201-Restaurant with Liquor,17,1,5,12,0,2
FSP-PERM-202603090148,,unlinked,3/9/2026,Change of Ownership,201-Restaurant w/Liquor,5,0,1,4,0,0
FSP-PERM-202603090148,,unlinked,5/8/2026,Comprehensive,201-Restaurant w/Liquor,3,0,0,3,0,0
201903280008,201903280008,client_id,11/14/2025,Comprehensive,212-Chain Restaurant without Liquor,8,0,2,6,0,0
200211060001,200211060001,client_id,10/7/2025,Comprehensive,212-Chain Restaurant without Liquor,1,0,1,0,0,0
200211060001,200211060001,client_id,8/20/2026,Comprehensive,212-Chain Restaurant without Liquor,3,0,1,2,0,0
201711030004,201711030004,client_id,12/10/2025,Comprehensive,212-Chain Restaurant without Liquor,5,3,1,2,0,4
201711030004,201711030004,client_id,12/12/2025,Reinspection,212-Chain Restaurant without Liquor,3,1,1,1,0,1
201711030004,201711030004,client_id,1/15/2026,Comprehensive,212-Chain Restaurant without Liquor,3,0,1,2,0,0
FSP-PERM-202604060226,,unlinked,4/7/2026,Change of Ownership,212-Chain Restaurant w/o Liquor,1,0,0,1,0,0
FSP-PERM-202604060226,,unlinked,6/9/2026,Comprehensive,212-Chain Restaurant w/o Liquor,1,0,0,1,0,0
56106,56106,client_id,2/26/2026,Comprehensive,211-Restaurant without Liquor,2,0,2,0,0,0
201608090004,201608090004,client_id,10/6/2025,Comprehensive,202-Chain Restaurant with Liquor,9,2,2,7,0,3
201608090004,201608090004,client_id,9/15/2026,Comprehensive,202-Chain Restaurant with Liquor,6,1,1,5,0,1
202108270008,202108270008,client_id,12/11/2025,Renovation,212-Chain Restaurant without Liquor,2,0,0,2,0,0
202108270008,202108270008,client_id,3/23/2026,Comprehensive,212-Chain Restaurant without Liquor,5,1,2,2,0,1
201711270003,201711270003,client_id,5/21/2026,Comprehensive,211-Restaurant without Liquor,9,1,3,6,0,1
202111230002,202111230002,client_id,4/14/2026,Comprehensive,211-Restaurant without Liquor,13,1,2,12,0,2
202302210001,202302210001,client_id,3/12/2026,Comprehensive,201-Restaurant with Liquor,13,1,4,8,0,1
202302210001,202302210001,client_id,3/18/2026,Reinspection,201-Restaurant with Liquor,0,0,0,0,0,0
202302210001,202302210001,client_id,4/2/2026,Reinspection,201-Restaurant with Liquor,5,0,0,5,0,0
202311130003,202311130003,client_id,2/9/2026,Service Request,202-Chain Restaurant with Liquor,1,0,0,1,0,0
200411150001,200411150001,client_id,8/18/2025,Comprehensive,212-Chain Restaurant without Liquor,3,0,1,2,0,0
200411150001,200411150001,client_id,5/22/2026,Comprehensive,212-Chain Restaurant without Liquor,2,0,1,1,0,0
201401030001,201401030001,client_id,1/2/2026,Comprehensive,202-Chain Restaurant with Liquor,9,0,2,7,0,0
FSP-PERM-202603030138,,unlinked,3/3/2026,Change of Ownership,202-Chain Restaurant w/Liquor,2,0,1,1,0,0
201806120002,201806120002,client_id,12/16/2025,Comprehensive,211-Restaurant without Liquor,7,1,1,5,0,1
FSP-PERM-202601210042,,unlinked,2/9/2026,Comprehensive,212-Chain Restaurant w/o Liquor,3,0,2,3,0,0
202410080031,202410080031,client_id,4/17/2026,Comprehensive,211-Restaurant without Liquor,5,0,0,5,0,0
202504090002,202504090002,client_id,10/28/2025,Comprehensive,211-Restaurant without Liquor,3,0,2,1,0,0
200107170002,200107170002,client_id,9/24/2025,Comprehensive,201-Restaurant with Liquor,10,1,1,8,0,1
200107170002,200107170002,client_id,10/8/2025,Reinspection,201-Restaurant with Liquor,7,0,1,6,0,0
200107170002,200107170002,client_id,11/18/2025,Partial Reinspection,201-Restaurant with Liquor,1,0,1,0,0,0
200107170002,200107170002,client_id,8/13/2026,Comprehensive,201-Restaurant with Liquor,3,1,0,2,0,1
201810240004,201810240004,client_id,12/16/2025,Comprehensive,201-Restaurant with Liquor,10,2,2,6,0,2
201810240004,201810240004,client_id,8/7/2026,Reinspection,201-Restaurant with Liquor,6,2,0,5,0,1
201810240004,201810240004,client_id,8/7/2026,Complaint,201-Restaurant with Liquor,0,0,0,0,0,0
202007070006,202007070006,client_id,5/21/2026,Comprehensive,211-Restaurant without Liquor,10,1,4,6,0,1
200008280004,200008280004,client_id,9/23/2025,Comprehensive,201-Restaurant with Liquor,5,0,2,4,0,0
200008280004,200008280004,client_id,9/8/2026,Comprehensive,201-Restaurant with Liquor,8,0,2,7,0,0
201909100003,201909100003,client_id,8/19/2025,Comprehensive,211-Restaurant without Liquor,9,2,2,6,0,2
201909100003,201909100003,client_id,8/25/2026,Comprehensive,211-Restaurant without Liquor,6,1,2,3,0,1
201909100003,201909100003,client_id,9/8/2026,Reinspection,211-Restaurant without Liquor,0,0,0,0,0,0
201011120003,201011120003,client_id,9/19/2025,Comprehensive,212-Chain Restaurant without Liquor,13,1,3,9,0,1
202112070003,202112070003,client_id,10/27/2025,Comprehensive,212-Chain Restaurant without Liquor,14,1,2,12,0,2
55963,55963,client_id,8/26/2026,Comprehensive,201-Restaurant with Liquor,6,0,1,5,0,0
201606080003,201606080003,client_id,10/15/2025,Comprehensive,201-Restaurant with Liquor,8,1,3,6,0,1
200710040004,200710040004,client_id,5/4/2026,Comprehensive,211-Restaurant without Liquor,8,1,3,6,0,2
199905270003,199905270003,client_id,2/11/2026,Comprehensive,201-Restaurant with Liquor,7,0,0,7,0,0
56157,56157,client_id,3/26/2025,Comprehensive,201-Restaurant with Liquor,10,1,2,7,0,2
34684,34684,client_id,12/1/2025,Comprehensive,212-Chain Restaurant without Liquor,9,0,2,7,0,0
201404220001,201404220001,client_id,8/11/2025,Comprehensive,Priority Code:,6,1,1,5,0,2
201408040001,201408040001,client_id,6/1/2026,Comprehensive,212-Chain Restaurant without Liquor,5,0,1,4,0,0
202408060006,202408060006,client_id,9/8/2025,Comprehensive,211-Restaurant without Liquor,10,1,1,10,0,2
200701240004,200701240004,client_id,12/15/2025,Comprehensive,211-Restaurant without Liquor,8,0,1,7,0,0
202105050002,202105050002,client_id,12/4/2025,Comprehensive,211-Restaurant without Liquor,5,0,2,3,0,0
202105050002,202105050002,client_id,6/3/2026,Comprehensive,211-Restaurant without Liquor,6,1,4,1,0,1
202105050002,202105050002,client_id,6/5/2026,Reinspection,211-Restaurant without Liquor,1,0,1,0,0,0
201806060006,201806060006,client_id,1/30/2026,Comprehensive,211-Restaurant without Liquor,1,0,0,1,0,0
201803070006,201803070006,client_id,3/20/2026,Comprehensive,211-Restaurant without Liquor,11,0,5,6,0,0
200702280001,200702280001,client_id,6/3/2026,Comprehensive,201-Restaurant with Liquor,3,0,1,2,0,0
202003040003,202003040003,client_id,9/30/2025,Comprehensive,201-Restaurant with Liquor,9,1,3,5,0,1
201906070002,201906070002,client_id,9/30/2025,Complaint,201-Restaurant with Liquor,1,0,0,1,0,0
201906070002,201906070002,client_id,10/2/2025,Reinspection,201-Restaurant with Liquor,0,0,0,1,0,0
201906070002,201906070002,client_id,1/22/2026,Comprehensive,201-Restaurant with Liquor,3,0,0,3,0,1
201906070002,201906070002,client_id,7/7/2026,Complaint,201-Restaurant with Liquor,0,0,0,0,0,0
201906070002,201906070002,client_id,8/25/2026,Complaint,201-Restaurant with Liquor,1,0,0,1,0,0
54437,54437,client_id,6/9/2026,Comprehensive,212-Chain Restaurant without Liquor,3,0,1,3,0,0
202408280005,202408280005,client_id,3/26/2026,Comprehensive,211-Restaurant without Liquor,9,1,2,7,0,1
202408280005,202408280005,client_id,4/2/2026,Reinspection,211-Restaurant without Liquor,1,0,0,1,0,0
54694,54694,client_id,8/20/2025,Comprehensive,212-Chain Restaurant without Liquor,7,0,0,7,0,0
54694,54694,client_id,6/16/2026,Comprehensive,212-Chain Restaurant without Liquor,5,1,0,6,0,2
54694,54694,client_id,7/14/2026,Reinspection,212-Chain Restaurant without Liquor,0,0,0,0,0,0
201810100006,201810100006,client_id,10/2/2025,Comprehensive,212-Chain Restaurant without Liquor,7,1,0,6,0,1
201810100006,201810100006,client_id,9/17/2026,Comprehensive,212-Chain Restaurant without Liquor,4,0,0,4,0,0
201911260009,201911260009,client_id,3/26/2026,Comprehensive,212-Chain Restaurant without Liquor,1,0,0,1,0,0
202105140001,202105140001,client_id,7/13/2026,Comprehensive,212-Chain Restaurant without Liquor,4,0,1,3,0,0
202205190004,202205190004,client_id,2/19/2026,Comprehensive,212-Chain Restaurant without Liquor,1,0,0,1,0,0
202403260003,202403260003,client_id,9/23/2025,Comprehensive,201-Restaurant with Liquor,10,3,2,5,0,3
202403260003,202403260003,client_id,4/21/2026,Comprehensive,201-Restaurant with Liquor,12,0,1,11,0,0
201104010001,201104010001,client_id,4/8/2026,Comprehensive,202-Chain Restaurant with Liquor,7,1,1,5,0,1
201104010001,201104010001,client_id,4/27/2026,Reinspection,202-Chain Restaurant with Liquor,1,0,1,0,0,0
201104010001,201104010001,client_id,7/22/2026,Complaint,202-Chain Restaurant with Liquor,2,1,0,2,0,2
202008030002,202008030002,client_id,3/16/2026,Complaint,212-Chain Restaurant without Liquor,0,0,0,0,0,0
201509040006,201509040006,client_id,3/2/2026,Comprehensive,202-Chain Restaurant with Liquor,7,1,1,6,0,2
201611210011,201611210011,client_id,11/10/2025,Renovation,212-Chain Restaurant without Liquor,0,0,0,0,0,0
201611210011,201611210011,client_id,11/17/2025,Comprehensive,212-Chain Restaurant without Liquor,2,0,0,2,0,0
201611210011,201611210011,client_id,12/12/2025,Complaint,212-Chain Restaurant without Liquor,1,1,0,0,0,1
201611210011,201611210011,client_id,5/5/2026,Complaint,212-Chain Restaurant without Liquor,0,0,0,0,0,0
201611210011,201611210011,client_id,9/22/2026,Comprehensive,212-Chain Restaurant without Liquor,4,0,0,4,0,0
202306280008,202306280008,client_id,11/24/2025,Service Request,212-Chain Restaurant without Liquor,0,0,0,0,0,0
202306280008,202306280008,client_id,2/26/2026,Complaint,212-Chain Restaurant without Liquor,4,0,0,4,0,0
202306280008,202306280008,client_id,7/23/2026,Comprehensive,212-Chain Restaurant without Liquor,9,0,0,9,0,0
200907150003,200907150003,client_id,12/16/2025,Comprehensive,212-Chain Restaurant without Liquor,4,1,0,3,0,1
202201270005,202201270005,client_id,9/12/2025,Comprehensive,212-Chain Restaurant without Liquor,8,0,0,8,0,0
202201270005,202201270005,client_id,9/11/2026,Comprehensive,212-Chain Restaurant without Liquor,7,0,0,7,0,0
FSP-PERM-202603170181,,unlinked,3/24/2026,Pre-Operational,201-Restaurant w/Liquor,8,0,1,7,0,0
FSP-PERM-202603170181,,unlinked,5/22/2026,Comprehensive,201-Restaurant w/Liquor,11,2,2,7,0,2
202305190004,202305190004,client_id,10/15/2025,Comprehensive,211-Restaurant without Liquor,6,1,3,2,0,1
202305190004,202305190004,client_id,9/3/2026,Comprehensive,211-Restaurant without Liquor,4,0,1,3,0,0
202409160007,202409160007,client_id,10/31/2025,Comprehensive,212-Chain Restaurant without Liquor,8,2,2,4,0,2
202409160007,202409160007,client_id,11/12/2025,Reinspection,212-Chain Restaurant without Liquor,2,0,0,2,0,0
202208250010,202208250010,client_id,3/24/2026,Comprehensive,211-Restaurant without Liquor,7,1,2,5,0,2
200608290003,200608290003,client_id,12/4/2025,Comprehensive,211-Restaurant without Liquor,6,1,0,5,0,2
200608290003,200608290003,client_id,3/31/2026,Suspected Illness,211-Restaurant without Liquor,2,0,1,2,0,0
201212120002,201212120002,client_id,1/13/2026,Comprehensive,211-Restaurant without Liquor,4,0,1,4,0,0
FSP-PERM-202604220259,,unlinked,7/13/2026,Comprehensive,211-Restaurant w/o Liquor,1,0,0,1,0,0
202309130002,202309130002,client_id,7/22/2026,Comprehensive,211-Restaurant without Liquor,3,0,0,3,0,0
200310090004,200310090004,client_id,7/27/2026,Comprehensive,211-Restaurant without Liquor,11,1,2,8,0,1
202503200004,202503200004,client_id,9/25/2025,Comprehensive,201-Restaurant with Liquor,6,0,1,5,0,0
202503200004,202503200004,client_id,9/30/2025,Service Request,201-Restaurant with Liquor,3,0,0,3,0,0
202503200004,202503200004,client_id,10/22/2025,Service Request,201-Restaurant with Liquor,2,0,0,2,0,0
202503200004,202503200004,client_id,1/8/2026,Reinspection,201-Restaurant with Liquor,1,0,0,1,0,0
202503200004,202503200004,client_id,3/11/2026,Service Request,201-Restaurant with Liquor,1,0,0,1,0,0
202503200004,202503200004,client_id,5/19/2026,Service Request,201-Restaurant with Liquor,2,0,0,2,0,0
202311010003,202311010003,client_id,6/24/2026,Comprehensive,211-Restaurant without Liquor,9,0,3,6,0,0
201205100003,201205100003,client_id,8/26/2025,Comprehensive,211-Restaurant without Liquor,2,0,0,2,0,0
201205100003,201205100003,client_id,4/27/2026,Pre-Operational,211-Restaurant without Liquor,2,0,1,1,0,0
202207260001,202207260001,client_id,7/27/2026,Comprehensive,211-Restaurant without Liquor,11,1,1,9,0,1
201801240001,201801240001,client_id,4/13/2026,Comprehensive,202-Chain Restaurant with Liquor,8,1,2,5,0,1
201210150005,201210150005,client_id,8/15/2025,Service Request,202-Chain Restaurant with Liquor,1,0,0,1,0,0
201210150005,201210150005,client_id,12/17/2025,Comprehensive,202-Chain Restaurant with Liquor,11,1,1,9,0,1
201210150005,201210150005,client_id,4/17/2026,Complaint,202-Chain Restaurant with Liquor,0,0,0,0,0,0
202105190001,202105190001,client_id,12/18/2025,Comprehensive,212-Chain Restaurant without Liquor,8,1,0,8,0,1
201904120004,201904120004,client_id,8/17/2026,Comprehensive,211-Restaurant without Liquor,7,0,2,5,0,0
202405200002,202405200002,client_id,7/2/2026,Comprehensive,211-Restaurant without Liquor,14,1,5,12,0,2
202405200002,202405200002,client_id,7/15/2026,Reinspection,211-Restaurant without Liquor,9,0,2,7,0,0
201909260003,201909260003,client_id,5/6/2026,Comprehensive,201-Restaurant with Liquor,3,0,1,2,0,0
FSP-PERM-202604010217,,unlinked,4/1/2026,Comprehensive,211-Restaurant w/o Liquor,7,0,1,6,0,0
201511300005,201511300005,client_id,12/3/2025,Comprehensive,Priority Code:,3,0,1,2,0,0
201511300005,201511300005,client_id,3/13/2026,Complaint,201-Restaurant w/Liquor,1,1,0,1,0,2
201511300005,201511300005,client_id,8/26/2026,Comprehensive,201-Restaurant w/Liquor,7,1,1,5,0,2
201707210025,201707210025,client_id,2/26/2026,Comprehensive,211-Restaurant without Liquor,2,0,0,2,0,0
FSP-PERM-202509100103,,unlinked,10/29/2025,Comprehensive,202-Chain Restaurant w/Liquor,12,1,2,10,0,2
FSP-PERM-202509100103,,unlinked,6/10/2026,Comprehensive,202-Chain Restaurant w/Liquor,11,1,2,10,0,2
39062,39062,client_id,8/29/2025,Comprehensive,211-Restaurant without Liquor,7,0,1,7,0,0
39062,39062,client_id,3/3/2026,Comprehensive,211-Restaurant without Liquor,16,3,5,9,0,3
39062,39062,client_id,3/10/2026,Reinspection,211-Restaurant without Liquor,3,0,1,2,0,0
200207110002,200207110002,client_id,1/12/2026,Comprehensive,211-Restaurant without Liquor,12,2,3,8,0,3
200207110002,200207110002,client_id,1/29/2026,Reinspection,211-Restaurant without Liquor,12,1,6,7,0,2
200207110002,200207110002,client_id,2/3/2026,Reinspection,211-Restaurant without Liquor,9,1,2,6,0,2
200207110002,200207110002,client_id,5/7/2026,Comprehensive,211-Restaurant without Liquor,13,2,3,8,0,2
200207110002,200207110002,client_id,5/8/2026,Reinspection,211-Restaurant without Liquor,7,0,1,6,0,0
200008210001,200008210001,client_id,5/20/2026,Comprehensive,211-Restaurant without Liquor,12,3,1,8,0,3
201206150006,201206150006,client_id,12/8/2025,Comprehensive,201-Restaurant with Liquor,7,1,0,6,0,1
FSP-PERM-202510200221,,unlinked,3/2/2026,Comprehensive,211-Restaurant w/o Liquor,4,2,1,3,0,4
FSP-PERM-202510200221,,unlinked,8/20/2026,Comprehensive,211-Restaurant w/o Liquor,8,1,2,5,0,1
202103170001,202103170001,client_id,8/28/2025,Comprehensive,211-Restaurant without Liquor,5,0,0,5,0,0
201202230003,201202230003,client_id,8/12/2026,Comprehensive,Priority Code:,3,1,1,1,0,1
201202230003,201202230003,client_id,8/20/2026,Reinspection,Priority Code:,2,0,0,2,0,0
9281,,unlinked,8/28/2025,Comprehensive,201-Restaurant with Liquor,3,1,1,1,0,1
9281,,unlinked,8/12/2026,Comprehensive,201-Restaurant with Liquor,4,0,1,3,0,0
202410240003,202410240003,client_id,7/7/2026,Comprehensive,211-Restaurant without Liquor,13,2,3,8,0,4
201502230001,201502230001,client_id,8/19/2025,Comprehensive,212-Chain Restaurant without Liquor,17,1,5,14,0,2
201502230001,201502230001,client_id,8/20/2025,Partial Reinspection,212-Chain Restaurant without Liquor,3,0,1,2,0,0
201502230001,201502230001,client_id,3/3/2026,Comprehensive,212-Chain Restaurant without Liquor,16,5,5,8,0,7
201502230001,201502230001,client_id,3/26/2026,Reinspection,212-Chain Restaurant without Liquor,14,1,3,11,0,2
200706150002,200706150002,client_id,2/2/2026,Comprehensive,212-Chain Restaurant without Liquor,3,0,1,2,0,0
202410290002,202410290002,client_id,11/6/2025,Comprehensive,212-Chain Restaurant without Liquor,2,0,0,2,0,0
FSP-PERM-202608180484,202308170008,same_address_record,8/18/2026,Change of Ownership,211-Restaurant w/o Liquor,9,1,1,7,0,1
FSP-PERM-202608180484,202308170008,same_address_record,8/24/2026,Reinspection,211-Restaurant w/o Liquor,1,0,0,1,0,0
202308170008,202308170008,client_id,1/2/2026,Comprehensive,211-Restaurant without Liquor,14,2,4,10,0,3
202308170008,202308170008,client_id,2/17/2026,Reinspection,211-Restaurant without Liquor,6,0,0,6,0,0
201407210002,201407210002,client_id,3/31/2026,Comprehensive,211-Restaurant without Liquor,12,3,3,7,0,4
201407210002,201407210002,client_id,4/30/2026,Reinspection,211-Restaurant without Liquor,3,1,0,2,0,1
201407210002,201407210002,client_id,9/2/2026,Comprehensive,211-Restaurant without Liquor,13,3,1,10,0,4
201407210002,201407210002,client_id,9/4/2026,Partial Reinspection,211-Restaurant without Liquor,0,0,0,0,0,0
202410100011,202410100011,client_id,4/17/2026,Comprehensive,211-Restaurant without Liquor,18,4,7,8,0,4
202410100011,202410100011,client_id,6/29/2026,Reinspection,211-Restaurant without Liquor,5,1,1,3,0,1
202410100011,202410100011,client_id,7/24/2026,Reinspection,211-Restaurant without Liquor,3,1,1,1,0,1
200712170020,200712170020,client_id,5/14/2026,Comprehensive,211-Restaurant without Liquor,21,5,6,13,0,8
200712170020,200712170020,client_id,5/15/2026,Partial Reinspection,211-Restaurant without Liquor,0,0,0,0,0,0
200712170020,200712170020,client_id,5/26/2026,Reinspection,211-Restaurant without Liquor,13,2,2,9,0,2
201303250002,201303250002,client_id,12/4/2025,Comprehensive,211-Restaurant without Liquor,6,0,2,4,0,0
201801040001,201801040001,client_id,1/21/2026,Comprehensive,211-Restaurant without Liquor,3,0,0,3,0,0
201004290008,201004290008,client_id,8/26/2025,Comprehensive,212-Chain Restaurant without Liquor,14,4,3,11,0,4
201004290008,201004290008,client_id,8/11/2026,Comprehensive,212-Chain Restaurant without Liquor,14,5,3,11,0,8
201004290008,201004290008,client_id,8/18/2026,Partial Reinspection,212-Chain Restaurant without Liquor,1,0,1,0,0,0
202412180003,202412180003,client_id,5/19/2026,Comprehensive,211-Restaurant without Liquor,12,5,0,9,0,7
202412180003,202412180003,client_id,6/11/2026,Reinspection,211-Restaurant without Liquor,1,1,1,0,0,2
200905070002,200905070002,client_id,9/11/2025,Comprehensive,212-Chain Restaurant without Liquor,4,0,0,4,0,0
201408200003,201408200003,client_id,10/2/2025,Comprehensive,212-Chain Restaurant without Liquor,5,0,1,4,0,0
201408200003,201408200003,client_id,2/26/2026,Complaint,212-Chain Restaurant without Liquor,2,1,1,0,0,1
201408200003,201408200003,client_id,3/16/2026,Reinspection,212-Chain Restaurant without Liquor,0,0,0,0,0,0
201907080002,201907080002,client_id,7/21/2026,Comprehensive,212-Chain Restaurant without Liquor,2,0,0,2,0,0
202307200001,202307200001,client_id,8/26/2025,Complaint,212-Chain Restaurant without Liquor,0,0,0,0,0,0
202307200001,202307200001,client_id,9/5/2025,Complaint,212-Chain Restaurant without Liquor,0,0,0,0,0,0
202307200001,202307200001,client_id,1/29/2026,Comprehensive,212-Chain Restaurant without Liquor,2,0,0,2,0,0
55985,55985,client_id,9/30/2025,Service Request,211-Restaurant without Liquor,4,1,0,3,0,1
55985,55985,client_id,11/26/2025,Comprehensive,211-Restaurant without Liquor,13,3,4,9,0,5
55985,55985,client_id,12/5/2025,Reinspection,211-Restaurant without Liquor,10,0,4,6,0,0
55985,55985,client_id,1/8/2026,Comprehensive,211-Restaurant without Liquor,11,3,2,7,0,4
55985,55985,client_id,1/15/2026,Reinspection,211-Restaurant without Liquor,0,0,0,0,0,0
55985,55985,client_id,3/11/2026,Service Request,211-Restaurant without Liquor,0,0,0,0,0,0
202408060009,202408060009,client_id,2/4/2026,Comprehensive,211-Restaurant without Liquor,8,3,3,3,0,4
202408060009,202408060009,client_id,2/4/2026,Complaint,211-Restaurant without Liquor,0,0,0,0,0,0
202102110002,202102110002,client_id,10/10/2025,Comprehensive,202-Chain Restaurant with Liquor,4,0,4,0,0,0
202102110002,202102110002,client_id,9/11/2026,Comprehensive,Priority Code:,2,0,0,2,0,0
FSP-PERM-202509230135,,unlinked,1/6/2026,Comprehensive,201-Restaurant w/Liquor,8,2,2,4,0,2
56090,56090,client_id,1/5/2026,Comprehensive,201-Restaurant with Liquor,11,2,2,7,0,3
6478,,unlinked,3/18/2026,Comprehensive,201-Restaurant with Liquor,6,0,2,4,0,0
202302270006,202302270006,client_id,11/3/2025,Comprehensive,201-Restaurant with Liquor,8,1,3,5,0,2
202302270006,202302270006,client_id,11/5/2025,Reinspection,201-Restaurant with Liquor,0,0,0,0,0,0
202302270006,202302270006,client_id,11/3/2025,Complaint,201-Restaurant with Liquor,1,1,0,1,0,2
202210060011,202210060011,client_id,1/2/2026,Comprehensive,212-Chain Restaurant without Liquor,7,0,3,4,0,0
202210060011,202210060011,client_id,4/10/2026,Service Request,212-Chain Restaurant without Liquor,0,0,0,0,0,0
202407030001,202407030001,client_id,2/18/2026,Comprehensive,212-Chain Restaurant without Liquor,6,0,1,5,0,0
202306070003,202306070003,client_id,12/15/2025,Comprehensive,211-Restaurant without Liquor,4,0,1,3,0,0
FSP-PERM-202510080181,,unlinked,12/23/2025,Comprehensive,212-Chain Restaurant w/o Liquor,4,0,1,3,0,0
202309250011,202309250011,client_id,10/1/2025,Comprehensive,211-Restaurant without Liquor,0,0,0,0,0,0
202309250011,202309250011,client_id,5/22/2026,Comprehensive,211-Restaurant without Liquor,2,0,0,2,0,0
202210260004,202210260004,client_id,1/28/2026,Comprehensive,202-Chain Restaurant with Liquor,1,0,1,0,0,0
201310030012,201310030012,client_id,2/17/2026,Comprehensive,211-Restaurant without Liquor,2,0,0,2,0,0
202310180001,202310180001,client_id,3/13/2026,Comprehensive,212-Chain Restaurant without Liquor,3,0,1,2,0,0
201507290003,201507290003,client_id,4/3/2025,Comprehensive,201-Restaurant with Liquor,10,1,3,7,0,2
202204260009,202204260009,client_id,8/27/2025,Comprehensive,201-Restaurant with Liquor,1,0,0,1,0,0
202506020003,202506020003,client_id,8/27/2025,Comprehensive,211-Restaurant without Liquor,2,0,0,2,0,0
202405290007,202405290007,client_id,11/10/2025,Comprehensive,202-Chain Restaurant with Liquor,9,1,3,7,0,1
8687,,unlinked,10/22/2025,Comprehensive,211-Restaurant without Liquor,8,0,2,6,0,0
FSP-PERM-202511170308,,unlinked,11/17/2025,Change of Ownership,211-Restaurant w/o Liquor,6,0,0,6,0,0
FSP-PERM-202511170308,,unlinked,4/22/2026,Comprehensive,211-Restaurant w/o Liquor,6,1,2,3,0,1
49362,49362,client_id,9/30/2025,Service Request,202-Chain Restaurant with Liquor,0,0,0,0,0,0
49362,49362,client_id,12/11/2025,Comprehensive,202-Chain Restaurant with Liquor,18,2,6,11,0,3
49362,49362,client_id,1/9/2026,Reinspection,202-Chain Restaurant with Liquor,6,0,1,5,0,0
49362,49362,client_id,7/14/2026,Comprehensive,202-Chain Restaurant with Liquor,11,0,3,8,0,0
49362,49362,client_id,7/28/2026,Reinspection,202-Chain Restaurant with Liquor,6,0,1,5,0,0
200306100007,200306100007,client_id,3/13/2026,Comprehensive,201-Restaurant with Liquor,0,0,0,0,0,0
202108110005,202108110005,client_id,1/8/2026,Comprehensive,201-Restaurant with Liquor,4,0,2,3,0,0
201905140002,201905140002,client_id,6/22/2026,Comprehensive,212-Chain Restaurant without Liquor,10,0,0,10,0,0
202203170003,202203170003,client_id,4/14/2026,Comprehensive,212-Chain Restaurant without Liquor,7,1,0,6,0,1
202203170003,202203170003,client_id,6/8/2026,Reinspection,212-Chain Restaurant without Liquor,2,1,1,0,0,1
201705100003,201705100003,client_id,9/24/2025,Comprehensive,211-Restaurant without Liquor,3,0,0,3,0,0
201705100003,201705100003,client_id,8/3/2026,Comprehensive,211-Restaurant without Liquor,5,0,0,5,0,0
201909200005,201909200005,client_id,8/26/2025,Comprehensive,212-Chain Restaurant without Liquor,2,0,0,2,0,0
202112070002,202112070002,client_id,11/25/2025,Comprehensive,202-Chain Restaurant with Liquor,12,1,1,10,0,1
11839,11839,client_id,5/27/2026,Comprehensive,211-Restaurant without Liquor,4,0,0,4,0,0
202408060003,202408060003,client_id,10/3/2025,Reinspection,211-Restaurant without Liquor,1,0,0,1,0,0
202408060003,202408060003,client_id,9/12/2025,Comprehensive,211-Restaurant without Liquor,6,2,0,4,0,2
202408060003,202408060003,client_id,8/17/2026,Comprehensive,211-Restaurant without Liquor,4,0,0,4,0,0
202103300004,202103300004,client_id,1/7/2026,Comprehensive,212-Chain Restaurant without Liquor,5,0,0,5,0,0
44199,44199,client_id,3/11/2026,Complaint,212-Chain Restaurant without Liquor,1,0,0,1,0,0
44199,44199,client_id,3/11/2026,Comprehensive,212-Chain Restaurant without Liquor,12,1,3,8,0,2
32526,32526,client_id,2/5/2026,Comprehensive,201-Restaurant with Liquor,5,0,1,4,0,0
200905200007,200905200007,client_id,1/6/2026,Comprehensive,212-Chain Restaurant without Liquor,13,0,5,8,0,0
200905200007,200905200007,client_id,6/16/2026,Suspected Illness,212-Chain Restaurant without Liquor,2,0,1,1,0,0
202303290001,202303290001,client_id,2/23/2026,Comprehensive,201-Restaurant with Liquor,8,1,2,5,0,1
199904300001,199904300001,client_id,6/24/2026,Comprehensive,201-Restaurant with Liquor,4,1,1,2,0,1
201403100008,201403100008,client_id,10/23/2025,Complaint,202-Chain Restaurant with Liquor,1,1,0,1,0,2
201403100008,201403100008,client_id,10/31/2025,Reinspection,202-Chain Restaurant with Liquor,2,2,0,0,0,2
201403100008,201403100008,client_id,12/1/2025,Comprehensive,202-Chain Restaurant with Liquor,13,3,2,11,0,5
201403100008,201403100008,client_id,12/19/2025,Reinspection,202-Chain Restaurant with Liquor,2,1,0,1,0,1
201403100008,201403100008,client_id,2/6/2026,Complaint,202-Chain Restaurant with Liquor,3,1,0,3,0,2
202212060003,202212060003,client_id,8/27/2025,Comprehensive,202-Chain Restaurant with Liquor,7,1,0,6,0,1
202212060003,202212060003,client_id,11/3/2025,Complaint,202-Chain Restaurant with Liquor,4,0,2,2,0,0
202212060003,202212060003,client_id,2/10/2026,Complaint,202-Chain Restaurant with Liquor,0,0,0,0,0,0
201903280010,201903280010,client_id,1/2/2026,Comprehensive,212-Chain Restaurant without Liquor,5,1,1,3,0,1
201903280010,201903280010,client_id,6/30/2026,Complaint,212-Chain Restaurant without Liquor,3,0,1,2,0,0
202410150006,202410150006,client_id,10/28/2025,Comprehensive,212-Chain Restaurant without Liquor,10,0,1,9,0,0
201905070002,201905070002,client_id,9/1/2026,Complaint,212-Chain Restaurant without Liquor,0,0,0,0,0,0
202306260006,202306260006,client_id,9/3/2025,Complaint,212-Chain Restaurant without Liquor,5,0,1,5,0,0
202306260006,202306260006,client_id,9/4/2025,Reinspection,212-Chain Restaurant without Liquor,3,0,0,3,1,0
202306260006,202306260006,client_id,9/5/2025,Service Request,212-Chain Restaurant without Liquor,0,0,0,0,0,0
202306260006,202306260006,client_id,10/9/2025,Reinspection,212-Chain Restaurant without Liquor,0,0,0,0,0,0
202306260006,202306260006,client_id,3/23/2026,Comprehensive,212-Chain Restaurant without Liquor,12,1,2,10,0,1
202306260006,202306260006,client_id,3/24/2026,Partial Reinspection,212-Chain Restaurant without Liquor,1,0,0,1,0,0
56782,56782,client_id,9/17/2025,Comprehensive,212-Chain Restaurant without Liquor,8,0,0,8,0,0
202402080001,202402080001,client_id,6/8/2026,Comprehensive,211-Restaurant without Liquor,4,0,0,4,0,0
200309050003,200309050003,client_id,5/7/2026,Comprehensive,201-Restaurant with Liquor,5,0,0,5,0,0
202209150002,202209150002,client_id,10/20/2025,Comprehensive,211-Restaurant without Liquor,2,1,0,1,0,1
49086,49086,client_id,11/4/2025,Comprehensive,201-Restaurant with Liquor,5,0,1,5,0,0
201508130003,201508130003,client_id,2/11/2026,Comprehensive,212-Chain Restaurant without Liquor,10,2,1,7,0,2
200811210001,200811210001,client_id,7/16/2026,Comprehensive,212-Chain Restaurant without Liquor,4,0,1,3,0,0
200911120007,200911120007,client_id,7/23/2026,Comprehensive,212-Chain Restaurant without Liquor,2,0,0,2,0,0
201111230005,201111230005,client_id,4/8/2026,Comprehensive,212-Chain Restaurant without Liquor,7,3,1,3,0,3
201111230005,201111230005,client_id,4/27/2026,Reinspection,212-Chain Restaurant without Liquor,1,0,0,1,0,0
201009270008,201009270008,client_id,11/4/2025,Comprehensive,212-Chain Restaurant without Liquor,3,0,2,1,0,0
201308070004,201308070004,client_id,8/25/2025,Comprehensive,212-Chain Restaurant without Liquor,3,0,0,3,0,0
201308070004,201308070004,client_id,8/27/2026,Comprehensive,212-Chain Restaurant without Liquor,3,0,0,3,0,0
201709200003,201709200003,client_id,11/12/2025,Complaint,212-Chain Restaurant without Liquor,1,0,0,1,0,0
201904160001,201904160001,client_id,11/21/2025,Comprehensive,212-Chain Restaurant without Liquor,5,1,1,3,0,1
201904160001,201904160001,client_id,12/15/2025,Reinspection,212-Chain Restaurant without Liquor,0,0,0,0,0,0
202101150004,202101150004,client_id,12/18/2025,Comprehensive,212-Chain Restaurant without Liquor,10,2,2,6,0,2
202101150004,202101150004,client_id,1/7/2026,Reinspection,212-Chain Restaurant without Liquor,2,1,0,1,0,1
202101150004,202101150004,client_id,5/5/2026,Complaint,212-Chain Restaurant without Liquor,4,1,0,3,0,1
202101150004,202101150004,client_id,6/18/2026,Reinspection,212-Chain Restaurant without Liquor,1,0,0,1,0,0
FSP-PERM-202603100157,,unlinked,4/13/2026,Comprehensive,212-Chain Restaurant w/o Liquor,2,0,0,2,0,0
8488,,unlinked,7/6/2026,Comprehensive,201-Restaurant with Liquor,11,4,2,5,0,5
8488,,unlinked,7/20/2026,Reinspection,201-Restaurant with Liquor,1,1,0,0,0,1
202101150002,202101150002,client_id,11/25/2025,Comprehensive,201-Restaurant with Liquor,0,0,0,0,0,0
FSP-PERM-202511210325,,unlinked,11/21/2025,Comprehensive,211-Restaurant w/o Liquor,7,0,0,7,0,0
201902150002,201902150002,client_id,1/21/2026,Comprehensive,212-Chain Restaurant without Liquor,8,0,1,7,0,0
202308040005,202308040005,client_id,8/26/2025,Reinspection,211-Restaurant without Liquor,0,0,0,0,0,0
200012180002,200012180002,client_id,9/4/2025,Comprehensive,212-Chain Restaurant without Liquor,5,1,1,4,0,1
200012180002,200012180002,client_id,11/24/2025,Complaint,212-Chain Restaurant without Liquor,0,0,0,0,0,0
200012180002,200012180002,client_id,6/26/2026,Comprehensive,212-Chain Restaurant without Liquor,4,0,1,3,0,0
201511190002,201511190002,client_id,12/11/2025,Comprehensive,212-Chain Restaurant without Liquor,3,1,0,3,0,2
10850,10850,client_id,12/2/2025,Comprehensive,212-Chain Restaurant without Liquor,3,0,0,4,0,0
7917,,unlinked,9/2/2025,Comprehensive,212-Chain Restaurant without Liquor,6,0,0,6,0,0
8799,,unlinked,10/2/2025,Comprehensive,212-Chain Restaurant without Liquor,4,0,0,4,0,0
8799,,unlinked,5/18/2026,Complaint,212-Chain Restaurant without Liquor,3,0,0,3,0,0
8799,,unlinked,6/23/2026,Complaint,212-Chain Restaurant without Liquor,0,0,0,0,0,0
43574,43574,client_id,1/14/2025,Comprehensive,212-Chain Restaurant without Liquor,1,0,0,1,0,0
43574,43574,client_id,2/2/2026,Comprehensive,212-Chain Restaurant without Liquor,6,1,0,5,0,1
10853,10853,client_id,10/6/2025,Comprehensive,212-Chain Restaurant without Liquor,5,1,1,3,0,1
10853,10853,client_id,5/4/2026,Complaint,212-Chain Restaurant without Liquor,0,0,0,0,0,0
201006220011,201006220011,client_id,12/16/2025,Comprehensive,211-Restaurant without Liquor,2,1,0,1,0,1
49288,49288,client_id,12/22/2025,Comprehensive,211-Restaurant without Liquor,8,1,3,5,0,1
200205070003,200205070003,client_id,4/14/2026,Comprehensive,211-Restaurant without Liquor,4,1,1,3,0,2
200609080001,200609080001,client_id,12/16/2025,Comprehensive,211-Restaurant without Liquor,3,0,0,3,0,0
201304090001,201304090001,client_id,11/13/2025,Comprehensive,212-Chain Restaurant without Liquor,3,0,0,3,0,0
201210160003,201210160003,client_id,9/11/2025,Service Request,211-Restaurant without Liquor,10,0,0,10,0,0
201210160003,201210160003,client_id,5/21/2026,Comprehensive,211-Restaurant without Liquor,13,0,5,8,0,0
201210160003,201210160003,client_id,5/26/2026,Complaint,211-Restaurant without Liquor,5,1,2,3,0,1
201912040002,201912040002,client_id,10/20/2025,Comprehensive,202-Chain Restaurant with Liquor,13,3,4,9,0,4
201912040002,201912040002,client_id,6/23/2026,Comprehensive,202-Chain Restaurant with Liquor,10,1,3,6,0,1
201912040002,201912040002,client_id,7/17/2026,Reinspection,202-Chain Restaurant with Liquor,1,0,0,1,0,0
200307070001,200307070001,client_id,12/2/2025,Comprehensive,202-Chain Restaurant with Liquor,5,0,1,4,0,0
202307130004,202307130004,client_id,1/29/2026,Comprehensive,211-Restaurant without Liquor,2,0,0,2,0,0
202304040001,202304040001,client_id,8/19/2025,Reinspection,212-Chain Restaurant without Liquor,1,0,0,1,0,0
202304040001,202304040001,client_id,7/20/2026,Comprehensive,212-Chain Restaurant without Liquor,13,2,4,8,0,2
202304040001,202304040001,client_id,8/13/2026,Reinspection,212-Chain Restaurant without Liquor,3,2,1,0,0,2
202211170005,202211170005,client_id,3/10/2026,Comprehensive,211-Restaurant without Liquor,8,0,2,6,0,0
202407010004,202407010004,client_id,2/3/2026,Comprehensive,201-Restaurant with Liquor,10,1,2,6,0,1
8581,,unlinked,2/19/2026,Comprehensive,201-Restaurant with Liquor,13,1,3,10,0,1
202002190002,202002190002,client_id,5/14/2026,Comprehensive,211-Restaurant without Liquor,8,1,0,8,0,2
201910250003,201910250003,client_id,5/21/2026,Comprehensive,212-Chain Restaurant without Liquor,2,0,1,1,0,0
201005280001,201005280001,client_id,4/2/2026,Comprehensive,211-Restaurant without Liquor,8,0,3,5,0,0
201409160002,201409160002,client_id,11/19/2025,Comprehensive,212-Chain Restaurant without Liquor,7,0,0,7,0,0
202011060001,202011060001,client_id,11/19/2025,Comprehensive,212-Chain Restaurant without Liquor,11,0,0,11,0,0
FSP-PERM-202511140298,,unlinked,11/17/2025,Pre-Operational,212-Chain Restaurant w/o Liquor,3,0,1,3,0,0
FSP-PERM-202511140298,,unlinked,1/8/2026,Comprehensive,212-Chain Restaurant w/o Liquor,4,0,0,4,0,0
200010060004,200010060004,client_id,10/9/2025,Comprehensive,211-Restaurant without Liquor,1,0,0,1,0,0
202306140003,202306140003,client_id,10/8/2025,Comprehensive,211-Restaurant without Liquor,3,0,0,3,0,0
201111170002,201111170002,client_id,9/26/2025,Comprehensive,212-Chain Restaurant without Liquor,1,0,0,1,0,0
201609290001,201609290001,client_id,10/6/2025,Comprehensive,212-Chain Restaurant without Liquor,4,0,0,4,0,0
201609290001,201609290001,client_id,8/17/2026,Comprehensive,212-Chain Restaurant without Liquor,2,0,0,2,0,0
202207270002,202207270002,client_id,1/8/2026,Comprehensive,211-Restaurant without Liquor,6,0,2,4,0,0
202207270002,202207270002,client_id,6/15/2026,Comprehensive,211-Restaurant without Liquor,16,3,3,11,0,4
202207270002,202207270002,client_id,6/29/2026,Service Request,211-Restaurant without Liquor,0,0,0,0,0,0
200412170007,200412170007,client_id,9/8/2025,Comprehensive,212-Chain Restaurant without Liquor,14,3,5,7,0,3
200808180003,200808180003,client_id,12/1/2025,Comprehensive,201-Restaurant with Liquor,12,0,3,9,0,0
200808180003,200808180003,client_id,7/27/2026,Complaint,201-Restaurant with Liquor,1,0,0,1,0,0
201009080003,201009080003,client_id,8/19/2025,Comprehensive,212-Chain Restaurant without Liquor,6,3,0,3,0,3
201009080003,201009080003,client_id,7/29/2026,Comprehensive,212-Chain Restaurant without Liquor,4,0,1,4,0,0
202307110003,202307110003,client_id,7/24/2026,Reinspection,211-Restaurant without Liquor,6,0,3,3,0,0
201605190009,201605190009,client_id,11/24/2025,Comprehensive,212-Chain Restaurant without Liquor,14,2,2,10,0,2
201605190009,201605190009,client_id,12/30/2025,Reinspection,212-Chain Restaurant without Liquor,4,0,0,4,0,0
201605190009,201605190009,client_id,6/22/2026,Comprehensive,212-Chain Restaurant without Liquor,16,1,5,10,0,1
200107160003,200107160003,client_id,8/15/2025,Reinspection,201-Restaurant with Liquor,0,0,0,0,0,0
200107160003,200107160003,client_id,5/14/2026,Comprehensive,201-Restaurant with Liquor,12,0,3,10,0,0
202003110005,202003110005,client_id,1/12/2026,Comprehensive,211-Restaurant without Liquor,6,0,1,5,0,0
202407290004,202407290004,client_id,8/25/2025,Comprehensive,212-Chain Restaurant without Liquor,8,0,4,5,0,0
30663,30663,client_id,8/27/2025,Comprehensive,211-Restaurant without Liquor,9,0,0,9,0,0
201001060023,201001060023,client_id,10/17/2025,Comprehensive,212-Chain Restaurant without Liquor,5,0,1,5,0,0
201711170008,201711170008,client_id,9/17/2025,Comprehensive,202-Chain Restaurant with Liquor,9,2,1,9,0,4
201711170008,201711170008,client_id,10/3/2025,Reinspection,202-Chain Restaurant with Liquor,7,1,0,7,0,2
32160,32160,client_id,4/1/2026,Comprehensive,201-Restaurant with Liquor,5,0,2,3,0,0
201808030001,201808030001,client_id,2/26/2026,Comprehensive,211-Restaurant without Liquor,4,1,0,4,0,2
201511020014,201511020014,client_id,1/16/2026,Comprehensive,211-Restaurant without Liquor,6,0,1,5,0,0
FSP-PERM-202601160039,,unlinked,1/16/2026,Comprehensive,201-Restaurant w/Liquor,9,0,2,7,0,0
FSP-PERM-202605310332,,unlinked,7/1/2026,Comprehensive,211-Restaurant w/o Liquor,3,0,0,3,0,0
202407150006,202407150006,client_id,12/17/2025,Comprehensive,211-Restaurant without Liquor,0,0,0,0,0,0
201512160005,201512160005,client_id,3/24/2026,Comprehensive,211-Restaurant without Liquor,3,0,0,3,0,0
FSP-PERM-202602190117,,unlinked,2/19/2026,Change of Ownership,211-Restaurant w/o Liquor,10,1,1,8,0,1
FSP-PERM-202602190117,,unlinked,4/28/2026,Comprehensive,211-Restaurant w/o Liquor,5,1,0,4,0,1
202305010006,202305010006,client_id,2/19/2026,Comprehensive,212-Chain Restaurant without Liquor,5,1,2,3,0,2
202305010006,202305010006,client_id,3/5/2026,Reinspection,212-Chain Restaurant without Liquor,1,0,0,1,0,0
202305010006,202305010006,client_id,8/14/2026,Service Request,212-Chain Restaurant without Liquor,1,0,0,1,0,0
201002220010,201002220010,client_id,1/6/2026,Comprehensive,201-Restaurant with Liquor,17,2,9,11,0,4
201002220010,201002220010,client_id,1/14/2026,Reinspection,201-Restaurant with Liquor,5,1,1,4,0,2
201002220010,201002220010,client_id,8/5/2026,Comprehensive,201-Restaurant with Liquor,9,2,1,7,0,3
FSP-PERM-202512230491,202210070007,same_address_record,5/7/2026,Comprehensive,211-Restaurant w/o Liquor,8,2,1,5,0,2
200701180001,200701180001,client_id,9/15/2025,Comprehensive,211-Restaurant without Liquor,10,1,1,8,0,1
200701180001,200701180001,client_id,9/23/2025,Reinspection,211-Restaurant without Liquor,0,0,0,0,0,0
200701180001,200701180001,client_id,9/30/2025,Service Request,211-Restaurant without Liquor,1,0,0,1,0,0
202207210005,202207210005,client_id,10/28/2025,Comprehensive,211-Restaurant without Liquor,9,1,4,4,0,1
6538,,unlinked,9/18/2025,Complaint,211-Restaurant without Liquor,0,0,0,0,0,0
6538,,unlinked,5/7/2026,Comprehensive,211-Restaurant without Liquor,6,1,0,6,0,2
202106240009,202106240009,client_id,9/4/2025,Comprehensive,201-Restaurant with Liquor,6,1,1,4,0,1
202405240003,202405240003,client_id,7/6/2026,Comprehensive,211-Restaurant without Liquor,9,1,0,8,0,1
FSP-PERM-202601120028,,unlinked,3/25/2026,Comprehensive,201-Restaurant w/Liquor,5,1,0,5,0,1
202506250001,202506250001,client_id,9/25/2025,Comprehensive,211-Restaurant without Liquor,14,2,4,9,0,2
202506250001,202506250001,client_id,10/3/2025,Reinspection,211-Restaurant without Liquor,5,0,2,3,0,0
200612280006,200612280006,client_id,4/15/2026,Comprehensive,211-Restaurant without Liquor,7,0,3,4,0,0
201503040001,201503040001,client_id,9/25/2025,Comprehensive,211-Restaurant without Liquor,12,3,1,9,0,4
201503040001,201503040001,client_id,10/9/2025,Reinspection,211-Restaurant without Liquor,0,1,0,1,0,0
201109270002,201109270002,client_id,9/15/2025,Comprehensive,201-Restaurant with Liquor,2,0,0,2,0,0
200709100001,200709100001,client_id,2/10/2026,Comprehensive,211-Restaurant without Liquor,8,0,0,8,0,0
202302140009,202302140009,client_id,1/12/2026,Comprehensive,211-Restaurant without Liquor,7,0,3,4,0,0
55629,55629,client_id,8/13/2025,Comprehensive,212-Chain Restaurant without Liquor,6,0,0,6,0,0
55629,55629,client_id,8/19/2025,Service Request,212-Chain Restaurant without Liquor,0,0,0,0,0,0
FSP-PERM-202510310259,,unlinked,2/18/2026,Reinspection,211-Restaurant w/o Liquor,2,0,0,2,0,0
FSP-PERM-202510310259,,unlinked,8/21/2026,Reinspection,211-Restaurant w/o Liquor,6,2,1,4,0,3
FSP-PERM-202510310259,,unlinked,9/1/2026,Reinspection,211-Restaurant w/o Liquor,8,2,0,8,0,4
FSP-PERM-202510160201,,unlinked,10/16/2025,Pre-Operational,201-Restaurant w/Liquor,5,0,0,5,0,0
FSP-PERM-202510160201,,unlinked,1/2/2026,Comprehensive,201-Restaurant w/Liquor,9,2,4,5,0,3
FSP-PERM-202510160201,,unlinked,1/23/2026,Reinspection,201-Restaurant w/Liquor,0,0,0,0,0,0
202211290001,202211290001,client_id,10/1/2025,Comprehensive,201-Restaurant with Liquor,5,0,0,5,0,0
201412050001,201412050001,client_id,9/2/2025,Comprehensive,212-Chain Restaurant without Liquor,2,0,0,2,0,0
201811090001,201811090001,client_id,12/5/2025,Complaint,212-Chain Restaurant without Liquor,0,0,0,0,0,0
201811090001,201811090001,client_id,4/15/2026,Comprehensive,212-Chain Restaurant without Liquor,4,0,0,4,0,0
202404180001,202404180001,client_id,10/20/2025,Comprehensive,211-Restaurant without Liquor,2,0,0,2,0,0
53478,53478,client_id,6/25/2026,Comprehensive,211-Restaurant without Liquor,5,0,1,6,0,0
201610140007,201610140007,client_id,9/9/2025,Comprehensive,211-Restaurant without Liquor,7,0,2,5,0,0
201610140007,201610140007,client_id,8/20/2026,Comprehensive,211-Restaurant without Liquor,9,2,2,6,0,2
201610140007,201610140007,client_id,9/8/2026,Reinspection,211-Restaurant without Liquor,4,0,1,3,0,0
200906250002,200906250002,client_id,2/25/2025,Comprehensive,212-Chain Restaurant without Liquor,4,0,0,4,0,0
200906250002,200906250002,client_id,11/19/2025,Complaint,212-Chain Restaurant without Liquor,0,0,0,0,0,0
200906250002,200906250002,client_id,1/28/2026,Comprehensive,212-Chain Restaurant without Liquor,11,2,3,8,0,3
200906250002,200906250002,client_id,2/5/2026,Complaint,212-Chain Restaurant without Liquor,3,0,1,1,1,0
200906250002,200906250002,client_id,6/2/2026,Comprehensive,212-Chain Restaurant without Liquor,14,2,5,8,0,2
200906250002,200906250002,client_id,6/16/2026,Reinspection,212-Chain Restaurant without Liquor,4,0,0,4,0,0
202305300006,202305300006,client_id,1/15/2026,Comprehensive,211-Restaurant without Liquor,9,2,1,6,0,2
202305300006,202305300006,client_id,2/10/2026,Reinspection,211-Restaurant without Liquor,5,0,0,5,0,0
202305300006,202305300006,client_id,7/29/2026,Comprehensive,211-Restaurant without Liquor,10,2,3,7,0,3
202305300006,202305300006,client_id,8/11/2026,Partial Reinspection,211-Restaurant without Liquor,1,0,0,1,0,0
202311020001,202311020001,client_id,9/22/2025,Comprehensive,212-Chain Restaurant without Liquor,1,0,1,0,0,0
202311020001,202311020001,client_id,8/6/2026,Comprehensive,212-Chain Restaurant without Liquor,0,0,0,0,0,0
201011040005,201011040005,client_id,5/29/2026,Comprehensive,212-Chain Restaurant without Liquor,10,2,2,8,0,3
45543,45543,client_id,8/19/2025,Comprehensive,201-Restaurant with Liquor,10,1,2,9,0,1
45543,45543,client_id,9/22/2025,Reinspection,201-Restaurant with Liquor,8,0,1,8,0,0
45543,45543,client_id,3/2/2026,Comprehensive,201-Restaurant with Liquor,10,1,2,8,0,1
45543,45543,client_id,3/10/2026,Reinspection,201-Restaurant with Liquor,6,0,1,5,0,0
FSP-PERM-202512080420,,unlinked,4/1/2026,Comprehensive,"211-Restaurant w/o Liquor,112-Chain Supermarket",4,1,3,1,0,2
FSP-PERM-202512080420,,unlinked,9/21/2026,Service Request,"211-Restaurant w/o Liquor,112-Chain Supermarket",0,0,0,0,0,0
202005060001,202005060001,client_id,4/13/2026,Comprehensive,201-Restaurant with Liquor,7,1,1,5,0,1
8103,,unlinked,5/29/2026,Comprehensive,201-Restaurant with Liquor,7,0,0,7,0,0
202204150002,202204150002,client_id,9/4/2025,Comprehensive,211-Restaurant without Liquor,7,3,3,2,0,3
202204150002,202204150002,client_id,9/29/2025,Reinspection,211-Restaurant without Liquor,1,0,0,1,0,0
202204150002,202204150002,client_id,2/2/2026,Comprehensive,211-Restaurant without Liquor,6,2,0,6,0,4
201001190004,201001190004,client_id,1/21/2026,Comprehensive,212-Chain Restaurant without Liquor,10,0,0,10,0,0
201304050001,201304050001,client_id,2/5/2026,Comprehensive,202-Chain Restaurant with Liquor,11,0,4,7,0,0
44592,44592,client_id,10/22/2025,Comprehensive,212-Chain Restaurant without Liquor,1,0,0,1,0,0
201501140006,201501140006,client_id,7/27/2026,Comprehensive,201-Restaurant with Liquor,0,0,0,0,0,0
201708140004,201708140004,client_id,11/26/2025,Comprehensive,202-Chain Restaurant with Liquor,18,2,6,12,0,3
201708140004,201708140004,client_id,12/10/2025,Reinspection,202-Chain Restaurant with Liquor,1,0,0,1,0,0
201905290001,201905290001,client_id,10/24/2025,Comprehensive,202-Chain Restaurant with Liquor,4,0,1,4,0,0
201809190003,201809190003,client_id,8/28/2025,Comprehensive,212-Chain Restaurant without Liquor,3,1,1,1,0,1
201809190003,201809190003,client_id,6/11/2026,Comprehensive,212-Chain Restaurant without Liquor,11,0,1,10,0,0
201306130002,201306130002,client_id,6/12/2026,Comprehensive,202-Chain Restaurant with Liquor,5,0,2,3,0,0
201611080002,201611080002,client_id,1/16/2026,Comprehensive,201-Restaurant with Liquor,3,0,1,2,0,0
202507010002,202507010002,client_id,10/23/2025,Comprehensive,211-Restaurant without Liquor,2,1,1,0,0,2
201406110001,201406110001,client_id,10/14/2025,Comprehensive,201-Restaurant with Liquor,15,4,3,12,0,7
201406110001,201406110001,client_id,11/12/2025,Reinspection,201-Restaurant with Liquor,7,2,2,4,0,3
201406110001,201406110001,client_id,7/13/2026,Comprehensive,201-Restaurant with Liquor,13,2,6,5,0,2
201406110001,201406110001,client_id,7/29/2026,Reinspection,201-Restaurant with Liquor,2,0,0,2,0,0
FSP-PERM-202509230136,,unlinked,7/21/2026,Comprehensive,"211-Restaurant w/o Liquor,203-Banquet Halls",19,3,7,10,0,4
FSP-PERM-202509230136,,unlinked,8/6/2026,Reinspection,"211-Restaurant w/o Liquor,203-Banquet Halls",8,1,4,3,0,1
201202070001,201202070001,client_id,9/17/2025,Comprehensive,201-Restaurant with Liquor,8,2,0,6,0,2
FSP-PERM-202511250337,,unlinked,12/4/2025,Comprehensive,212-Chain Restaurant without Liquor,0,0,0,0,0,0
201803070009,201803070009,client_id,11/5/2025,Comprehensive,212-Chain Restaurant without Liquor,9,2,1,6,0,2
202406050002,202406050002,client_id,10/15/2025,Comprehensive,212-Chain Restaurant without Liquor,4,0,0,4,0,0
200805010002,200805010002,client_id,8/28/2025,Comprehensive,211-Restaurant without Liquor,10,1,3,8,0,2
201608080003,201608080003,client_id,9/22/2025,Comprehensive,212-Chain Restaurant without Liquor,4,0,0,4,0,0
201608080003,201608080003,client_id,7/16/2026,Complaint,212-Chain Restaurant without Liquor,1,0,0,1,0,0
201608080003,201608080003,client_id,8/10/2026,Comprehensive,212-Chain Restaurant without Liquor,6,0,1,5,0,0
201608080003,201608080003,client_id,8/26/2026,Reinspection,212-Chain Restaurant without Liquor,5,0,1,4,0,0
201701260006,201701260006,client_id,1/12/2026,Comprehensive,212-Chain Restaurant without Liquor,0,0,0,0,0,0
201608300012,201608300012,client_id,4/13/2026,Comprehensive,212-Chain Restaurant without Liquor,15,0,3,12,0,0
200303130002,200303130002,client_id,10/8/2025,Comprehensive,201-Restaurant with Liquor,6,0,0,6,0,0
49797,49797,client_id,2/12/2026,Comprehensive,201-Restaurant with Liquor,8,1,1,6,0,1
49797,49797,client_id,2/20/2026,Reinspection,201-Restaurant with Liquor,3,0,0,3,0,0
53422,53422,client_id,4/15/2026,Comprehensive,201-Restaurant with Liquor,11,1,4,7,0,1
202505210004,202505210004,client_id,8/14/2025,Comprehensive,211-Restaurant without Liquor,2,0,2,0,0,0
202505210004,202505210004,client_id,7/14/2026,Comprehensive,211-Restaurant without Liquor,2,0,0,2,0,0
202103050006,202103050006,client_id,12/4/2025,Comprehensive,211-Restaurant without Liquor,10,0,3,8,0,0
202106300003,202106300003,client_id,4/7/2026,Comprehensive,211-Restaurant without Liquor,5,2,1,2,0,3
202209130001,202209130001,client_id,7/20/2026,Comprehensive,211-Restaurant without Liquor,13,1,4,9,0,1
202209130001,202209130001,client_id,8/6/2026,Reinspection,211-Restaurant without Liquor,3,1,1,1,0,1
202306070008,202306070008,client_id,6/24/2026,Comprehensive,211-Restaurant without Liquor,4,0,0,4,0,0
201407250003,201407250003,client_id,11/24/2025,Comprehensive,211-Restaurant without Liquor,7,2,1,4,0,2
201911120001,201911120001,client_id,12/11/2025,Comprehensive,201-Restaurant with Liquor,13,1,2,10,0,1
201911120001,201911120001,client_id,4/9/2026,Complaint,201-Restaurant with Liquor,6,1,2,3,0,1
201001270018,201001270018,client_id,6/11/2026,Comprehensive,211-Restaurant without Liquor,5,0,0,5,0,0
201001270017,201001270017,client_id,6/11/2026,Comprehensive,211-Restaurant without Liquor,2,0,0,2,0,0
201001270014,201001270014,client_id,6/11/2026,Comprehensive,201-Restaurant with Liquor,11,2,1,10,0,3
201001270014,201001270014,client_id,8/31/2026,Reinspection,201-Restaurant with Liquor,4,1,0,4,0,1
200007310002,200007310002,client_id,9/10/2025,Comprehensive,212-Chain Restaurant without Liquor,4,0,0,4,0,0
200007310002,200007310002,client_id,5/28/2026,Complaint,212-Chain Restaurant without Liquor,2,0,0,2,0,0
200007310002,200007310002,client_id,8/3/2026,Comprehensive,212-Chain Restaurant without Liquor,7,0,0,7,0,0
44590,44590,client_id,9/17/2025,Comprehensive,212-Chain Restaurant without Liquor,6,1,0,5,0,1
44590,44590,client_id,11/4/2025,Complaint,212-Chain Restaurant without Liquor,2,0,2,0,0,0
44590,44590,client_id,4/8/2026,Reinspection,212-Chain Restaurant without Liquor,7,0,0,7,0,0
44590,44590,client_id,3/26/2026,Complaint,212-Chain Restaurant without Liquor,14,2,1,13,0,3
44590,44590,client_id,7/14/2026,Comprehensive,212-Chain Restaurant without Liquor,4,0,1,3,0,0
56999,56999,client_id,1/8/2025,Comprehensive,212-Chain Restaurant without Liquor,8,1,1,7,0,2
56999,56999,client_id,8/20/2025,Complaint,212-Chain Restaurant without Liquor,9,0,1,8,0,0
56999,56999,client_id,8/26/2025,Reinspection,212-Chain Restaurant without Liquor,0,0,0,0,0,0
56999,56999,client_id,9/4/2025,Reinspection,212-Chain Restaurant without Liquor,9,1,0,8,0,1
56999,56999,client_id,4/9/2026,Comprehensive,212-Chain Restaurant without Liquor,4,0,0,4,0,0
38746,38746,client_id,10/7/2025,Complaint,212-Chain Restaurant without Liquor,6,0,1,5,0,0
38746,38746,client_id,2/10/2026,Comprehensive,212-Chain Restaurant without Liquor,7,0,1,6,0,0
38746,38746,client_id,6/30/2026,Complaint,212-Chain Restaurant without Liquor,1,1,0,0,0,1
200106110001,200106110001,client_id,10/7/2025,Complaint,212-Chain Restaurant without Liquor,6,0,0,6,0,0
200106110001,200106110001,client_id,10/21/2025,Reinspection,212-Chain Restaurant without Liquor,3,0,0,3,0,0
200106110001,200106110001,client_id,11/25/2025,Comprehensive,212-Chain Restaurant without Liquor,13,1,5,9,0,1
200106110001,200106110001,client_id,12/8/2025,Service Request,212-Chain Restaurant without Liquor,0,0,0,0,0,0
200106110001,200106110001,client_id,3/2/2026,Reinspection,212-Chain Restaurant without Liquor,7,1,0,6,0,1
200106110001,200106110001,client_id,6/23/2026,Comprehensive,212-Chain Restaurant without Liquor,13,1,1,10,0,1
FSP-PERM-202601280056,,unlinked,1/28/2026,Change of Ownership,211-Restaurant w/o Liquor,4,0,0,4,0,0
FSP-PERM-202601280056,,unlinked,3/25/2026,Comprehensive,211-Restaurant w/o Liquor,7,1,0,6,0,1
201802050007,201802050007,client_id,3/27/2026,Comprehensive,211-Restaurant without Liquor,9,0,4,5,0,0
200509290005,200509290005,client_id,8/4/2026,Comprehensive,119-Mobile (Tier 1,0,0,0,0,0,0
200309100006,200309100006,client_id,8/20/2025,Comprehensive,211-Restaurant without Liquor,2,0,0,2,0,0
200309100006,200309100006,client_id,8/4/2026,Comprehensive,211-Restaurant without Liquor,2,0,0,1,0,0
FSP-PERM-202508190043,,unlinked,9/26/2025,Comprehensive,201-Restaurant w/Liquor,13,4,3,8,0,4
FSP-PERM-202508190043,,unlinked,10/15/2025,Reinspection,201-Restaurant w/Liquor,0,0,0,0,0,0
FSP-PERM-202508190043,,unlinked,12/5/2025,Complaint,201-Restaurant w/Liquor,0,0,0,0,0,0
202005040002,202005040002,client_id,2/25/2026,Comprehensive,211-Restaurant without Liquor,11,1,1,10,0,3
202005040002,202005040002,client_id,3/12/2026,Reinspection,211-Restaurant without Liquor,9,1,2,6,0,1
201805110003,201805110003,client_id,9/8/2025,Comprehensive,212-Chain Restaurant without Liquor,1,0,0,1,0,0
201805110003,201805110003,client_id,8/4/2026,Comprehensive,212-Chain Restaurant without Liquor,1,0,0,1,0,0
202002100005,202002100005,client_id,2/17/2026,Comprehensive,211-Restaurant without Liquor,6,0,2,5,0,0
202309130003,202309130003,client_id,9/17/2025,Comprehensive,202-Chain Restaurant with Liquor,7,0,1,6,0,0
202309130003,202309130003,client_id,10/27/2025,Reinspection,202-Chain Restaurant with Liquor,3,0,1,2,0,0
202309130003,202309130003,client_id,3/31/2026,Comprehensive,202-Chain Restaurant with Liquor,8,0,1,7,0,0
FSP-PERM-202603250204,201603280011,same_address_record,3/25/2026,Pre-Operational,211-Restaurant w/o Liquor,9,0,1,8,0,0
FSP-PERM-202603250204,201603280011,same_address_record,6/22/2026,Comprehensive,211-Restaurant w/o Liquor,15,4,3,13,0,7
FSP-PERM-202603250204,201603280011,same_address_record,8/3/2026,Reinspection,211-Restaurant w/o Liquor,5,2,2,3,0,3
FSP-PERM-202603250204,201603280011,same_address_record,9/8/2026,Reinspection,211-Restaurant w/o Liquor,2,0,0,2,0,0
FSP-PERM-202603250204,201603280011,same_address_record,9/22/2026,Administrative Action,211-Restaurant w/o Liquor,0,0,0,0,0,0
202503240003,202503240003,client_id,11/13/2025,Comprehensive,211-Restaurant without Liquor,7,1,3,3,0,1
202503240003,202503240003,client_id,5/18/2026,Complaint,211-Restaurant without Liquor,0,1,0,1,0,1
202503240003,202503240003,client_id,5/26/2026,Reinspection,211-Restaurant without Liquor,0,0,0,0,0,0
FSP-PERM-202508150039,,unlinked,8/15/2025,Pre-Operational,211-Restaurant w/o Liquor,5,0,0,5,0,0
FSP-PERM-202508150039,,unlinked,1/13/2026,Comprehensive,211-Restaurant w/o Liquor,9,1,4,6,0,1
202505070002,202505070002,client_id,5/18/2026,Comprehensive,211-Restaurant without Liquor,2,0,0,1,1,0
202505070002,202505070002,client_id,5/19/2026,Partial Reinspection,211-Restaurant without Liquor,0,0,0,0,0,0
202505070002,202505070002,client_id,7/7/2026,Reinspection,211-Restaurant without Liquor,0,0,0,0,0,0
202111180003,202111180003,client_id,10/14/2025,Service Request,201-Restaurant with Liquor,0,0,0,0,0,0
202111180003,202111180003,client_id,1/16/2026,Comprehensive,201-Restaurant with Liquor,0,0,0,0,0,0
202203220001,202203220001,client_id,12/16/2025,Comprehensive,211-Restaurant without Liquor,7,0,1,6,0,0
7034,,unlinked,2/20/2026,Comprehensive,201-Restaurant with Liquor,9,2,2,6,0,2
7034,,unlinked,2/27/2026,Reinspection,201-Restaurant with Liquor,1,0,0,1,0,0
FSP-PERM-202510290250,,unlinked,10/29/2025,Pre-Operational,211-Restaurant w/o Liquor,2,0,0,2,0,0
FSP-PERM-202510290250,,unlinked,12/5/2025,Comprehensive,211-Restaurant w/o Liquor,1,0,0,1,0,0
202503050005,202503050005,client_id,7/9/2026,Comprehensive,211-Restaurant without Liquor,5,1,1,3,0,1
201007300004,201007300004,client_id,4/9/2026,Comprehensive,201-Restaurant with Liquor,14,2,3,11,0,3
201007300004,201007300004,client_id,4/29/2026,Reinspection,201-Restaurant with Liquor,7,0,1,6,0,0
202410150002,202410150002,client_id,12/8/2025,Comprehensive,211-Restaurant without Liquor,11,1,3,7,0,1
200910070011,200910070011,client_id,2/26/2026,Comprehensive,212-Chain Restaurant without Liquor,3,1,0,3,0,2
202211020005,202211020005,client_id,1/28/2026,Comprehensive,211-Restaurant w/o Liquor,4,0,0,4,0,0
202109100001,202109100001,client_id,12/1/2025,Comprehensive,212-Chain Restaurant without Liquor,6,0,1,5,0,0
201510290011,201510290011,client_id,4/30/2026,Renovation,212-Chain Restaurant without Liquor,5,0,0,5,0,0
201510290011,201510290011,client_id,5/1/2026,Reinspection,212-Chain Restaurant without Liquor,0,0,0,0,0,0
201712040007,201712040007,client_id,12/3/2025,Comprehensive,202-Chain Restaurant with Liquor,8,2,3,5,0,3
201712040007,201712040007,client_id,12/8/2025,Reinspection,202-Chain Restaurant with Liquor,0,0,0,0,0,0
200703270001,200703270001,client_id,2/18/2026,Comprehensive,202-Chain Restaurant with Liquor,11,2,0,10,0,3
200703270001,200703270001,client_id,2/20/2026,Reinspection,202-Chain Restaurant with Liquor,1,1,0,0,0,1
201803230001,201803230001,client_id,9/4/2025,Comprehensive,201-Restaurant with Liquor,4,0,0,4,0,0
201803230001,201803230001,client_id,7/31/2026,Comprehensive,201-Restaurant with Liquor,8,3,1,5,0,4
202012180001,202012180001,client_id,6/24/2026,Comprehensive,202-Chain Restaurant with Liquor,9,1,2,7,0,1
202012180001,202012180001,client_id,8/18/2026,Foodborne Illness,202-Chain Restaurant with Liquor,4,2,2,0,0,2
202012180001,202012180001,client_id,8/19/2026,Reinspection,202-Chain Restaurant with Liquor,3,1,2,0,0,1
200811040010,200811040010,client_id,7/17/2026,Service Request,201-Restaurant with Liquor,0,0,0,0,0,0
202005260001,202005260001,client_id,4/7/2026,Comprehensive,211-Restaurant without Liquor,11,3,3,7,0,4
200104250001,200104250001,client_id,10/31/2025,Complaint,201-Restaurant with Liquor,0,0,0,0,0,0
200104250001,200104250001,client_id,4/7/2026,Comprehensive,201-Restaurant with Liquor,7,1,1,6,0,2
202508060007,202508060007,client_id,11/3/2025,Comprehensive,211-Restaurant without Liquor,0,0,0,0,0,0
201510260001,201510260001,client_id,9/24/2025,Comprehensive,201-Restaurant with Liquor,9,3,2,5,0,4
202306220004,202306220004,client_id,6/16/2026,Comprehensive,211-Restaurant without Liquor,7,0,0,7,0,0
202208310004,202208310004,client_id,1/7/2026,Comprehensive,212-Chain Restaurant without Liquor,15,2,3,12,0,3
202208310004,202208310004,client_id,5/12/2026,Complaint,212-Chain Restaurant without Liquor,2,0,0,2,0,0
202208310004,202208310004,client_id,6/30/2026,Comprehensive,212-Chain Restaurant without Liquor,12,3,2,8,0,2
202208310004,202208310004,client_id,8/27/2026,Reinspection,212-Chain Restaurant without Liquor,3,1,1,1,0,1
200605170001,200605170001,client_id,4/7/2026,Reinspection,202-Chain Restaurant with Liquor,1,0,0,1,0,0
200605170001,200605170001,client_id,3/10/2026,Comprehensive,202-Chain Restaurant with Liquor,5,1,0,4,0,1
FSP-PERM-202604270265,,unlinked,4/28/2026,Change of Ownership,211-Restaurant w/o Liquor,16,3,6,10,0,6
FSP-PERM-202604270265,,unlinked,9/22/2026,Pre-Operational,211-Restaurant w/o Liquor,15,4,4,11,0,6
202210040002,202210040002,client_id,2/10/2026,Comprehensive,211-Restaurant without Liquor,12,3,2,7,0,3
202210040002,202210040002,client_id,2/24/2026,Reinspection,211-Restaurant without Liquor,6,0,1,5,0,0
202404250001,202404250001,client_id,2/23/2026,Comprehensive,201-Restaurant with Liquor,11,1,3,8,0,2
202404250001,202404250001,client_id,8/24/2026,Comprehensive,201-Restaurant with Liquor,9,0,3,6,0,0
201411130004,201411130004,client_id,9/24/2025,Comprehensive,211-Restaurant without Liquor,2,0,0,2,0,0
200805160001,200805160001,client_id,1/12/2026,Comprehensive,212-Chain Restaurant without Liquor,3,0,0,3,0,0
202112090001,202112090001,client_id,2/25/2026,Comprehensive,211-Restaurant without Liquor,6,0,1,5,0,0
48939,48939,client_id,1/29/2026,Comprehensive,201-Restaurant with Liquor,6,0,0,6,0,0
8308,,unlinked,4/3/2026,Comprehensive,201-Restaurant with Liquor,3,0,0,3,0,0
201108020003,201108020003,client_id,3/26/2026,Comprehensive,212-Chain Restaurant without Liquor,11,2,3,6,0,2
201407160003,201407160003,client_id,7/10/2026,Comprehensive,201-Restaurant with Liquor,5,0,0,5,0,0
202303080001,202303080001,client_id,10/2/2025,Comprehensive,212-Chain Restaurant without Liquor,12,3,2,7,0,3
202303080001,202303080001,client_id,10/15/2025,Reinspection,212-Chain Restaurant without Liquor,2,2,0,0,0,2
202303080001,202303080001,client_id,10/28/2025,Reinspection,212-Chain Restaurant without Liquor,1,0,1,0,0,0
202303080001,202303080001,client_id,6/16/2026,Comprehensive,212-Chain Restaurant without Liquor,18,3,8,7,0,3
202303080001,202303080001,client_id,6/23/2026,Reinspection,212-Chain Restaurant without Liquor,15,3,5,7,0,3
202303080001,202303080001,client_id,7/21/2026,Reinspection,212-Chain Restaurant without Liquor,11,1,4,6,0,1
202205050003,202205050003,client_id,4/6/2026,Comprehensive,211-Restaurant without Liquor,20,6,8,7,0,7
202205050003,202205050003,client_id,7/30/2026,Reinspection,211-Restaurant without Liquor,18,4,10,7,0,6
202205050003,202205050003,client_id,8/7/2026,Reinspection,211-Restaurant without Liquor,8,1,1,6,0,1
202205050003,202205050003,client_id,9/17/2026,Reinspection,211-Restaurant without Liquor,8,2,4,2,0,2
FSP-PERM-202512290498,,unlinked,12/29/2025,Pre-Operational,212-Chain Restaurant w/o Liquor,1,0,0,1,0,0
FSP-PERM-202512290498,,unlinked,4/22/2026,Comprehensive,212-Chain Restaurant w/o Liquor,4,0,0,4,0,0
FSP-PERM-202512290498,,unlinked,6/9/2026,Complaint,212-Chain Restaurant w/o Liquor,0,0,0,0,0,0
202405080005,202405080005,client_id,11/4/2025,Complaint,212-Chain Restaurant without Liquor,1,0,0,1,0,0
202405080005,202405080005,client_id,6/29/2026,Comprehensive,212-Chain Restaurant without Liquor,3,1,1,1,0,1
FSP-PERM-202511210324,45701,same_address_record,11/21/2025,Change of Ownership,212-Chain Restaurant w/o Liquor,3,0,0,3,0,0
45701,45701,client_id,9/29/2025,Comprehensive,212-Chain Restaurant without Liquor,2,0,0,2,0,0
201306210005,201306210005,client_id,5/12/2026,Comprehensive,212-Chain Restaurant without Liquor,2,0,0,2,0,0
202404010005,202404010005,client_id,6/23/2026,Comprehensive,212-Chain Restaurant without Liquor,7,0,1,6,0,0
201608100001,201608100001,client_id,2/23/2026,Comprehensive,212-Chain Restaurant without Liquor,2,0,0,2,0,0
35402,35402,client_id,9/18/2025,Comprehensive,212-Chain Restaurant without Liquor,7,1,1,5,0,1
35402,35402,client_id,7/13/2026,Complaint,212-Chain Restaurant without Liquor,0,0,0,0,0,0
202203180002,202203180002,client_id,3/17/2026,Comprehensive,212-Chain Restaurant without Liquor,3,0,0,3,0,0
201306070001,201306070001,client_id,1/15/2026,Comprehensive,201-Restaurant with Liquor,7,0,2,5,0,0
201507130005,201507130005,client_id,10/8/2025,Comprehensive,212-Chain Restaurant without Liquor,3,0,0,3,0,0
201507130005,201507130005,client_id,9/22/2026,Comprehensive,212-Chain Restaurant without Liquor,1,0,0,1,0,0
202212200002,202212200002,client_id,9/12/2025,Comprehensive,211-Restaurant without Liquor,7,1,3,4,0,1
202212200002,202212200002,client_id,9/15/2025,Reinspection,211-Restaurant without Liquor,0,0,0,0,0,0
202407120008,202407120008,client_id,9/12/2024,Comprehensive,211-Restaurant without Liquor,14,3,3,9,0,3
202407120008,202407120008,client_id,4/9/2025,Partial Reinspection,211-Restaurant without Liquor,2,1,1,0,0,1
202407120008,202407120008,client_id,1/7/2026,Comprehensive,211-Restaurant without Liquor,11,3,3,8,1,6
202407120008,202407120008,client_id,2/5/2026,Reinspection,211-Restaurant without Liquor,3,2,1,0,0,2
202211220002,202211220002,client_id,1/12/2026,Comprehensive,211-Restaurant without Liquor,12,3,5,6,0,5
202310260004,202310260004,client_id,7/22/2026,Comprehensive,212-Chain Restaurant without Liquor,3,0,0,3,0,0
200912170005,200912170005,client_id,6/18/2026,Comprehensive,201-Restaurant with Liquor,13,2,4,7,0,2
200912170005,200912170005,client_id,7/22/2026,Reinspection,201-Restaurant with Liquor,7,1,1,5,0,1
202308070001,202308070001,client_id,10/28/2025,Comprehensive,211-Restaurant without Liquor,8,0,3,6,0,0
202308070001,202308070001,client_id,7/1/2026,Complaint,211-Restaurant without Liquor,0,0,0,0,0,0
200709250001,200709250001,client_id,2/26/2026,Comprehensive,201-Restaurant with Liquor,15,1,3,12,0,2
200709250001,200709250001,client_id,3/12/2026,Reinspection,201-Restaurant with Liquor,2,1,1,0,0,1
202203010004,202203010004,client_id,9/9/2025,Comprehensive,202-Chain Restaurant with Liquor,12,2,2,9,0,3
FSP-PERM-202601130029,202209280001,same_address_record,1/13/2026,Comprehensive,211-Restaurant w/o Liquor,3,0,0,3,0,0
FSP-PERM-202601130029,202209280001,same_address_record,5/27/2026,Foodborne Illness,211-Restaurant w/o Liquor,15,2,6,7,0,2
FSP-PERM-202601130029,202209280001,same_address_record,6/2/2026,Reinspection,211-Restaurant w/o Liquor,2,0,0,2,0,0
202209280001,202209280001,client_id,12/3/2025,Comprehensive,211-Restaurant without Liquor,15,3,3,9,0,3
202209280001,202209280001,client_id,12/12/2025,Reinspection,211-Restaurant without Liquor,2,1,0,1,0,1
200807010001,200807010001,client_id,2/20/2026,Comprehensive,202-Chain Restaurant with Liquor,3,0,0,3,0,0
200807010001,200807010001,client_id,2/20/2026,Complaint,202-Chain Restaurant with Liquor,1,0,0,1,0,0
200807010001,200807010001,client_id,3/12/2026,Consultation,202-Chain Restaurant with Liquor,0,0,0,0,0,0
202005260002,202005260002,client_id,1/7/2026,Comprehensive,212-Chain Restaurant without Liquor,6,1,0,5,0,1
202302270002,202302270002,client_id,9/5/2025,Comprehensive,201-Restaurant with Liquor,11,1,2,9,0,1
202008270004,202008270004,client_id,3/10/2026,Comprehensive,201-Restaurant with Liquor,11,2,3,6,0,2
201006010003,201006010003,client_id,9/17/2025,Comprehensive,201-Restaurant with Liquor,13,1,3,10,0,1
201006010003,201006010003,client_id,9/17/2025,Complaint,201-Restaurant with Liquor,4,1,2,2,0,1
201006010003,201006010003,client_id,10/29/2025,Reinspection,201-Restaurant with Liquor,0,0,0,0,0,0
202503030008,202503030008,client_id,3/10/2026,Comprehensive,211-Restaurant without Liquor,7,1,0,6,0,1
56660,56660,client_id,7/7/2026,Comprehensive,201-Restaurant with Liquor,11,2,1,9,0,2
201704280013,201704280013,client_id,10/14/2025,Comprehensive,211-Restaurant without Liquor,14,2,2,10,0,3
201704280013,201704280013,client_id,10/28/2025,Reinspection,211-Restaurant without Liquor,1,0,1,1,0,0
201704280013,201704280013,client_id,4/29/2026,Comprehensive,211-Restaurant without Liquor,12,1,2,9,0,1
202405060005,202405060005,client_id,2/13/2026,Comprehensive,201-Restaurant with Liquor,4,0,1,3,0,0
200809250009,200809250009,client_id,10/27/2025,Comprehensive,201-Restaurant with Liquor,17,3,5,9,0,3
200809250009,200809250009,client_id,10/29/2025,Consultation,201-Restaurant with Liquor,0,0,0,0,0,0
200312240001,200312240001,client_id,7/23/2026,Comprehensive,201-Restaurant with Liquor,8,1,0,7,0,1
202503310001,202503310001,client_id,12/1/2025,Comprehensive,211-Restaurant without Liquor,2,0,0,2,0,0
33612,33612,client_id,9/29/2025,Comprehensive,211-Restaurant without Liquor,9,0,1,8,0,0
33612,33612,client_id,8/13/2026,Comprehensive,211-Restaurant without Liquor,7,1,0,6,0,1
202003040001,202003040001,client_id,6/17/2026,Comprehensive,201-Restaurant with Liquor,6,0,2,5,0,0
202308160007,202308160007,client_id,1/30/2026,Comprehensive,211-Restaurant without Liquor,3,0,0,3,0,0
202204180002,202204180002,client_id,10/1/2025,Comprehensive,211-Restaurant without Liquor,12,4,1,9,0,6
202204180002,202204180002,client_id,1/22/2026,Complaint,211-Restaurant without Liquor,2,0,0,2,0,0
201910160001,201910160001,client_id,5/12/2026,Comprehensive,211-Restaurant without Liquor,8,2,1,5,0,2
201910160001,201910160001,client_id,5/19/2026,Reinspection,211-Restaurant without Liquor,1,0,0,1,0,0
201904160003,201904160003,client_id,5/20/2019,Comprehensive,201-Restaurant with Liquor,8,1,2,7,0,1
201904160003,201904160003,client_id,7/8/2026,Comprehensive,201-Restaurant with Liquor,13,3,2,10,0,5
201904160003,201904160003,client_id,7/29/2026,Reinspection,201-Restaurant with Liquor,5,0,0,5,0,0
201904160003,201904160003,client_id,7/22/2026,Consultation,201-Restaurant with Liquor,0,0,0,0,0,0
200810300002,200810300002,client_id,5/26/2026,Comprehensive,212-Chain Restaurant without Liquor,14,2,8,7,0,3
201804300017,201804300017,client_id,5/28/2026,Comprehensive,201-Restaurant with Liquor,2,0,0,2,0,0
201209280003,201209280003,client_id,8/25/2025,Comprehensive,211-Restaurant without Liquor,15,4,4,8,0,5
201209280003,201209280003,client_id,9/3/2025,Reinspection,211-Restaurant without Liquor,2,0,0,2,0,0
201209280003,201209280003,client_id,9/15/2025,Foodborne Illness,211-Restaurant without Liquor,6,4,2,1,0,5
201209280003,201209280003,client_id,9/24/2025,Reinspection,211-Restaurant without Liquor,0,0,0,0,0,0
201209280003,201209280003,client_id,4/30/2026,Comprehensive,211-Restaurant without Liquor,5,0,0,5,0,0
201209280003,201209280003,client_id,6/9/2026,Complaint,211-Restaurant without Liquor,3,1,1,2,0,1
200809190015,200809190015,client_id,9/16/2025,Comprehensive,202-Chain Restaurant with Liquor,3,1,1,1,0,1
201911250003,201911250003,client_id,1/9/2026,Comprehensive,211-Restaurant without Liquor,2,0,0,2,0,0
54693,54693,client_id,9/3/2025,Comprehensive,201-Restaurant with Liquor,18,3,5,12,0,4
54693,54693,client_id,9/16/2025,Reinspection,201-Restaurant with Liquor,13,2,1,10,0,2
8312,,unlinked,6/5/2026,Comprehensive,201-Restaurant with Liquor,18,1,2,15,0,1
201405060002,201405060002,client_id,3/31/2026,Comprehensive,201-Restaurant with Liquor,10,1,3,7,0,2
201103100003,201103100003,client_id,3/12/2026,Comprehensive,211-Restaurant without Liquor,10,0,2,8,0,0
201103100003,201103100003,client_id,9/22/2026,Comprehensive,211-Restaurant without Liquor,6,0,1,5,0,0
9403,,unlinked,8/22/2025,Comprehensive,201-Restaurant with Liquor,8,0,2,6,0,0
9403,,unlinked,7/17/2026,Comprehensive,201-Restaurant with Liquor,9,0,1,9,0,0
FSP-PERM-202606030340,,unlinked,7/23/2026,Comprehensive,201-Restaurant w/Liquor,4,0,0,4,0,0
201702130004,201702130004,client_id,3/30/2026,Comprehensive,211-Restaurant without Liquor,0,0,0,0,0,0
FSP-PERM-202512040407,,unlinked,1/9/2026,Comprehensive,211-Restaurant w/o Liquor,2,0,1,1,0,0
202402120003,202402120003,client_id,2/23/2026,Comprehensive,201-Restaurant with Liquor,11,1,5,6,0,2
200911030003,200911030003,client_id,7/28/2026,Comprehensive,202-Chain Restaurant with Liquor,11,2,1,10,0,3
200911030003,200911030003,client_id,8/5/2026,Service Request,202-Chain Restaurant with Liquor,0,0,0,0,0,0
202304170008,202304170008,client_id,7/21/2026,Comprehensive,211-Restaurant without Liquor,24,6,9,15,0,8
202304170008,202304170008,client_id,7/24/2026,Reinspection,211-Restaurant without Liquor,15,2,2,13,0,3
202304170008,202304170008,client_id,8/25/2026,Reinspection,211-Restaurant without Liquor,13,1,4,10,0,1
201008090024,201008090024,client_id,3/5/2026,Comprehensive,211-Restaurant w/o Liquor,2,0,0,2,0,0
202506200002,202506200002,client_id,7/7/2026,Comprehensive,201-Restaurant with Liquor,7,1,1,5,0,1
201608300001,201608300001,client_id,1/28/2026,Comprehensive,212-Chain Restaurant without Liquor,4,0,1,3,0,0
201906110002,201906110002,client_id,8/27/2025,Comprehensive,212-Chain Restaurant without Liquor,2,0,1,1,0,0
201906110002,201906110002,client_id,6/29/2026,Comprehensive,212-Chain Restaurant without Liquor,3,0,0,4,0,0
202505160005,202505160005,client_id,11/14/2025,Complaint,212-Chain Restaurant without Liquor,0,0,0,0,0,0
202505160005,202505160005,client_id,1/14/2026,Complaint,212-Chain Restaurant without Liquor,0,0,0,0,0,0
202505160005,202505160005,client_id,3/25/2026,Complaint,212-Chain Restaurant without Liquor,0,0,0,0,0,0
202505160005,202505160005,client_id,6/18/2026,Comprehensive,212-Chain Restaurant without Liquor,1,0,0,1,0,0
201608230002,201608230002,client_id,5/21/2025,Comprehensive,212-Chain Restaurant without Liquor,1,0,0,1,0,0
201608230002,201608230002,client_id,5/8/2026,Comprehensive,212-Chain Restaurant without Liquor,6,1,1,5,0,2
201608230001,201608230001,client_id,1/22/2026,Comprehensive,212-Chain Restaurant without Liquor,1,0,0,1,0,0
201608230001,201608230001,client_id,4/16/2026,Complaint,212-Chain Restaurant without Liquor,0,0,0,0,0,0
201609220001,201609220001,client_id,11/7/2025,Comprehensive,212-Chain Restaurant without Liquor,4,1,1,2,0,1
201712040006,201712040006,client_id,12/16/2025,Comprehensive,211-Restaurant without Liquor,9,0,1,8,0,0
202006250006,202006250006,client_id,11/24/2025,Comprehensive,212-Chain Restaurant without Liquor,5,0,0,5,0,0
202008140001,202008140001,client_id,12/11/2025,Comprehensive,212-Chain Restaurant without Liquor,3,0,0,3,0,0
202201280005,202201280005,client_id,9/3/2025,Comprehensive,211-Restaurant without Liquor,10,1,2,7,0,1
202201280005,202201280005,client_id,8/12/2026,Comprehensive,211-Restaurant without Liquor,6,0,3,3,0,0
202304240001,202304240001,client_id,8/28/2025,Comprehensive,211-Restaurant without Liquor,8,0,2,5,0,0
202304240001,202304240001,client_id,8/24/2026,Comprehensive,211-Restaurant without Liquor,11,1,3,8,0,2
FSP-PERM-202512050412,,unlinked,1/12/2026,Comprehensive,211-Restaurant w/o Liquor,3,0,1,2,0,0
202308310004,202308310004,client_id,7/23/2026,Comprehensive,201-Restaurant with Liquor,9,0,1,10,0,0
FSP-PERM-202601070010,,unlinked,1/7/2026,Comprehensive,211-Restaurant w/o Liquor,3,0,0,3,0,0
202503260004,202503260004,client_id,12/1/2025,Comprehensive,212-Chain Restaurant without Liquor,4,0,1,3,0,0
202106150005,202106150005,client_id,10/20/2025,Comprehensive,211-Restaurant without Liquor,13,1,2,10,0,1
201507310006,201507310006,client_id,6/12/2026,Comprehensive,201-Restaurant with Liquor,10,3,3,6,0,5
201507310006,201507310006,client_id,7/24/2026,Reinspection,201-Restaurant with Liquor,4,2,2,3,0,4
201507310006,201507310006,client_id,9/2/2026,Reinspection,201-Restaurant with Liquor,2,1,0,2,0,2
201507310006,201507310006,client_id,9/15/2026,Reinspection,201-Restaurant with Liquor,1,0,0,1,0,0
200709060003,200709060003,client_id,3/27/2026,Comprehensive,202-Chain Restaurant with Liquor,15,4,3,10,0,5
200709060003,200709060003,client_id,4/15/2026,Reinspection,202-Chain Restaurant with Liquor,1,0,0,1,0,0
200709060003,200709060003,client_id,5/11/2026,Suspected Illness,202-Chain Restaurant with Liquor,12,2,3,9,0,2
201804300006,201804300006,client_id,5/11/2026,Comprehensive,211-Restaurant without Liquor,15,2,4,10,0,3
201801100004,201801100004,client_id,1/28/2026,Comprehensive,212-Chain Restaurant without Liquor,3,1,2,1,0,2
201801100004,201801100004,client_id,2/6/2026,Partial Reinspection,212-Chain Restaurant without Liquor,1,1,0,0,0,1
201801100004,201801100004,client_id,7/29/2026,Reinspection,212-Chain Restaurant without Liquor,2,1,0,1,0,1
202308010002,202308010002,client_id,5/11/2026,Comprehensive,211-Restaurant without Liquor,2,0,1,1,0,0
202308010002,202308010002,client_id,6/24/2026,Complaint,211-Restaurant without Liquor,1,1,0,0,0,1
202308010002,202308010002,client_id,6/30/2026,Complaint,211-Restaurant without Liquor,1,0,0,1,0,0
202308010002,202308010002,client_id,7/6/2026,Reinspection,211-Restaurant without Liquor,0,0,0,0,0,0
201206120004,201206120004,client_id,8/26/2025,Comprehensive,212-Chain Restaurant without Liquor,7,0,3,4,0,0
201206120004,201206120004,client_id,8/4/2026,Comprehensive,212-Chain Restaurant without Liquor,3,0,1,2,0,0
202408210003,202408210003,client_id,11/19/2025,Comprehensive,211-Restaurant without Liquor,3,0,0,3,0,0
202408210003,202408210003,client_id,7/21/2026,Complaint,211-Restaurant without Liquor,2,0,0,2,0,0
37021,37021,client_id,3/25/2026,Comprehensive,212-Chain Restaurant without Liquor,14,4,2,9,0,5
37021,37021,client_id,5/11/2026,Reinspection,212-Chain Restaurant without Liquor,5,1,3,2,0,1
201907240002,201907240002,client_id,2/4/2026,Comprehensive,211-Restaurant without Liquor,7,0,3,4,0,0
202006250002,202006250002,client_id,10/23/2025,Comprehensive,212-Chain Restaurant without Liquor,6,2,0,4,0,2
202006250003,202006250003,client_id,10/23/2025,Comprehensive,212-Chain Restaurant without Liquor,2,1,1,0,0,1
202006150004,202006150004,client_id,11/17/2025,Comprehensive,211-Restaurant without Liquor,2,0,0,2,0,0
200001070001,200001070001,client_id,9/16/2025,Comprehensive,201-Restaurant with Liquor,12,2,3,8,0,3
200001070001,200001070001,client_id,9/2/2026,Comprehensive,201-Restaurant with Liquor,8,1,2,6,0,2
200608140005,200608140005,client_id,6/17/2026,Comprehensive,211-Restaurant without Liquor,12,0,3,9,0,0
202406210002,202406210002,client_id,12/3/2025,Comprehensive,211-Restaurant without Liquor,4,0,2,2,0,0
202406210002,202406210002,client_id,1/2/2026,Reinspection,211-Restaurant without Liquor,1,0,0,1,0,0
201601050001,201601050001,client_id,9/8/2025,Comprehensive,211-Restaurant without Liquor,13,1,1,11,0,1
201601050001,201601050001,client_id,9/19/2025,Reinspection,211-Restaurant without Liquor,9,0,1,8,0,0
201601050001,201601050001,client_id,8/10/2026,Comprehensive,211-Restaurant without Liquor,12,0,3,9,0,0
201601050001,201601050001,client_id,8/26/2026,Partial Reinspection,211-Restaurant without Liquor,10,0,2,8,0,0
200903310001,200903310001,client_id,5/21/2026,Comprehensive,201-Restaurant with Liquor,4,0,0,4,0,0
202204040009,202204040009,client_id,6/17/2026,Comprehensive,201-Restaurant with Liquor,4,0,1,3,0,0
200608280001,200608280001,client_id,4/21/2026,Comprehensive,201-Restaurant with Liquor,4,1,1,2,0,1
56380,56380,client_id,8/13/2025,Comprehensive,211-Restaurant without Liquor,3,0,0,3,0,0
202208220003,202208220003,client_id,4/30/2026,Comprehensive,212-Chain Restaurant without Liquor,4,1,0,4,0,2
202103310001,202103310001,client_id,10/31/2025,Comprehensive,211-Restaurant without Liquor,2,0,0,2,0,0
10636,10636,client_id,10/8/2025,Foodborne Illness,201-Restaurant with Liquor,6,1,1,4,0,1
10636,10636,client_id,6/11/2026,Comprehensive,201-Restaurant with Liquor,13,3,4,8,0,4
10636,10636,client_id,7/1/2026,Reinspection,201-Restaurant with Liquor,5,0,1,4,0,0
201404090004,201404090004,client_id,4/9/2026,Comprehensive,212-Chain Restaurant without Liquor,3,0,0,3,0,0
46347,46347,client_id,6/25/2026,Comprehensive,211-Restaurant without Liquor,4,1,0,3,0,1
201604050001,201604050001,client_id,11/24/2025,Comprehensive,211-Restaurant without Liquor,8,0,3,6,0,0
201104290004,201104290004,client_id,7/7/2026,Comprehensive,211-Restaurant without Liquor,15,2,5,10,0,3
201104290004,201104290004,client_id,7/23/2026,Reinspection,211-Restaurant without Liquor,2,0,2,0,0,0
201511040011,201511040011,client_id,12/22/2025,Comprehensive,212-Chain Restaurant without Liquor,10,2,2,9,0,4
201511040011,201511040011,client_id,2/11/2026,Reinspection,212-Chain Restaurant without Liquor,2,0,1,1,0,0
201709130007,201709130007,client_id,9/25/2025,Service Request,202-Chain Restaurant with Liquor,5,2,1,2,0,2
201709130007,201709130007,client_id,9/26/2025,Reinspection,202-Chain Restaurant with Liquor,1,0,0,1,0,0
201709130007,201709130007,client_id,2/4/2026,Comprehensive,202-Chain Restaurant with Liquor,6,0,1,5,0,0
201709130005,201709130005,client_id,1/8/2026,Comprehensive,212-Chain Restaurant without Liquor,3,0,0,3,0,0
201709110006,201709110006,client_id,12/5/2025,Comprehensive,212-Chain Restaurant without Liquor,2,0,0,2,0,0
202407300002,202407300002,client_id,9/9/2024,Comprehensive,212-Chain Restaurant without Liquor,2,0,0,2,0,0
202009210001,202009210001,client_id,8/21/2025,Reinspection,211-Restaurant without Liquor,0,0,0,0,0,0
202009210001,202009210001,client_id,7/24/2026,Comprehensive,211-Restaurant without Liquor,14,0,2,12,0,0
202009210001,202009210001,client_id,8/19/2026,Service Request,211-Restaurant without Liquor,2,0,0,3,0,0
201304240007,201304240007,client_id,2/4/2026,Comprehensive,212-Chain Restaurant without Liquor,16,1,3,15,0,2
201304240007,201304240007,client_id,2/23/2026,Reinspection,212-Chain Restaurant without Liquor,3,0,1,2,0,0
201304240007,201304240007,client_id,4/9/2026,Reinspection,212-Chain Restaurant without Liquor,1,0,0,1,0,0
201212140002,201212140002,client_id,5/13/2026,Comprehensive,212-Chain Restaurant without Liquor,6,0,1,5,0,0
FSP-PERM-202603240199,,unlinked,4/29/2026,Comprehensive,211-Restaurant w/o Liquor,16,2,3,12,0,2
FSP-PERM-202603240199,,unlinked,5/15/2026,Reinspection,211-Restaurant w/o Liquor,15,1,2,12,0,1
FSP-PERM-202510280239,,unlinked,10/28/2025,Pre-Operational,211-Restaurant w/o Liquor,17,1,3,16,0,2
FSP-PERM-202605060292,,unlinked,7/10/2026,Comprehensive,211-Restaurant w/o Liquor,5,1,2,2,0,1
201404180001,201404180001,client_id,8/21/2025,Comprehensive,202-Chain Restaurant with Liquor,16,4,5,8,0,5
201404180001,201404180001,client_id,8/26/2025,Reinspection,202-Chain Restaurant with Liquor,5,2,1,2,0,2
201404180001,201404180001,client_id,9/30/2025,Comprehensive,202-Chain Restaurant with Liquor,8,2,2,6,0,3
201404180001,201404180001,client_id,9/9/2026,Comprehensive,202-Chain Restaurant with Liquor,6,0,0,6,0,0
201404090003,201404090003,client_id,2/27/2026,Comprehensive,201-Restaurant with Liquor,7,0,0,7,0,0
200907010002,200907010002,client_id,10/20/2025,Comprehensive,201-Restaurant with Liquor,13,2,3,9,0,2
200907010002,200907010002,client_id,3/16/2026,Complaint,201-Restaurant with Liquor,1,1,0,0,0,1
201901080005,201901080005,client_id,4/1/2026,Comprehensive,212-Chain Restaurant without Liquor,8,1,2,5,0,1
201901080005,201901080005,client_id,4/28/2026,Reinspection,212-Chain Restaurant without Liquor,0,0,0,0,0,0
202103170005,202103170005,client_id,5/18/2026,Suspected Illness,212-Chain Restaurant without Liquor,1,0,0,1,0,0
202103170005,202103170005,client_id,8/10/2026,Complaint,212-Chain Restaurant without Liquor,2,0,1,1,0,0
201801020012,201801020012,client_id,12/10/2025,Comprehensive,212-Chain Restaurant without Liquor,9,2,2,5,0,2
201801020012,201801020012,client_id,1/2/2026,Reinspection,212-Chain Restaurant without Liquor,5,1,0,4,0,1
201801020012,201801020012,client_id,6/3/2026,Comprehensive,212-Chain Restaurant without Liquor,7,1,2,4,0,1
FSP-PERM-202509100101,,unlinked,1/2/2026,Comprehensive,211-Restaurant w/o Liquor,3,0,0,3,0,0
200705070002,200705070002,client_id,12/2/2025,Comprehensive,202-Chain Restaurant with Liquor,4,1,2,1,0,1
202302020005,202302020005,client_id,11/5/2025,Comprehensive,212-Chain Restaurant without Liquor,3,0,1,2,0,0
201106210005,201106210005,client_id,12/30/2025,Comprehensive,201-Restaurant with Liquor,5,1,1,5,0,2
201503310002,201503310002,client_id,10/6/2025,Comprehensive,202-Chain Restaurant with Liquor,3,0,0,3,0,0
FSP-MFF-202603240014,202310190002,same_address_record,7/30/2026,Comprehensive,123-Mobile (Tier 2,2,0,0,2,0,0
202310190002,202310190002,client_id,7/23/2026,Comprehensive,211-Restaurant without Liquor,1,0,0,1,0,0
202104010001,202104010001,client_id,6/15/2026,Comprehensive,211-Restaurant without Liquor,4,0,0,4,0,0
201901090002,201901090002,client_id,9/25/2025,Comprehensive,201-Restaurant with Liquor,11,1,2,10,0,2
202309200006,202309200006,client_id,11/10/2025,Comprehensive,212-Chain Restaurant without Liquor,3,1,2,0,0,1
201909200001,201909200001,client_id,2/2/2026,Comprehensive,212-Chain Restaurant without Liquor,8,0,1,7,0,0
202409180003,202409180003,client_id,9/3/2025,Comprehensive,211-Restaurant without Liquor,14,4,6,6,0,6
202409180003,202409180003,client_id,2/25/2026,Comprehensive,211-Restaurant without Liquor,15,5,1,9,0,5
202409180003,202409180003,client_id,3/10/2026,Reinspection,211-Restaurant without Liquor,0,0,0,0,0,0
201503110001,201503110001,client_id,11/21/2025,Comprehensive,202-Chain Restaurant with Liquor,5,0,1,4,0,0
201006170001,201006170001,client_id,10/22/2025,Comprehensive,202-Chain Restaurant with Liquor,8,1,2,5,0,1
201302080009,201302080009,client_id,9/30/2025,Service Request,202-Chain Restaurant with Liquor,0,0,0,0,0,0
201302080009,201302080009,client_id,7/14/2026,Reinspection,202-Chain Restaurant with Liquor,0,0,0,0,0,0
202405220008,202405220008,client_id,8/26/2025,Comprehensive,212-Chain Restaurant without Liquor,7,1,1,5,0,1
200908060003,200908060003,client_id,9/8/2025,Comprehensive,211-Restaurant without Liquor,6,1,2,3,0,1
201112140001,201112140001,client_id,9/17/2025,Comprehensive,201-Restaurant with Liquor,1,3,0,2,0,3
201112140001,201112140001,client_id,4/6/2026,Comprehensive,201-Restaurant with Liquor,18,4,3,15,0,7
201112140001,201112140001,client_id,4/27/2026,Reinspection,201-Restaurant with Liquor,3,1,1,2,0,2
200906260003,200906260003,client_id,10/14/2025,Complaint,201-Restaurant with Liquor,0,0,0,0,0,0
200906260003,200906260003,client_id,3/16/2026,Comprehensive,201-Restaurant with Liquor,7,1,2,4,0,1
200906260003,200906260003,client_id,5/19/2026,Complaint,201-Restaurant with Liquor,1,0,0,1,0,0
200906260003,200906260003,client_id,8/13/2026,Complaint,201-Restaurant with Liquor,0,0,0,0,0,0
202004090002,202004090002,client_id,4/7/2026,Comprehensive,212-Chain Restaurant without Liquor,4,0,2,2,0,0
202312280001,202312280001,client_id,5/8/2026,Comprehensive,212-Chain Restaurant without Liquor,14,2,3,10,0,3
202312280001,202312280001,client_id,5/22/2026,Reinspection,212-Chain Restaurant without Liquor,9,1,1,7,0,1
202507090009,202507090009,client_id,8/20/2025,Comprehensive,211-Restaurant without Liquor,6,0,0,6,0,0
202507090009,202507090009,client_id,8/17/2026,Comprehensive,211-Restaurant without Liquor,5,0,0,5,0,0
202301260005,202301260005,client_id,1/22/2026,Comprehensive,201-Restaurant with Liquor,6,1,0,5,0,1
200907210005,200907210005,client_id,12/17/2025,Comprehensive,201-Restaurant with Liquor,1,0,0,1,0,0
201903270003,201903270003,client_id,4/16/2026,Comprehensive,201-Restaurant with Liquor,0,0,0,0,0,0
200502180007,200502180007,client_id,12/2/2025,Comprehensive,201-Restaurant with Liquor,14,2,2,12,0,3
200709060001,200709060001,client_id,9/18/2025,Reinspection,201-Restaurant with Liquor,10,1,1,7,0,1
200709060001,200709060001,client_id,11/6/2025,Comprehensive,201-Restaurant with Liquor,7,0,1,5,0,0
39246,39246,client_id,6/11/2026,Suspected Illness,201-Restaurant with Liquor,3,2,0,1,0,2
39246,39246,client_id,6/12/2026,Partial Reinspection,201-Restaurant with Liquor,0,0,0,0,0,0
39246,39246,client_id,7/14/2026,Reinspection,201-Restaurant with Liquor,0,0,0,0,0,0
39246,39246,client_id,9/2/2026,Service Request,201-Restaurant with Liquor,3,2,1,0,0,2
39246,39246,client_id,9/9/2026,Reinspection,201-Restaurant with Liquor,0,0,0,0,0,0
202406280005,202406280005,client_id,8/27/2025,Comprehensive,211-Restaurant without Liquor,6,0,2,4,0,0
201405140004,201405140004,client_id,1/16/2026,Comprehensive,201-Restaurant with Liquor,4,0,1,3,0,0
FSP-PERM-202601060008,,unlinked,2/18/2026,Comprehensive,211-Restaurant w/o Liquor,7,0,2,5,0,0
44589,44589,client_id,7/9/2026,Comprehensive,212-Chain Restaurant without Liquor,2,0,1,1,0,0
53302,53302,client_id,8/27/2025,Comprehensive,201-Restaurant with Liquor,13,0,4,11,0,0
8515,,unlinked,5/7/2026,Comprehensive,201-Restaurant with Liquor,14,5,2,9,0,6
202302170007,202302170007,client_id,5/21/2026,Comprehensive,211-Restaurant without Liquor,7,1,0,7,0,2
202305090001,202305090001,client_id,10/14/2025,Comprehensive,211-Restaurant without Liquor,6,0,0,6,0,0
202305090001,202305090001,client_id,9/10/2026,Comprehensive,211-Restaurant without Liquor,13,2,4,7,0,2
53417,53417,client_id,9/19/2025,Comprehensive,201-Restaurant with Liquor,15,4,4,9,0,6
53417,53417,client_id,9/25/2025,Reinspection,201-Restaurant with Liquor,8,1,2,6,0,2
201808010002,201808010002,client_id,7/28/2026,Comprehensive,211-Restaurant without Liquor,4,0,2,2,0,0
202308160004,202308160004,client_id,5/4/2026,Comprehensive,211-Restaurant without Liquor,9,0,2,8,0,0
201311250006,201311250006,client_id,5/1/2025,Comprehensive,211-Restaurant without Liquor,6,2,0,4,0,2
202505190004,202505190004,client_id,7/9/2026,Reinspection,211-Restaurant without Liquor,2,0,1,1,0,0
9732,,unlinked,4/7/2026,Comprehensive,201-Restaurant with Liquor,13,1,1,11,0,1
201912180003,201912180003,client_id,11/3/2025,Comprehensive,211-Restaurant without Liquor,12,3,1,8,0,3
201912180003,201912180003,client_id,7/29/2026,Comprehensive,211-Restaurant without Liquor,13,2,2,9,0,2
201912180003,201912180003,client_id,8/12/2026,Reinspection,211-Restaurant without Liquor,1,1,1,0,0,2
FSP-PERM-202512020391,,unlinked,1/23/2026,Comprehensive,212-Chain Restaurant w/o Liquor,1,0,0,1,0,0
200110100001,200110100001,client_id,4/2/2026,Comprehensive,201-Restaurant with Liquor,11,1,2,9,0,1
FSP-PERM-202512020390,,unlinked,2/2/2026,Comprehensive,212-Chain Restaurant w/o Liquor,2,0,0,2,0,0
FSP-PERM-202509110104,,unlinked,9/11/2025,Pre-Operational,212-Chain Restaurant w/o Liquor,1,0,0,1,0,0
FSP-PERM-202509110104,,unlinked,8/20/2026,Complaint,212-Chain Restaurant w/o Liquor,0,0,0,0,0,0
202412030003,202412030003,client_id,1/7/2026,Comprehensive,212-Chain Restaurant without Liquor,0,0,0,0,0,0
42902,42902,client_id,6/22/2026,Comprehensive,201-Restaurant with Liquor,6,0,1,5,0,0
202008270002,202008270002,client_id,7/10/2026,Comprehensive,201-Restaurant with Liquor,14,0,4,13,0,0
202008270002,202008270002,client_id,8/10/2026,Reinspection,201-Restaurant with Liquor,2,0,0,2,0,0
202201200002,202201200002,client_id,2/25/2026,Comprehensive,202-Chain Restaurant with Liquor,5,1,0,5,0,2
202201200002,202201200002,client_id,4/23/2026,Comprehensive,202-Chain Restaurant with Liquor,6,0,3,4,0,0
202201200002,202201200002,client_id,9/1/2026,Complaint,202-Chain Restaurant with Liquor,3,0,1,2,0,0
201509160003,201509160003,client_id,6/30/2026,Comprehensive,212-Chain Restaurant without Liquor,21,5,6,15,0,8
201509160003,201509160003,client_id,9/17/2026,Reinspection,212-Chain Restaurant without Liquor,11,2,2,9,0,4
52674,52674,client_id,7/22/2026,Comprehensive,201-Restaurant with Liquor,10,0,2,8,0,0
201902070004,201902070004,client_id,10/24/2025,Comprehensive,211-Restaurant without Liquor,11,1,3,8,0,2
202210070008,202210070008,client_id,12/15/2025,Comprehensive,212-Chain Restaurant without Liquor,5,0,2,3,0,0
200011300002,200011300002,client_id,1/15/2026,Comprehensive,211-Restaurant without Liquor,10,3,2,6,0,4
200011300002,200011300002,client_id,2/4/2026,Reinspection,211-Restaurant without Liquor,4,1,0,3,0,1
202203280006,202203280006,client_id,11/6/2025,Comprehensive,211-Restaurant without Liquor,10,0,2,8,0,0
FSP-PERM-202601120020,,unlinked,3/5/2026,Comprehensive,201-Restaurant w/Liquor,8,2,1,6,0,3
200802080004,200802080004,client_id,1/28/2026,Comprehensive,202-Chain Restaurant with Liquor,15,2,2,13,0,4
200802080004,200802080004,client_id,2/24/2026,Reinspection,202-Chain Restaurant with Liquor,7,0,0,7,0,0
201907030006,201907030006,client_id,3/25/2026,Comprehensive,212-Chain Restaurant without Liquor,5,1,0,4,0,1
200710020001,200710020001,client_id,5/20/2026,Comprehensive,212-Chain Restaurant without Liquor,6,0,0,6,0,0
202312070007,202312070007,client_id,5/27/2026,Comprehensive,Priority Code:,7,2,1,4,0,2
6284,,unlinked,8/18/2025,Consultation,201-Restaurant with Liquor,0,0,0,0,0,0
6284,,unlinked,9/17/2025,Consultation,201-Restaurant with Liquor,0,0,0,0,0,0
6284,,unlinked,9/29/2025,Comprehensive,201-Restaurant with Liquor,9,0,3,6,0,0
202308140003,202308140003,client_id,8/26/2025,Comprehensive,211-Restaurant without Liquor,5,0,1,4,0,0
201611300005,201611300005,client_id,6/4/2026,Comprehensive,211-Restaurant without Liquor,11,1,1,10,0,1
202106160003,202106160003,client_id,12/30/2025,Comprehensive,201-Restaurant with Liquor,4,0,2,2,0,0
201902040002,201902040002,client_id,10/31/2025,Comprehensive,201-Restaurant with Liquor,12,3,4,7,0,5
201902040002,201902040002,client_id,11/14/2025,Reinspection,201-Restaurant with Liquor,5,1,1,3,0,1
201902040002,201902040002,client_id,6/16/2026,Comprehensive,201-Restaurant w/Liquor,11,3,4,5,0,4
201902040002,201902040002,client_id,7/1/2026,Reinspection,201-Restaurant w/Liquor,4,1,3,0,0,1
40396,40396,client_id,8/20/2026,Comprehensive,Priority Code:,2,0,1,1,0,0
202401170002,202401170002,client_id,10/31/2025,Comprehensive,201-Restaurant with Liquor,1,0,0,1,0,0
202401170002,202401170002,client_id,8/26/2026,Comprehensive,Priority Code:,0,0,0,0,0,0
202111180001,202111180001,client_id,10/1/2025,Comprehensive,201-Restaurant with Liquor,13,2,3,10,0,4
202111180001,202111180001,client_id,10/23/2025,Reinspection,201-Restaurant with Liquor,8,2,3,5,0,4
202111180001,202111180001,client_id,4/30/2026,Comprehensive,201-Restaurant with Liquor,17,1,4,13,0,2
202111180001,202111180001,client_id,8/19/2026,Complaint,201-Restaurant with Liquor,0,0,0,0,0,0
201903210001,201903210001,client_id,10/8/2025,Comprehensive,211-Restaurant without Liquor,10,1,3,8,0,2
201903210001,201903210001,client_id,10/10/2025,Reinspection,211-Restaurant without Liquor,0,0,0,0,0,0
200701020003,200701020003,client_id,12/15/2025,Complaint,201-Restaurant with Liquor,1,0,0,1,0,0
200701020003,200701020003,client_id,7/23/2026,Comprehensive,201-Restaurant with Liquor,10,0,2,8,0,0
200701020003,200701020003,client_id,7/28/2026,Partial Reinspection,201-Restaurant with Liquor,0,0,0,0,0,0
54706,54706,client_id,4/2/2026,Comprehensive,212-Chain Restaurant without Liquor,1,0,0,1,0,0
200607030006,200607030006,client_id,2/4/2026,Comprehensive,212-Chain Restaurant without Liquor,1,0,0,1,0,0
201504290004,201504290004,client_id,1/29/2026,Comprehensive,212-Chain Restaurant without Liquor,0,0,0,0,0,0
202109170003,202109170003,client_id,10/2/2025,Comprehensive,212-Chain Restaurant without Liquor,0,0,0,0,0,0
202312130003,202312130003,client_id,12/8/2025,Comprehensive,212-Chain Restaurant without Liquor,1,0,0,1,0,0
201608300011,201608300011,client_id,1/9/2026,Comprehensive,212-Chain Restaurant without Liquor,1,0,0,1,0,0
201608300011,201608300011,client_id,6/3/2026,Service Request,212-Chain Restaurant without Liquor,0,0,0,0,0,0
200109120003,200109120003,client_id,10/15/2025,Comprehensive,212-Chain Restaurant without Liquor,1,0,0,1,0,0
200303310001,200303310001,client_id,6/4/2024,Comprehensive,212-Chain Restaurant without Liquor,1,0,0,0,0,0
200303310001,200303310001,client_id,10/1/2025,Comprehensive,212-Chain Restaurant without Liquor,2,0,0,2,0,0
200303310001,200303310001,client_id,8/21/2026,Comprehensive,Priority Code:,0,0,0,0,0,0
199906250003,199906250003,client_id,2/5/2026,Comprehensive,212-Chain Restaurant without Liquor,2,0,0,2,0,0
200305150006,200305150006,client_id,12/31/2025,Comprehensive,212-Chain Restaurant without Liquor,3,0,1,2,0,0
201701270001,201701270001,client_id,8/22/2025,Comprehensive,212-Chain Restaurant without Liquor,2,0,0,2,0,0
201701270001,201701270001,client_id,6/8/2026,Comprehensive,212-Chain Restaurant without Liquor,2,0,0,2,0,0
202408060007,202408060007,client_id,3/23/2026,Comprehensive,201-Restaurant with Liquor,7,4,1,2,0,4
202308090001,202308090001,client_id,8/27/2025,Reinspection,211-Restaurant without Liquor,5,0,0,5,0,0
202308090001,202308090001,client_id,1/13/2026,Comprehensive,211-Restaurant without Liquor,6,1,1,4,0,1
200708170002,200708170002,client_id,12/2/2025,Comprehensive,201-Restaurant with Liquor,8,3,0,6,0,3
201802220006,201802220006,client_id,2/11/2026,Comprehensive,211-Restaurant without Liquor,7,4,3,4,0,7
201802220006,201802220006,client_id,2/26/2026,Reinspection,211-Restaurant without Liquor,1,1,0,0,0,1
FSP-PERM-202603100156,,unlinked,4/7/2026,Comprehensive,212-Chain Restaurant w/o Liquor,11,0,1,10,0,0
202408120006,202408120006,client_id,6/15/2026,Comprehensive,211-Restaurant without Liquor,3,1,0,2,0,1
200509020001,200509020001,client_id,11/17/2025,Comprehensive,212-Chain Restaurant without Liquor,4,1,1,2,0,1
200509020001,200509020001,client_id,4/10/2026,Service Request,212-Chain Restaurant without Liquor,0,0,0,0,0,0
202506090007,202506090007,client_id,4/17/2026,Complaint,212-Chain Restaurant without Liquor,1,0,0,1,0,0
202506090007,202506090007,client_id,6/17/2026,Comprehensive,212-Chain Restaurant without Liquor,9,2,0,8,0,1
200609070002,200609070002,client_id,2/18/2026,Comprehensive,212-Chain Restaurant without Liquor,9,2,1,6,0,2
200609070002,200609070002,client_id,3/25/2026,Reinspection,212-Chain Restaurant without Liquor,1,0,0,1,0,0
200701050004,200701050004,client_id,9/16/2025,Comprehensive,212-Chain Restaurant without Liquor,5,0,0,5,0,0
200701050004,200701050004,client_id,8/25/2026,Comprehensive,Priority Code:,3,0,0,3,0,0
200307310003,200307310003,client_id,12/17/2025,Comprehensive,212-Chain Restaurant without Liquor,3,0,2,1,0,0
200706280002,200706280002,client_id,1/30/2026,Comprehensive,212-Chain Restaurant without Liquor,2,1,0,1,0,1
200607030008,200607030008,client_id,12/17/2025,Comprehensive,212-Chain Restaurant without Liquor,9,1,2,6,0,1
200407140005,200407140005,client_id,5/6/2026,Comprehensive,212-Chain Restaurant without Liquor,5,1,2,2,0,1
200407140005,200407140005,client_id,5/15/2026,Reinspection,212-Chain Restaurant without Liquor,0,0,0,0,0,0
FSP-PERM-202603090146,,unlinked,3/11/2026,Comprehensive,212-Chain Restaurant w/o Liquor,2,0,0,2,0,0
FSP-PERM-202603090146,,unlinked,4/29/2026,Comprehensive,212-Chain Restaurant w/o Liquor,3,0,0,3,0,0
FSP-PERM-202603090146,,unlinked,9/18/2026,Complaint,212-Chain Restaurant w/o Liquor,2,1,0,1,0,1
202003110002,202003110002,client_id,10/10/2025,Comprehensive,212-Chain Restaurant without Liquor,3,0,1,2,0,0
202003110002,202003110002,client_id,9/11/2026,Comprehensive,212-Chain Restaurant without Liquor,2,0,1,1,0,0
200702280006,200702280006,client_id,7/9/2026,Comprehensive,212-Chain Restaurant without Liquor,2,1,0,1,0,1
200702280006,200702280006,client_id,7/23/2026,Reinspection,212-Chain Restaurant without Liquor,0,0,0,0,0,0
200702280006,200702280006,client_id,8/19/2026,Complaint,212-Chain Restaurant without Liquor,0,0,0,0,0,0
202205050006,202205050006,client_id,8/18/2025,Comprehensive,212-Chain Restaurant without Liquor,0,0,0,0,0,0
FSP-PERM-202510080180,,unlinked,10/10/2025,Pre-Operational,212-Chain Restaurant w/o Liquor,0,0,0,0,0,0
FSP-PERM-202510080180,,unlinked,1/2/2026,Comprehensive,212-Chain Restaurant w/o Liquor,0,0,0,0,0,0
201901080007,201901080007,client_id,12/17/2025,Comprehensive,211-Restaurant without Liquor,5,1,0,4,0,1
FSP-PERM-202508280074,,unlinked,8/28/2025,Pre-Operational,Priority Code:,0,0,0,0,0,0
FSP-PERM-202508280074,,unlinked,10/16/2025,Comprehensive,211-Restaurant w/o Liquor,5,0,3,3,0,0
FSP-PERM-202508280074,,unlinked,9/16/2026,Comprehensive,211-Restaurant w/o Liquor,3,0,1,2,0,0
201505110008,201505110008,client_id,11/18/2025,Comprehensive,212-Chain Restaurant without Liquor,6,0,2,5,0,0
FSP-PERM-202509160110,,unlinked,9/16/2025,Pre-Operational,201-Restaurant w/Liquor,10,1,0,9,0,1
FSP-PERM-202509160110,,unlinked,3/27/2026,Reinspection,201-Restaurant w/Liquor,7,0,2,5,0,0
FSP-PERM-202509160110,,unlinked,3/20/2026,Comprehensive,201-Restaurant w/Liquor,13,2,3,9,0,3
201504230004,201504230004,client_id,10/21/2025,Comprehensive,212-Chain Restaurant without Liquor,0,0,0,1,0,0
202307170003,202307170003,client_id,10/22/2025,Comprehensive,211-Restaurant without Liquor,14,3,0,12,0,4
202403290004,202403290004,client_id,11/13/2025,Complaint,211-Restaurant without Liquor,0,0,0,0,0,0
202403290004,202403290004,client_id,5/4/2026,Comprehensive,211-Restaurant without Liquor,13,0,3,10,0,0
202403290004,202403290004,client_id,7/29/2026,Complaint,211-Restaurant without Liquor,0,0,0,0,0,0
202212270003,202212270003,client_id,1/27/2023,Comprehensive,Priority Code:,7,2,1,4,0,2
202212270003,202212270003,client_id,2/18/2026,Comprehensive,Priority Code:,9,0,3,6,0,0
201602160001,201602160001,client_id,1/16/2026,Comprehensive,201-Restaurant with Liquor,8,1,1,6,0,1
201602160001,201602160001,client_id,8/12/2026,Complaint,201-Restaurant with Liquor,4,1,2,1,0,1
201801030011,201801030011,client_id,5/21/2026,Comprehensive,212-Chain Restaurant without Liquor,3,0,0,3,0,0
201801030011,201801030011,client_id,7/7/2026,Complaint,212-Chain Restaurant without Liquor,0,0,0,0,0,0
200908030004,200908030004,client_id,2/12/2026,Comprehensive,212-Chain Restaurant without Liquor,5,0,0,5,0,0
FSP-PERM-202511240330,,unlinked,11/24/2025,Change of Ownership,211-Restaurant w/o Liquor,6,0,0,6,0,0
FSP-PERM-202511240330,,unlinked,2/20/2026,Comprehensive,211-Restaurant w/o Liquor,4,0,1,3,0,0
202206100002,202206100002,client_id,8/20/2025,Reinspection,201-Restaurant with Liquor,6,0,0,6,0,0
202206100002,202206100002,client_id,7/7/2026,Comprehensive,201-Restaurant with Liquor,15,1,3,13,0,2
202104130001,202104130001,client_id,1/2/2026,Comprehensive,201-Restaurant with Liquor,15,1,4,10,0,1
202104130001,202104130001,client_id,1/12/2026,Reinspection,201-Restaurant with Liquor,2,0,1,0,0,0
202104130001,202104130001,client_id,4/17/2026,Complaint,201-Restaurant with Liquor,12,4,2,6,0,4
200610240009,200610240009,client_id,11/13/2025,Comprehensive,211-Restaurant without Liquor,14,2,5,10,0,4
200610240009,200610240009,client_id,12/10/2025,Reinspection,211-Restaurant without Liquor,7,1,0,7,0,2
200610240009,200610240009,client_id,7/21/2026,Comprehensive,211-Restaurant without Liquor,17,4,4,11,0,5
200610240009,200610240009,client_id,8/20/2026,Reinspection,211-Restaurant without Liquor,3,0,0,3,0,0
202410230003,202410230003,client_id,1/2/2026,Comprehensive,211-Restaurant w/o Liquor,9,0,3,6,0,0
202402130006,202402130006,client_id,8/26/2025,Comprehensive,211-Restaurant without Liquor,4,0,1,3,0,0
200707020009,200707020009,client_id,4/6/2026,Comprehensive,212-Chain Restaurant without Liquor,2,0,0,2,0,0
202506300002,202506300002,client_id,9/4/2025,Comprehensive,211-Restaurant without Liquor,9,3,2,5,0,5
202506300002,202506300002,client_id,10/2/2025,Administrative Action,211-Restaurant without Liquor,7,3,3,1,0,3
202303070001,202303070001,client_id,1/14/2026,Comprehensive,212-Chain Restaurant without Liquor,7,0,1,6,0,0
202108180001,202108180001,client_id,8/28/2026,Complaint,201-Restaurant with Liquor,3,1,1,3,0,2
201610120001,201610120001,client_id,9/26/2025,Comprehensive,202-Chain Restaurant with Liquor,8,1,2,6,0,2
201610120001,201610120001,client_id,10/2/2025,Reinspection,202-Chain Restaurant with Liquor,2,1,1,0,0,1
201610120001,201610120001,client_id,10/3/2025,Reinspection,202-Chain Restaurant with Liquor,0,0,0,0,0,0
202308040001,202308040001,client_id,7/24/2026,Partial Reinspection,202-Chain Restaurant with Liquor,1,0,1,0,0,0
200107120001,200107120001,client_id,9/23/2025,Comprehensive,211-Restaurant without Liquor,5,0,0,5,0,0
200107120001,200107120001,client_id,9/23/2025,Complaint,211-Restaurant without Liquor,0,0,0,0,0,0
201304240006,201304240006,client_id,12/22/2025,Comprehensive,211-Restaurant without Liquor,8,0,2,7,0,0
201609080006,201609080006,client_id,4/30/2026,Comprehensive,211-Restaurant without Liquor,3,0,0,3,0,0
201609080006,201609080006,client_id,9/18/2026,Complaint,211-Restaurant without Liquor,0,0,0,0,0,0
FSP-PERM-202511070286,,unlinked,11/17/2025,Pre-Operational,201-Restaurant w/Liquor,7,0,0,7,0,0
FSP-PERM-202512230494,,unlinked,12/23/2025,Pre-Operational,"211-Restaurant w/o Liquor,117-Bakery",5,0,1,4,0,0
FSP-PERM-202512230494,,unlinked,7/14/2026,Comprehensive,"211-Restaurant w/o Liquor,117-Bakery",3,0,1,2,0,0
202009290002,202009290002,client_id,9/26/2025,Reinspection,201-Restaurant with Liquor,0,0,0,0,0,0
202009290002,202009290002,client_id,10/9/2025,Reinspection,201-Restaurant with Liquor,7,1,1,5,0,1
202009290002,202009290002,client_id,9/26/2025,Comprehensive,201-Restaurant with Liquor,15,2,2,13,0,3
200802010001,200802010001,client_id,4/9/2026,Comprehensive,201-Restaurant with Liquor,10,0,3,8,0,0
FSP-PERM-202602200121,,unlinked,4/6/2026,Comprehensive,211-Restaurant w/o Liquor,0,0,0,0,0,0
55227,55227,client_id,1/30/2026,Comprehensive,201-Restaurant with Liquor,13,2,2,12,0,4
53663,53663,client_id,9/16/2025,Comprehensive,201-Restaurant with Liquor,3,1,2,1,0,1
FSP-PERM-202604140241,55337,same_address_record,4/14/2026,Comprehensive,211-Restaurant w/o Liquor,4,0,0,4,0,0
202302150007,202302150007,client_id,9/24/2025,Comprehensive,212-Chain Restaurant without Liquor,3,0,0,2,0,0
202302150007,202302150007,client_id,8/31/2026,Comprehensive,212-Chain Restaurant without Liquor,7,1,1,5,0,1
202110290003,202110290003,client_id,12/16/2025,Comprehensive,Priority Code:,12,1,2,9,0,1
202308040002,202308040002,client_id,9/19/2025,Comprehensive,201-Restaurant with Liquor,9,0,0,9,0,0
202308040002,202308040002,client_id,9/3/2026,Comprehensive,201-Restaurant with Liquor,5,0,2,3,0,0
202506240002,202506240002,client_id,5/11/2026,Comprehensive,201-Restaurant with Liquor,18,3,4,13,0,3
43812,43812,client_id,5/20/2026,Reinspection,201-Restaurant with Liquor,1,1,0,0,0,1
202204070005,202204070005,client_id,3/12/2026,Comprehensive,201-Restaurant with Liquor,7,1,0,7,0,2
202011100004,202011100004,client_id,2/20/2026,Comprehensive,211-Restaurant without Liquor,4,1,0,3,0,1
FSP-PERM-202604280274,,unlinked,4/28/2026,Pre-Operational,211-Restaurant w/o Liquor,0,0,0,0,0,0
FSP-PERM-202604280274,,unlinked,7/14/2026,Comprehensive,211-Restaurant w/o Liquor,8,2,3,3,0,2
201710230020,201710230020,client_id,7/10/2026,Comprehensive,201-Restaurant with Liquor,13,1,5,8,0,2
201710230020,201710230020,client_id,9/9/2026,Reinspection,201-Restaurant with Liquor,4,0,2,2,0,0
201702270007,201702270007,client_id,9/2/2025,Comprehensive,211-Restaurant without Liquor,2,0,0,2,0,0
201702270007,201702270007,client_id,8/21/2026,Comprehensive,Priority Code:,1,0,0,1,0,0
202408160006,202408160006,client_id,1/23/2026,Comprehensive,211-Restaurant without Liquor,8,0,1,7,0,0
201908190001,201908190001,client_id,9/3/2025,Comprehensive,212-Chain Restaurant without Liquor,0,0,0,1,0,0
201908190001,201908190001,client_id,1/2/2026,Complaint,212-Chain Restaurant without Liquor,2,1,0,1,0,1
201908190001,201908190001,client_id,7/27/2026,Comprehensive,212-Chain Restaurant without Liquor,7,0,1,6,0,0
202306060001,202306060001,client_id,9/17/2025,Comprehensive,211-Restaurant without Liquor,8,1,2,5,0,1
202306060001,202306060001,client_id,3/3/2026,Comprehensive,211-Restaurant without Liquor,4,0,0,4,0,0
200808010003,200808010003,client_id,9/26/2025,Comprehensive,211-Restaurant without Liquor,8,2,1,6,0,3
202007200002,202007200002,client_id,4/14/2026,Comprehensive,201-Restaurant with Liquor,6,1,0,5,0,1
202308180008,202308180008,client_id,8/21/2025,Comprehensive,201-Restaurant with Liquor,3,0,0,3,0,0
202401220002,202401220002,client_id,11/20/2025,Comprehensive,211-Restaurant without Liquor,5,0,0,5,0,0
201708170002,201708170002,client_id,2/13/2026,Comprehensive,212-Chain Restaurant without Liquor,7,0,2,5,0,0
201705220010,201705220010,client_id,4/16/2026,Comprehensive,202-Chain Restaurant with Liquor,9,2,2,5,0,2
201605270007,201605270007,client_id,8/28/2025,Comprehensive,201-Restaurant with Liquor,11,1,2,8,0,1
201605270007,201605270007,client_id,9/3/2025,Reinspection,201-Restaurant with Liquor,5,0,0,5,0,0
201605270007,201605270007,client_id,2/20/2026,Comprehensive,201-Restaurant with Liquor,8,0,2,7,0,0
32610,32610,client_id,9/16/2025,Comprehensive,211-Restaurant without Liquor,2,0,1,1,0,0
32610,32610,client_id,9/15/2026,Comprehensive,211-Restaurant without Liquor,9,1,1,8,0,1
36516,36516,client_id,9/16/2025,Comprehensive,201-Restaurant with Liquor,0,0,0,0,0,0
36516,36516,client_id,6/17/2026,Complaint,201-Restaurant with Liquor,1,0,0,1,0,0
31283,31283,client_id,9/24/2025,Comprehensive,211-Restaurant without Liquor,9,2,1,6,0,2
FSP-PERM-202602270134,,unlinked,4/2/2026,Comprehensive,211-Restaurant w/o Liquor,4,0,1,3,0,0
FSP-PERM-202603170183,,unlinked,3/25/2026,Comprehensive,211-Restaurant w/o Liquor,2,0,0,2,0,0
201403140010,201403140010,client_id,10/14/2025,Comprehensive,201-Restaurant with Liquor,7,1,0,7,0,2
201810150004,201810150004,client_id,9/4/2025,Comprehensive,211-Restaurant without Liquor,12,3,0,10,0,4
201810150004,201810150004,client_id,9/26/2025,Reinspection,211-Restaurant without Liquor,3,0,0,4,0,0
FSP-PERM-202603170180,,unlinked,3/25/2026,Pre-Operational,211-Restaurant w/o Liquor,5,0,1,4,0,0
FSP-PERM-202603170180,,unlinked,7/9/2026,Comprehensive,211-Restaurant w/o Liquor,4,0,1,3,0,0
201710050009,201710050009,client_id,10/24/2025,Comprehensive,202-Chain Restaurant with Liquor,11,1,0,10,0,1
201710050009,201710050009,client_id,4/10/2026,Comprehensive,202-Chain Restaurant with Liquor,3,0,0,3,0,0
202106040006,202106040006,client_id,10/28/2025,Comprehensive,211-Restaurant without Liquor,3,0,0,4,0,0
FSP-MFF-202508140017,202308140004,same_address_record,8/6/2026,Comprehensive,123-Mobile (Tier 2,2,0,2,0,0,0
202308140004,202308140004,client_id,2/5/2026,Comprehensive,211-Restaurant without Liquor,4,0,2,2,0,0
202210040001,202210040001,client_id,10/7/2025,Comprehensive,201-Restaurant with Liquor,2,0,0,2,0,0
202210040001,202210040001,client_id,9/15/2026,Comprehensive,201-Restaurant with Liquor,3,1,1,1,0,1
31954,31954,client_id,4/6/2026,Comprehensive,201-Restaurant with Liquor,4,0,0,4,0,0
202311140002,202311140002,client_id,1/22/2026,Comprehensive,211-Restaurant without Liquor,9,0,0,9,0,0
201804300010,201804300010,client_id,11/26/2025,Comprehensive,211-Restaurant without Liquor,4,1,0,3,0,1
202409270002,202409270002,client_id,1/15/2026,Comprehensive,202-Chain Restaurant with Liquor,3,0,0,3,0,0
35976,35976,client_id,7/22/2026,Comprehensive,201-Restaurant with Liquor,11,2,2,9,0,4
47329,47329,client_id,3/23/2026,Comprehensive,211-Restaurant without Liquor,10,2,2,7,0,2
47329,47329,client_id,3/25/2026,Reinspection,211-Restaurant without Liquor,3,0,0,3,0,0
202107260003,202107260003,client_id,8/31/2026,Comprehensive,212-Chain Restaurant without Liquor,2,0,0,2,0,0
202312130001,202312130001,client_id,6/8/2026,Comprehensive,212-Chain Restaurant without Liquor,1,0,0,1,0,0
35974,35974,client_id,9/11/2025,Administrative Action,201-Restaurant with Liquor,2,0,1,1,0,0
35974,35974,client_id,7/17/2026,Comprehensive,201-Restaurant with Liquor,13,0,3,11,0,0
202306280002,202306280002,client_id,8/13/2025,Comprehensive,202-Chain Restaurant with Liquor,6,3,0,3,0,3
200803180004,200803180004,client_id,2/4/2026,Comprehensive,211-Restaurant without Liquor,5,1,1,3,0,1
200008230002,200008230002,client_id,7/1/2026,Comprehensive,211-Restaurant without Liquor,6,1,0,5,0,1
55956,55956,client_id,10/27/2025,Comprehensive,211-Restaurant without Liquor,5,1,1,3,0,1
202302070001,202302070001,client_id,2/18/2026,Comprehensive,211-Restaurant without Liquor,15,2,3,11,0,3
200802250003,200802250003,client_id,10/21/2025,Comprehensive,211-Restaurant without Liquor,7,0,0,7,0,0
202205250004,202205250004,client_id,11/19/2025,Comprehensive,211-Restaurant without Liquor,12,2,2,9,0,2
202205250004,202205250004,client_id,11/21/2025,Partial Reinspection,211-Restaurant without Liquor,3,1,2,0,0,1
FSP-PERM-202511040267,,unlinked,1/13/2026,Comprehensive,212-Chain Restaurant w/o Liquor,3,0,2,1,0,0
202205100002,202205100002,client_id,12/18/2025,Comprehensive,211-Restaurant without Liquor,9,1,1,9,0,2
35439,35439,client_id,4/22/2026,Comprehensive,201-Restaurant with Liquor,5,1,0,5,0,1
7596,,unlinked,6/16/2026,Comprehensive,201-Restaurant with Liquor,9,1,0,8,0,1
202202010004,202202010004,client_id,10/14/2025,Comprehensive,201-Restaurant with Liquor,13,2,2,12,0,2
202202010004,202202010004,client_id,11/6/2025,Reinspection,201-Restaurant with Liquor,2,1,1,1,0,1
202202010004,202202010004,client_id,4/16/2026,Complaint,201-Restaurant with Liquor,2,0,0,1,0,0
202202010004,202202010004,client_id,6/25/2026,Comprehensive,201-Restaurant with Liquor,13,1,1,12,0,1
202309260004,202309260004,client_id,12/3/2025,Comprehensive,212-Chain Restaurant without Liquor,8,1,0,8,0,2
202504170002,202504170002,client_id,8/26/2025,Reinspection,202-Chain Restaurant with Liquor,5,0,0,5,0,0
202504170002,202504170002,client_id,4/16/2026,Comprehensive,202-Chain Restaurant with Liquor,7,1,1,5,0,1
56071,56071,client_id,1/8/2026,Comprehensive,201-Restaurant with Liquor,10,0,1,9,0,0
202310050002,202310050002,client_id,9/25/2025,Comprehensive,211-Restaurant without Liquor,3,1,0,2,0,1
FSP-PERM-202510150197,,unlinked,1/13/2026,Comprehensive,211-Restaurant w/o Liquor,2,0,0,2,0,0
202312220001,202312220001,client_id,2/26/2026,Comprehensive,201-Restaurant with Liquor,7,2,2,3,0,2
202002260001,202002260001,client_id,7/1/2026,Comprehensive,211-Restaurant without Liquor,15,2,3,10,0,2
200905040003,200905040003,client_id,5/12/2026,Comprehensive,211-Restaurant without Liquor,1,0,0,1,0,0
200004270006,200004270006,client_id,1/12/2026,Comprehensive,202-Chain Restaurant with Liquor,4,0,2,2,0,0
201607140002,201607140002,client_id,10/7/2025,Comprehensive,211-Restaurant without Liquor,8,0,2,5,0,0
201811190008,201811190008,client_id,8/20/2025,Comprehensive,212-Chain Restaurant without Liquor,1,0,0,1,0,0
201811190008,201811190008,client_id,12/18/2025,Comprehensive,212-Chain Restaurant without Liquor,0,0,0,0,0,0
201510050003,201510050003,client_id,1/8/2026,Comprehensive,212-Chain Restaurant without Liquor,0,0,0,0,0,0
200108130012,200108130012,client_id,1/9/2026,Comprehensive,202-Chain Restaurant with Liquor,0,0,0,0,0,0
201510050007,201510050007,client_id,1/7/2026,Comprehensive,202-Chain Restaurant with Liquor,1,0,0,1,0,0
201511120004,201511120004,client_id,1/5/2026,Comprehensive,201-Restaurant with Liquor,1,0,0,1,0,0
200108150005,200108150005,client_id,1/6/2026,Comprehensive,201-Restaurant with Liquor,0,0,0,0,0,0
200108150007,200108150007,client_id,1/5/2026,Comprehensive,202-Chain Restaurant with Liquor,0,0,0,0,0,0
200404260006,200404260006,client_id,12/16/2025,Comprehensive,212-Chain Restaurant without Liquor,7,1,0,9,0,1
FSP-PERM-202509290157,,unlinked,9/29/2025,Pre-Operational,211-Restaurant w/o Liquor,11,0,3,9,0,0
FSP-PERM-202509290157,,unlinked,10/22/2025,Reinspection,211-Restaurant w/o Liquor,6,0,1,5,0,0
36531,36531,client_id,7/9/2026,Comprehensive,201-Restaurant with Liquor,3,0,1,2,0,0
202207210007,202207210007,client_id,9/15/2025,Comprehensive,211-Restaurant without Liquor,6,1,3,2,0,2
202207210007,202207210007,client_id,9/23/2025,Reinspection,211-Restaurant without Liquor,0,0,0,0,0,0
202207210007,202207210007,client_id,9/30/2025,Service Request,211-Restaurant without Liquor,1,0,0,1,0,0
34456,34456,client_id,8/28/2025,Comprehensive,201-Restaurant with Liquor,14,2,1,13,0,2
34456,34456,client_id,9/25/2025,Reinspection,201-Restaurant with Liquor,10,0,0,10,0,0
201903060001,201903060001,client_id,11/10/2025,Comprehensive,201-Restaurant with Liquor,8,0,0,8,0,0
200707260003,200707260003,client_id,9/8/2025,Comprehensive,201-Restaurant with Liquor,13,4,3,9,0,5
48877,48877,client_id,10/29/2025,Comprehensive,201-Restaurant with Liquor,8,0,0,8,0,0
48877,48877,client_id,8/6/2026,Comprehensive,201-Restaurant with Liquor,9,0,0,9,0,0
201408250003,201408250003,client_id,9/15/2025,Comprehensive,212-Chain Restaurant without Liquor,11,1,3,8,0,1
201408250003,201408250003,client_id,9/17/2026,Comprehensive,212-Chain Restaurant without Liquor,6,0,0,6,0,0
199905130001,199905130001,client_id,6/10/2026,Comprehensive,201-Restaurant with Liquor,12,1,3,8,0,1
199905130001,199905130001,client_id,6/11/2026,Partial Reinspection,201-Restaurant with Liquor,1,0,1,0,0,0
199905130001,199905130001,client_id,7/9/2026,Reinspection,201-Restaurant with Liquor,13,2,3,8,0,2
199905130001,199905130001,client_id,7/30/2026,Partial Reinspection,201-Restaurant with Liquor,9,2,2,5,0,2
199905130001,199905130001,client_id,8/6/2026,Reinspection,201-Restaurant with Liquor,5,2,1,2,0,2
FSP-PERM-202510280244,,unlinked,10/31/2025,Partial Reinspection,211-Restaurant w/o Liquor,1,1,0,0,0,2
FSP-PERM-202510280244,,unlinked,12/17/2025,Comprehensive,211-Restaurant w/o Liquor,4,0,0,4,0,0
42896,42896,client_id,3/27/2026,Comprehensive,211-Restaurant without Liquor,5,0,0,5,0,0
57107,57107,client_id,7/9/2026,Comprehensive,201-Restaurant with Liquor,6,1,0,6,0,2
202204120002,202204120002,client_id,12/4/2025,Comprehensive,211-Restaurant without Liquor,6,1,1,5,0,2
56759,56759,client_id,9/29/2025,Comprehensive,201-Restaurant with Liquor,6,0,0,6,0,0
56759,56759,client_id,9/14/2026,Comprehensive,201-Restaurant with Liquor,9,0,2,9,0,0
200712050001,200712050001,client_id,2/3/2026,Comprehensive,202-Chain Restaurant with Liquor,1,0,0,1,0,0
47753,47753,client_id,12/15/2025,Complaint,202-Chain Restaurant with Liquor,1,0,0,1,0,0
47753,47753,client_id,2/11/2026,Comprehensive,202-Chain Restaurant with Liquor,2,0,0,2,0,0
56606,56606,client_id,6/17/2026,Comprehensive,212-Chain Restaurant without Liquor,2,0,0,2,0,0
201602090013,201602090013,client_id,9/16/2025,Comprehensive,212-Chain Restaurant without Liquor,8,1,0,7,0,2
201602090013,201602090013,client_id,8/13/2026,Comprehensive,Priority Code:,5,1,0,5,0,2
56614,56614,client_id,5/15/2026,Comprehensive,212-Chain Restaurant without Liquor,6,2,0,5,0,3
56614,56614,client_id,5/19/2026,Reinspection,212-Chain Restaurant without Liquor,1,1,0,0,0,1
200601230004,200601230004,client_id,3/30/2026,Comprehensive,212-Chain Restaurant without Liquor,7,1,1,5,0,1
200601230004,200601230004,client_id,4/2/2026,Partial Reinspection,212-Chain Restaurant without Liquor,1,0,0,1,0,0
200601230004,200601230004,client_id,8/13/2026,Complaint,212-Chain Restaurant without Liquor,0,0,0,0,0,0
202404260002,202404260002,client_id,4/20/2026,Comprehensive,201-Restaurant with Liquor,6,0,1,5,0,0
202408160001,202408160001,client_id,5/4/2026,Comprehensive,212-Chain Restaurant without Liquor,3,0,1,2,0,0
201707240005,201707240005,client_id,12/17/2025,Comprehensive,202-Chain Restaurant with Liquor,2,0,0,2,0,0
FSP-PERM-202604150244,,unlinked,4/15/2026,Comprehensive,211-Restaurant w/o Liquor,9,0,1,8,0,0
201105260001,201105260001,client_id,8/19/2025,Comprehensive,211-Restaurant without Liquor,12,3,4,6,0,5
201105260001,201105260001,client_id,9/4/2025,Reinspection,211-Restaurant without Liquor,10,2,3,6,0,2
201105260001,201105260001,client_id,2/24/2026,Comprehensive,211-Restaurant without Liquor,10,1,2,7,0,1
201105260001,201105260001,client_id,8/27/2026,Comprehensive,211-Restaurant without Liquor,14,3,4,9,0,5
201105260001,201105260001,client_id,9/16/2026,Reinspection,211-Restaurant without Liquor,8,3,1,5,0,4
201409290002,201409290002,client_id,4/22/2026,Comprehensive,211-Restaurant without Liquor,3,1,1,1,0,1
201105160002,201105160002,client_id,6/17/2026,Comprehensive,211-Restaurant without Liquor,15,3,0,12,0,4
201208060001,201208060001,client_id,5/15/2026,Comprehensive,212-Chain Restaurant without Liquor,9,0,1,8,0,0
201202030003,201202030003,client_id,7/20/2026,Comprehensive,211-Restaurant without Liquor,5,1,1,3,0,1
201711140007,201711140007,client_id,11/24/2025,Comprehensive,212-Chain Restaurant without Liquor,7,1,0,7,0,1
201310230004,201310230004,client_id,10/7/2025,Comprehensive,212-Chain Restaurant without Liquor,1,0,1,0,0,0
201310230004,201310230004,client_id,8/20/2026,Comprehensive,212-Chain Restaurant without Liquor,2,0,1,1,0,0
200303070003,200303070003,client_id,10/7/2025,Comprehensive,212-Chain Restaurant without Liquor,3,0,1,2,0,0
200303070003,200303070003,client_id,8/20/2026,Comprehensive,212-Chain Restaurant without Liquor,2,0,1,1,0,0
202410150005,202410150005,client_id,7/24/2026,Comprehensive,211-Restaurant without Liquor,5,0,0,5,0,0
FSP-PERM-202511190316,,unlinked,11/19/2025,Consultation,201-Restaurant w/Liquor,0,0,0,0,0,0
FSP-PERM-202511190316,,unlinked,12/17/2025,Pre-Operational,201-Restaurant w/Liquor,1,0,0,1,0,0
FSP-PERM-202511190316,,unlinked,4/2/2026,Comprehensive,201-Restaurant w/Liquor,4,2,0,2,0,2
FSP-PERM-202511190316,,unlinked,9/11/2026,Service Request,201-Restaurant w/Liquor,0,0,0,0,0,0
FSP-PERM-202603180187,,unlinked,3/18/2026,Pre-Operational,"201-Restaurant w/Liquor,172-Food Processor",5,0,1,4,0,0
201505050002,201505050002,client_id,10/29/2025,Comprehensive,211-Restaurant without Liquor,3,0,1,2,0,0
201505050002,201505050002,client_id,7/10/2026,Complaint,211-Restaurant without Liquor,0,0,0,0,0,0
FSP-PERM-202512170471,,unlinked,12/17/2025,Comprehensive,202-Chain Restaurant w/Liquor,11,1,0,10,0,1
FSP-PERM-202512170471,,unlinked,3/11/2026,Complaint,202-Chain Restaurant w/Liquor,1,0,1,0,0,0
FSP-PERM-202512170471,,unlinked,3/13/2026,Reinspection,202-Chain Restaurant w/Liquor,0,0,0,0,0,0
FSP-PERM-202512170471,,unlinked,3/13/2026,Complaint,202-Chain Restaurant w/Liquor,2,0,1,1,0,0
FSP-PERM-202512170471,,unlinked,6/22/2026,Complaint,202-Chain Restaurant w/Liquor,3,0,0,3,0,0
202503050006,202503050006,client_id,4/22/2026,Comprehensive,211-Restaurant without Liquor,4,0,0,4,0,0
202203290001,202203290001,client_id,6/17/2026,Comprehensive,211-Restaurant without Liquor,6,0,1,5,0,0
201903110001,201903110001,client_id,5/11/2026,Comprehensive,201-Restaurant with Liquor,11,1,3,7,0,1
202306200001,202306200001,client_id,10/2/2025,Comprehensive,202-Chain Restaurant with Liquor,10,4,0,6,0,4
202306200001,202306200001,client_id,10/10/2025,Reinspection,202-Chain Restaurant with Liquor,3,0,0,3,0,0
202306200001,202306200001,client_id,5/1/2026,Comprehensive,202-Chain Restaurant with Liquor,6,1,2,3,0,1
FSP-PERM-202511180311,,unlinked,11/19/2025,Pre-Operational,211-Restaurant w/o Liquor,9,0,0,10,0,0
FSP-PERM-202511180311,,unlinked,12/17/2025,Pre-Operational,211-Restaurant w/o Liquor,1,0,0,2,0,0
FSP-PERM-202511180311,,unlinked,1/15/2026,Comprehensive,211-Restaurant w/o Liquor,5,0,0,5,0,0
FSP-PERM-202512230490,,unlinked,4/9/2026,Comprehensive,201-Restaurant w/Liquor,6,1,1,4,0,1
202308080004,202308080004,client_id,7/13/2026,Comprehensive,201-Restaurant with Liquor,4,3,0,1,0,3
202211220001,202211220001,client_id,8/20/2025,Comprehensive,211-Restaurant without Liquor,9,1,1,7,0,1
202211220001,202211220001,client_id,8/5/2026,Comprehensive,211-Restaurant without Liquor,9,2,2,5,0,2
30075,30075,client_id,9/11/2025,Comprehensive,211-Restaurant without Liquor,6,1,1,4,0,1
201512180002,201512180002,client_id,1/2/2026,Comprehensive,211-Restaurant without Liquor,8,1,2,5,0,1
201512180002,201512180002,client_id,6/4/2026,Complaint,211-Restaurant without Liquor,4,1,0,3,0,1
201512180002,201512180002,client_id,7/6/2026,Reinspection,211-Restaurant without Liquor,2,1,0,1,0,1
201512180002,201512180002,client_id,7/23/2026,Complaint,211-Restaurant without Liquor,0,0,0,0,0,0
201607180001,201607180001,client_id,3/10/2026,Comprehensive,211-Restaurant without Liquor,11,0,1,10,0,0
200707100003,200707100003,client_id,9/18/2025,Comprehensive,211-Restaurant without Liquor,12,1,1,11,0,2
200707100003,200707100003,client_id,10/15/2025,Reinspection,211-Restaurant without Liquor,5,1,1,4,0,2
202403110007,202403110007,client_id,4/14/2026,Comprehensive,201-Restaurant with Liquor,13,2,2,9,0,2
202403110007,202403110007,client_id,4/21/2026,Reinspection,201-Restaurant with Liquor,4,0,0,4,0,0
202403110007,202403110007,client_id,5/4/2026,Partial Reinspection,201-Restaurant with Liquor,0,0,0,0,0,0
FSP-PERM-202508180040,,unlinked,8/18/2025,Change of Ownership,211-Restaurant w/o Liquor,10,1,1,8,0,1
FSP-PERM-202508180040,,unlinked,9/19/2025,Comprehensive,211-Restaurant w/o Liquor,11,1,2,9,0,2
202501030001,202501030001,client_id,11/3/2025,Comprehensive,212-Chain Restaurant without Liquor,10,0,4,6,0,0
202501030001,202501030001,client_id,5/6/2026,Comprehensive,212-Chain Restaurant without Liquor,14,0,2,13,0,0
FSP-PERM-202512080421,,unlinked,12/8/2025,Comprehensive,212-Chain Restaurant w/o Liquor,14,2,3,8,0,2
FSP-PERM-202512080421,,unlinked,12/22/2025,Reinspection,212-Chain Restaurant w/o Liquor,3,1,2,1,0,2
FSP-PERM-202512080421,,unlinked,6/12/2026,Comprehensive,212-Chain Restaurant w/o Liquor,16,2,4,11,1,3
FSP-PERM-202512080421,,unlinked,6/15/2026,Partial Reinspection,212-Chain Restaurant w/o Liquor,1,0,0,0,1,0
201802130005,201802130005,client_id,4/2/2026,Comprehensive,202-Chain Restaurant with Liquor,12,1,3,9,0,1
200908260007,200908260007,client_id,6/18/2026,Comprehensive,212-Chain Restaurant without Liquor,10,0,0,10,0,0
6172,,unlinked,9/23/2025,Service Request,201-Restaurant with Liquor,3,0,1,1,0,0
6172,,unlinked,8/26/2026,Complaint,201-Restaurant with Liquor,0,0,0,0,0,0
200207290001,200207290001,client_id,2/25/2026,Comprehensive,201-Restaurant with Liquor,3,1,0,2,0,1
200212300001,200212300001,client_id,11/7/2025,Comprehensive,201-Restaurant with Liquor,9,0,0,9,0,0
42996,42996,client_id,12/17/2025,Comprehensive,212-Chain Restaurant without Liquor,9,1,2,7,0,1
202209210002,202209210002,client_id,8/26/2025,Comprehensive,211-Restaurant without Liquor,11,1,3,8,0,2
200301280004,200301280004,client_id,9/30/2025,Comprehensive,201-Restaurant with Liquor,12,0,1,11,0,0
200301280004,200301280004,client_id,8/25/2026,Comprehensive,201-Restaurant with Liquor,8,1,2,5,0,1
9382,,unlinked,9/30/2025,Comprehensive,201-Restaurant with Liquor,10,2,0,9,0,4
10711,10711,client_id,10/10/2025,Comprehensive,201-Restaurant with Liquor,6,0,1,5,0,0
202101210001,202101210001,client_id,9/24/2025,Comprehensive,202-Chain Restaurant with Liquor,15,2,5,9,0,2
202101210001,202101210001,client_id,10/3/2025,Reinspection,202-Chain Restaurant with Liquor,7,0,0,7,0,0
202101210001,202101210001,client_id,5/7/2026,Comprehensive,Priority Code:,7,1,2,4,0,1
202101210001,202101210001,client_id,6/17/2026,Reinspection,212-Chain Restaurant w/o Liquor,1,0,0,1,0,0
FSP-PERM-202606260395,,unlinked,7/27/2026,Comprehensive,211-Restaurant w/o Liquor,5,1,0,4,0,1
202008030003,202008030003,client_id,10/14/2025,Comprehensive,201-Restaurant with Liquor,18,5,2,13,0,7
202008030003,202008030003,client_id,10/29/2025,Reinspection,201-Restaurant with Liquor,5,1,0,5,0,2
202008030003,202008030003,client_id,5/5/2026,Comprehensive,201-Restaurant with Liquor,12,0,5,9,0,0
202008030003,202008030003,client_id,5/27/2026,Reinspection,201-Restaurant with Liquor,11,1,2,8,0,1
201602180003,201602180003,client_id,12/11/2025,Comprehensive,201-Restaurant with Liquor,5,0,0,5,0,0
202103240003,202103240003,client_id,1/5/2026,Comprehensive,201-Restaurant with Liquor,12,0,4,8,0,0
202103240003,202103240003,client_id,2/2/2026,Reinspection,201-Restaurant with Liquor,5,0,1,4,0,0
202103240003,202103240003,client_id,7/2/2026,Service Request,201-Restaurant with Liquor,0,0,0,0,0,0
FSP-PERM-202510210224,,unlinked,10/27/2025,Pre-Operational,212-Chain Restaurant w/o Liquor,2,0,0,2,0,0
FSP-PERM-202510210224,,unlinked,12/8/2025,Comprehensive,212-Chain Restaurant w/o Liquor,1,0,0,1,0,0
202309060001,202309060001,client_id,9/17/2026,Comprehensive,212-Chain Restaurant without Liquor,4,0,1,3,0,0
202307110008,202307110008,client_id,11/10/2025,Comprehensive,211-Restaurant without Liquor,4,2,0,2,0,4
202307110008,202307110008,client_id,12/2/2025,Reinspection,211-Restaurant without Liquor,0,0,0,0,0,0
56965,56965,client_id,2/3/2026,Comprehensive,212-Chain Restaurant without Liquor,4,0,0,4,0,0
56965,56965,client_id,2/5/2026,Service Request,212-Chain Restaurant without Liquor,1,0,0,1,0,0
202312260001,202312260001,client_id,12/23/2025,Complaint,212-Chain Restaurant without Liquor,0,0,0,0,0,0
202312260001,202312260001,client_id,2/27/2026,Comprehensive,212-Chain Restaurant without Liquor,4,0,0,4,0,0
202201270006,202201270006,client_id,8/12/2025,Comprehensive,212-Chain Restaurant without Liquor,6,1,2,3,0,1
202201270006,202201270006,client_id,10/20/2025,Complaint,212-Chain Restaurant without Liquor,0,0,0,0,0,0
202201270006,202201270006,client_id,9/2/2026,Comprehensive,212-Chain Restaurant without Liquor,5,0,0,5,0,0
FSP-PERM-202604280273,,unlinked,4/28/2026,Pre-Operational,211-Restaurant w/o Liquor,2,0,0,2,0,0
FSP-PERM-202604280273,,unlinked,7/1/2026,Comprehensive,211-Restaurant w/o Liquor,0,0,0,0,0,0
202409130002,202409130002,client_id,11/5/2025,Comprehensive,201-Restaurant with Liquor,4,0,1,3,0,0
202409130002,202409130002,client_id,4/15/2026,Service Request,201-Restaurant with Liquor,0,0,0,0,0,0
201812190001,201812190001,client_id,12/12/2025,Comprehensive,211-Restaurant w/o Liquor,9,1,1,8,0,2
201812190001,201812190001,client_id,2/20/2026,Complaint,211-Restaurant w/o Liquor,1,1,0,1,0,2
202310020010,202310020010,client_id,11/18/2025,Comprehensive,211-Restaurant without Liquor,8,2,0,6,0,2
202208190005,202208190005,client_id,12/4/2025,Comprehensive,211-Restaurant without Liquor,4,1,1,2,0,2
202208190005,202208190005,client_id,3/31/2026,Suspected Illness,211-Restaurant without Liquor,2,0,2,0,0,0
202006120012,202006120012,client_id,9/8/2025,Comprehensive,212-Chain Restaurant without Liquor,8,1,2,6,0,2
202006120012,202006120012,client_id,9/14/2026,Comprehensive,212-Chain Restaurant without Liquor,9,1,3,6,0,2
201806200002,201806200002,client_id,1/21/2026,Comprehensive,211-Restaurant without Liquor,6,0,0,6,0,0
201804300016,201804300016,client_id,12/15/2025,Comprehensive,211-Restaurant without Liquor,3,0,2,2,0,0
202408010007,202408010007,client_id,11/4/2025,Comprehensive,211-Restaurant without Liquor,8,0,2,6,0,0
202007220004,202007220004,client_id,2/2/2026,Comprehensive,211-Restaurant without Liquor,8,1,1,6,0,1
202007220004,202007220004,client_id,8/3/2026,Comprehensive,211-Restaurant without Liquor,7,0,1,6,0,0
201707100008,201707100008,client_id,9/10/2025,Complaint,212-Chain Restaurant without Liquor,0,0,0,0,0,0
201707100008,201707100008,client_id,12/11/2025,Comprehensive,212-Chain Restaurant without Liquor,6,0,3,3,0,0
201707100008,201707100008,client_id,12/11/2025,Complaint,212-Chain Restaurant without Liquor,0,0,0,0,0,0
201707100008,201707100008,client_id,6/22/2026,Complaint,212-Chain Restaurant without Liquor,1,0,1,0,0,0
FSP-PERM-202608170482,201509010001,same_address_record,8/18/2026,Pre-Operational,201-Restaurant w/Liquor,11,0,1,10,0,0
201509010001,201509010001,client_id,11/13/2025,Comprehensive,201-Restaurant with Liquor,8,1,4,4,0,1
202203170002,202203170002,client_id,12/16/2025,Comprehensive,202-Chain Restaurant with Liquor,9,1,1,7,0,1
FSP-PERM-202602250127,,unlinked,2/25/2026,Pre-Operational,202-Chain Restaurant w/Liquor,0,0,0,0,0,0
FSP-PERM-202602250127,,unlinked,6/9/2026,Comprehensive,202-Chain Restaurant w/Liquor,4,1,1,2,0,1
200707270001,200707270001,client_id,1/21/2026,Service Request,201-Restaurant with Liquor,1,0,0,1,0,0
200707270001,200707270001,client_id,5/20/2026,Comprehensive,201-Restaurant with Liquor,7,2,2,4,0,3
200707270001,200707270001,client_id,5/22/2026,Reinspection,201-Restaurant with Liquor,0,0,0,0,0,0
200712170027,200712170027,client_id,1/21/2026,Comprehensive,201-Restaurant with Liquor,9,0,2,7,0,0
47115,47115,client_id,4/1/2026,Reinspection,201-Restaurant with Liquor,2,1,1,1,0,2
47115,47115,client_id,3/25/2026,Comprehensive,201-Restaurant with Liquor,15,3,5,12,0,5
47115,47115,client_id,4/30/2026,Reinspection,201-Restaurant with Liquor,16,4,3,12,0,6
47115,47115,client_id,5/7/2026,Reinspection,201-Restaurant with Liquor,2,0,1,1,0,0
47115,47115,client_id,7/9/2026,Comprehensive,201-Restaurant with Liquor,13,2,5,6,0,2
47115,47115,client_id,7/22/2026,Reinspection,201-Restaurant with Liquor,7,1,0,6,0,1
201012140007,201012140007,client_id,8/29/2025,Comprehensive,211-Restaurant without Liquor,2,0,0,2,0,0
201012140007,201012140007,client_id,8/6/2026,Comprehensive,211-Restaurant without Liquor,2,0,0,2,0,0
35583,35583,client_id,8/26/2025,Comprehensive,201-Restaurant with Liquor,0,0,0,3,0,0
201511300007,201511300007,client_id,9/3/2025,Comprehensive,201-Restaurant with Liquor,4,0,2,2,0,0
201511300007,201511300007,client_id,6/17/2026,Complaint,201-Restaurant w/Liquor,2,0,0,1,1,0
201511300007,201511300007,client_id,8/26/2026,Comprehensive,201-Restaurant w/Liquor,9,2,3,4,0,2
35322,35322,client_id,8/27/2025,Comprehensive,201-Restaurant with Liquor,10,3,4,4,0,4
35322,35322,client_id,9/10/2025,Reinspection,201-Restaurant with Liquor,2,0,1,1,0,0
54424,54424,client_id,8/12/2025,Comprehensive,201-Restaurant with Liquor,8,2,3,4,0,2
54424,54424,client_id,8/25/2025,Reinspection,201-Restaurant with Liquor,2,0,2,1,0,0
54424,54424,client_id,4/8/2026,Comprehensive,201-Restaurant with Liquor,5,1,1,3,0,1
FSP-PERM-202509100102,,unlinked,9/12/2025,Comprehensive,Priority Code:,10,0,1,9,0,0
FSP-PERM-202509100102,,unlinked,12/4/2025,Complaint,212-Chain Restaurant w/o Liquor,0,0,0,0,0,0
202405010003,202405010003,client_id,12/5/2025,Comprehensive,201-Restaurant with Liquor,4,0,0,4,0,0
202405010003,202405010003,client_id,6/18/2026,Comprehensive,201-Restaurant with Liquor,4,0,1,4,0,0
FSP-PERM-202608180487,,unlinked,8/18/2026,Change of Ownership,Priority Code:,17,2,5,11,0,3
FSP-PERM-202608180487,,unlinked,8/20/2026,Reinspection,211-Restaurant w/o Liquor,3,0,2,1,0,0
FSP-PERM-202608180487,,unlinked,8/31/2026,Partial Reinspection,211-Restaurant w/o Liquor,3,1,2,0,0,1
202502100003,202502100003,client_id,12/23/2025,Reinspection,211-Restaurant without Liquor,5,1,3,1,0,1
50862,50862,client_id,2/4/2026,Comprehensive,212-Chain Restaurant without Liquor,12,1,2,10,0,1
201603170004,201603170004,client_id,10/2/2025,Comprehensive,201-Restaurant with Liquor,7,0,4,4,0,0
201001290003,201001290003,client_id,5/18/2026,Comprehensive,211-Restaurant without Liquor,5,0,3,2,0,0
9280,,unlinked,8/28/2025,Comprehensive,201-Restaurant with Liquor,4,0,1,3,0,0
9280,,unlinked,8/12/2026,Comprehensive,201-Restaurant with Liquor,6,2,1,5,0,3
202208220005,202208220005,client_id,11/13/2025,Comprehensive,202-Chain Restaurant with Liquor,8,1,1,8,0,2
202208220005,202208220005,client_id,8/20/2026,Foodborne Illness,202-Chain Restaurant with Liquor,10,6,4,5,0,10
202208220005,202208220005,client_id,8/21/2026,Reinspection,202-Chain Restaurant with Liquor,5,2,1,2,0,3
200803070012,200803070012,client_id,6/16/2026,Comprehensive,212-Chain Restaurant without Liquor,4,0,1,3,0,0
200803070012,200803070012,client_id,7/22/2026,Complaint,212-Chain Restaurant without Liquor,0,0,0,0,0,0
201710260002,201710260002,client_id,3/18/2026,Comprehensive,212-Chain Restaurant without Liquor,4,1,1,4,0,2
FSP-PERM-202512080418,,unlinked,12/8/2025,Pre-Operational,212-Chain Restaurant w/o Liquor,4,0,0,4,0,0
FSP-PERM-202512080418,,unlinked,2/4/2026,Comprehensive,212-Chain Restaurant w/o Liquor,1,0,0,1,0,0
202005260003,202005260003,client_id,3/10/2026,Comprehensive,211-Restaurant without Liquor,5,0,1,4,0,0
202507100004,202507100004,client_id,9/5/2025,Comprehensive,202-Chain Restaurant with Liquor,0,0,0,0,0,0
202507100004,202507100004,client_id,10/2/2025,Complaint,202-Chain Restaurant with Liquor,0,0,0,0,0,0
202507100004,202507100004,client_id,12/12/2025,Foodborne Illness,202-Chain Restaurant with Liquor,1,1,0,0,0,1
47720,47720,client_id,9/29/2025,Comprehensive,202-Chain Restaurant with Liquor,7,1,3,3,0,1
201511040008,201511040008,client_id,11/17/2025,Comprehensive,211-Restaurant without Liquor,6,0,0,6,0,0
201511040008,201511040008,client_id,8/6/2026,Comprehensive,211-Restaurant without Liquor,8,1,3,4,0,1
201511040008,201511040008,client_id,8/13/2026,Reinspection,211-Restaurant without Liquor,2,0,0,2,0,0
201702030002,201702030002,client_id,9/9/2025,Comprehensive,211-Restaurant without Liquor,1,2,0,1,0,1
201702030002,201702030002,client_id,9/3/2026,Comprehensive,Priority Code:,7,1,3,5,0,3
FSP-PERM-202603110166,200111260001,same_address_record,3/11/2026,Comprehensive,211-Restaurant w/o Liquor,13,2,1,11,0,3
FSP-PERM-202603110166,200111260001,same_address_record,3/25/2026,Reinspection,211-Restaurant w/o Liquor,0,0,0,0,0,0
200901220005,200901220005,client_id,1/21/2026,Comprehensive,211-Restaurant without Liquor,11,2,3,6,0,2
200001130003,200001130003,client_id,2/12/2026,Comprehensive,211-Restaurant without Liquor,10,3,1,7,0,4
200001130003,200001130003,client_id,2/19/2026,Reinspection,211-Restaurant without Liquor,3,0,0,3,0,0
200001130003,200001130003,client_id,3/19/2026,Complaint,211-Restaurant without Liquor,1,0,0,1,0,0
202502030002,202502030002,client_id,2/4/2026,Comprehensive,211-Restaurant without Liquor,5,0,2,3,0,0
FSP-PERM-202512160437,,unlinked,9/22/2026,Complaint,212-Chain Restaurant w/o Liquor,1,1,0,0,0,1
201012030004,201012030004,client_id,8/27/2025,Reinspection,212-Chain Restaurant without Liquor,0,0,0,0,0,0
201012030004,201012030004,client_id,6/16/2026,Comprehensive,212-Chain Restaurant without Liquor,1,0,0,1,0,0
201602290006,201602290006,client_id,9/22/2025,Comprehensive,212-Chain Restaurant without Liquor,3,0,0,3,0,0
201602290006,201602290006,client_id,8/7/2026,Comprehensive,212-Chain Restaurant without Liquor,4,1,1,2,0,1
201602290006,201602290006,client_id,8/10/2026,Reinspection,212-Chain Restaurant without Liquor,0,0,0,0,0,0
202312210002,202312210002,client_id,2/25/2026,Comprehensive,Priority Code:,6,0,1,5,0,0
202312210002,202312210002,client_id,8/5/2026,Complaint,212-Chain Restaurant w/o Liquor,1,0,0,1,0,0
202312210002,202312210002,client_id,9/10/2026,Complaint,212-Chain Restaurant w/o Liquor,2,0,0,2,0,0
200309190002,200309190002,client_id,8/27/2025,Comprehensive,211-Restaurant without Liquor,17,3,6,10,0,4
200309190002,200309190002,client_id,8/28/2025,Reinspection,211-Restaurant without Liquor,0,0,0,0,0,0
200309190002,200309190002,client_id,2/2/2026,Comprehensive,211-Restaurant without Liquor,17,4,6,9,0,5
200309190002,200309190002,client_id,3/2/2026,Reinspection,211-Restaurant without Liquor,3,1,1,1,0,1
200309190002,200309190002,client_id,8/17/2026,Comprehensive,211-Restaurant without Liquor,18,5,3,13,0,7
202108090002,202108090002,client_id,1/29/2026,Comprehensive,212-Chain Restaurant without Liquor,6,0,2,4,0,0
201905230001,201905230001,client_id,4/16/2026,Comprehensive,123-Mobile (Tier 2,1,0,0,1,0,0
201905230001,201905230001,client_id,7/29/2026,Comprehensive,123-Mobile (Tier 2,1,0,0,1,0,0
201809110001,201809110001,client_id,4/16/2026,Comprehensive,211-Restaurant without Liquor,8,0,3,5,0,0
200910070013,200910070013,client_id,11/25/2025,Comprehensive,202-Chain Restaurant with Liquor,2,0,0,2,0,0
202304280001,202304280001,client_id,10/27/2025,Comprehensive,202-Chain Restaurant with Liquor,7,0,2,5,0,0
FSP-PERM-202603160177,,unlinked,3/30/2026,Pre-Operational,211-Restaurant w/o Liquor,8,0,0,8,0,0
FSP-PERM-202603160177,,unlinked,6/4/2026,Comprehensive,211-Restaurant w/o Liquor,5,0,1,4,0,0
202404260001,202404260001,client_id,5/15/2026,Comprehensive,211-Restaurant without Liquor,5,1,0,5,0,2
201302120007,201302120007,client_id,1/15/2026,Comprehensive,201-Restaurant with Liquor,9,1,2,6,0,1
201302120007,201302120007,client_id,2/13/2026,Reinspection,201-Restaurant with Liquor,4,0,1,4,0,0
202312180001,202312180001,client_id,4/30/2026,Comprehensive,Priority Code:,11,1,4,6,0,1
202312180001,202312180001,client_id,5/22/2026,Reinspection,211-Restaurant w/o Liquor,6,1,2,4,0,1
202312180001,202312180001,client_id,8/21/2026,Partial Reinspection,211-Restaurant w/o Liquor,2,0,0,2,0,0
202301250004,202301250004,client_id,8/20/2025,Comprehensive,212-Chain Restaurant without Liquor,17,4,6,9,0,6
202301250004,202301250004,client_id,8/28/2025,Reinspection,212-Chain Restaurant without Liquor,17,3,7,8,0,3
202301250004,202301250004,client_id,9/11/2025,Reinspection,212-Chain Restaurant without Liquor,8,2,4,3,0,3
202301250004,202301250004,client_id,12/12/2025,Complaint,212-Chain Restaurant without Liquor,1,0,0,1,0,0
202301250004,202301250004,client_id,5/19/2026,Comprehensive,212-Chain Restaurant without Liquor,12,1,3,10,0,2
FSP-PERM-202601270055,,unlinked,1/30/2026,Comprehensive,211-Restaurant w/o Liquor,3,1,1,1,0,1
201006220012,201006220012,client_id,7/24/2026,Comprehensive,211-Restaurant without Liquor,8,0,2,6,0,0
FSP-PERM-202605060294,,unlinked,5/6/2026,Pre-Operational,212-Chain Restaurant w/o Liquor,5,0,0,5,0,0
202102120001,202102120001,client_id,9/16/2025,Comprehensive,202-Chain Restaurant with Liquor,11,2,4,7,0,2
202102120001,202102120001,client_id,10/1/2025,Reinspection,202-Chain Restaurant with Liquor,6,1,2,4,0,2
202304110006,202304110006,client_id,3/30/2026,Comprehensive,202-Chain Restaurant with Liquor,5,1,1,4,0,2
202410280002,202410280002,client_id,2/4/2026,Comprehensive,211-Restaurant without Liquor,7,0,2,6,0,0
201602010012,201602010012,client_id,5/4/2026,Comprehensive,212-Chain Restaurant without Liquor,7,1,3,3,0,1
201602010012,201602010012,client_id,5/8/2026,Reinspection,212-Chain Restaurant without Liquor,0,0,0,0,0,0
202208290002,202208290002,client_id,10/21/2025,Comprehensive,211-Restaurant without Liquor,3,0,0,3,0,0
202007100001,202007100001,client_id,11/17/2025,Comprehensive,201-Restaurant with Liquor,6,0,1,5,0,0
202007100001,202007100001,client_id,9/3/2026,Comprehensive,201-Restaurant with Liquor,4,1,3,1,0,2
202007010001,202007010001,client_id,12/18/2025,Comprehensive,202-Chain Restaurant with Liquor,3,0,0,3,0,0
201610240010,201610240010,client_id,11/24/2025,Comprehensive,202-Chain Restaurant with Liquor,4,1,1,3,0,1
202109230005,202109230005,client_id,2/2/2026,Comprehensive,202-Chain Restaurant with Liquor,6,1,3,2,0,1
200306270002,200306270002,client_id,1/13/2026,Comprehensive,201-Restaurant with Liquor,7,0,1,6,0,0
201803070018,201803070018,client_id,3/12/2026,Comprehensive,201-Restaurant with Liquor,9,2,4,5,0,3
201803070018,201803070018,client_id,3/27/2026,Reinspection,201-Restaurant with Liquor,2,0,2,0,0,0
201401160005,201401160005,client_id,3/16/2026,Comprehensive,211-Restaurant without Liquor,9,1,3,6,0,1
202309260007,202309260007,client_id,8/25/2025,Reinspection,211-Restaurant without Liquor,2,0,0,2,0,0
202309260007,202309260007,client_id,9/29/2025,Reinspection,211-Restaurant without Liquor,2,0,0,2,0,0
202309260007,202309260007,client_id,5/21/2026,Comprehensive,211-Restaurant without Liquor,14,1,1,12,0,1
202309260007,202309260007,client_id,6/24/2026,Reinspection,211-Restaurant without Liquor,6,0,1,5,0,0
200306100005,200306100005,client_id,3/13/2026,Comprehensive,201-Restaurant with Liquor,1,0,0,1,0,0
FSP-PERM-202512020394,,unlinked,3/27/2026,Comprehensive,201-Restaurant w/Liquor,12,2,4,7,0,3
201205310007,201205310007,client_id,10/8/2025,Complaint,202-Chain Restaurant with Liquor,0,0,0,0,0,0
201205310007,201205310007,client_id,6/8/2026,Comprehensive,202-Chain Restaurant with Liquor,6,0,1,5,0,0
FSP-PERM-202608240497,,unlinked,8/25/2026,Change of Ownership,211-Restaurant w/o Liquor,12,0,0,12,0,0
202306260004,202306260004,client_id,1/22/2026,Comprehensive,212-Chain Restaurant without Liquor,3,0,0,3,0,0
201505270002,201505270002,client_id,10/31/2025,Comprehensive,212-Chain Restaurant without Liquor,8,0,2,7,0,0
48049,48049,client_id,8/20/2025,Comprehensive,201-Restaurant with Liquor,8,0,3,5,0,0
48049,48049,client_id,7/23/2026,Consultation,201-Restaurant with Liquor,0,0,0,0,0,0
48049,48049,client_id,9/8/2026,Consultation,201-Restaurant with Liquor,0,0,0,0,0,0
202505070005,202505070005,client_id,10/3/2025,Comprehensive,202-Chain Restaurant with Liquor,6,0,2,4,0,0
202505070005,202505070005,client_id,9/16/2026,Comprehensive,202-Chain Restaurant with Liquor,6,2,1,4,0,3
200006070002,200006070002,client_id,2/5/2026,Comprehensive,202-Chain Restaurant with Liquor,3,0,0,3,0,0
200006070002,200006070002,client_id,7/22/2026,Complaint,202-Chain Restaurant with Liquor,1,1,0,0,0,1
FSP-PERM-202604290277,,unlinked,4/29/2026,Pre-Operational,212-Chain Restaurant w/o Liquor,3,0,0,3,0,0
FSP-PERM-202604290277,,unlinked,6/24/2026,Comprehensive,212-Chain Restaurant w/o Liquor,3,0,1,2,0,0
202212020004,202212020004,client_id,2/23/2026,Comprehensive,201-Restaurant with Liquor,10,1,2,8,0,2
202302090005,202302090005,client_id,5/7/2026,Comprehensive,211-Restaurant without Liquor,12,1,3,9,0,2
202302090005,202302090005,client_id,5/28/2026,Reinspection,211-Restaurant without Liquor,0,0,0,0,0,0
201006300004,201006300004,client_id,10/30/2025,Complaint,212-Chain Restaurant without Liquor,1,0,0,1,0,0
201006300004,201006300004,client_id,1/13/2026,Comprehensive,212-Chain Restaurant without Liquor,9,2,0,7,0,2
201006300004,201006300004,client_id,7/29/2026,Comprehensive,212-Chain Restaurant without Liquor,5,0,1,4,0,0
202209200005,202209200005,client_id,9/4/2025,Comprehensive,202-Chain Restaurant with Liquor,4,0,0,4,0,0
200003070001,200003070001,client_id,9/12/2025,Complaint,211-Restaurant without Liquor,0,0,0,0,0,0
200003070001,200003070001,client_id,6/5/2026,Comprehensive,211-Restaurant without Liquor,3,1,0,2,0,1
200905210007,200905210007,client_id,9/18/2025,Complaint,212-Chain Restaurant without Liquor,5,1,2,3,0,2
200905210007,200905210007,client_id,10/8/2025,Comprehensive,212-Chain Restaurant without Liquor,12,3,3,7,0,3
200905210007,200905210007,client_id,11/17/2025,Reinspection,212-Chain Restaurant without Liquor,4,1,2,1,0,1
200905210007,200905210007,client_id,2/26/2026,Complaint,212-Chain Restaurant without Liquor,4,3,2,0,0,4
200905210007,200905210007,client_id,5/28/2026,Comprehensive,212-Chain Restaurant without Liquor,13,2,5,8,0,2
201908220002,201908220002,client_id,8/14/2025,Complaint,212-Chain Restaurant without Liquor,0,0,0,0,0,0
201908220002,201908220002,client_id,10/21/2025,Comprehensive,212-Chain Restaurant without Liquor,7,0,2,5,0,0
201908220002,201908220002,client_id,8/14/2026,Comprehensive,212-Chain Restaurant without Liquor,5,0,1,4,0,0
11859,11859,client_id,1/15/2026,Comprehensive,212-Chain Restaurant without Liquor,1,0,0,1,0,0
50900,50900,client_id,4/15/2026,Comprehensive,211-Restaurant without Liquor,3,0,0,3,0,0
201703140006,201703140006,client_id,9/30/2025,Service Request,202-Chain Restaurant with Liquor,0,0,0,0,0,0
201703140006,201703140006,client_id,1/15/2026,Comprehensive,202-Chain Restaurant with Liquor,14,3,5,10,0,5
201703140006,201703140006,client_id,1/23/2026,Reinspection,202-Chain Restaurant with Liquor,10,0,2,9,0,0
201703140006,201703140006,client_id,4/15/2026,Consultation,202-Chain Restaurant with Liquor,0,0,0,0,0,0
201703140006,201703140006,client_id,8/11/2026,Comprehensive,202-Chain Restaurant with Liquor,9,2,4,6,0,4
201703140006,201703140006,client_id,8/25/2026,Reinspection,202-Chain Restaurant with Liquor,8,1,2,6,0,2
202107070003,202107070003,client_id,12/19/2025,Comprehensive,211-Restaurant without Liquor,9,0,1,8,0,0
202311280007,202311280007,client_id,11/21/2025,Comprehensive,212-Chain Restaurant without Liquor,7,2,1,4,0,2
201910310006,201910310006,client_id,10/7/2025,Comprehensive,212-Chain Restaurant without Liquor,4,0,2,2,0,0
202111100002,202111100002,client_id,2/20/2026,Comprehensive,212-Chain Restaurant without Liquor,2,0,1,1,0,0
202008100002,202008100002,client_id,5/4/2026,Comprehensive,212-Chain Restaurant without Liquor,4,0,1,3,0,0
200301230011,200301230011,client_id,10/7/2025,Comprehensive,212-Chain Restaurant without Liquor,4,0,2,2,0,0
200903190005,200903190005,client_id,4/9/2026,Comprehensive,211-Restaurant without Liquor,1,0,0,1,0,0
202405080010,202405080010,client_id,10/21/2025,Comprehensive,201-Restaurant with Liquor,12,3,1,8,0,3
202405080010,202405080010,client_id,2/5/2026,Complaint,201-Restaurant with Liquor,2,0,1,2,0,0
201606270013,201606270013,client_id,12/4/2025,Comprehensive,211-Restaurant without Liquor,4,1,1,3,0,1
201606270013,201606270013,client_id,8/3/2026,Comprehensive,211-Restaurant without Liquor,7,1,1,5,0,1
201611210004,201611210004,client_id,10/2/2025,Partial Reinspection,202-Chain Restaurant with Liquor,0,0,0,0,0,0
200806170007,200806170007,client_id,1/22/2026,Complaint,212-Chain Restaurant without Liquor,0,0,0,0,0,0
200806170007,200806170007,client_id,5/4/2026,Comprehensive,212-Chain Restaurant without Liquor,6,0,0,6,0,0
200910070004,200910070004,client_id,9/8/2025,Reinspection,212-Chain Restaurant without Liquor,1,0,1,0,0,0
200910070004,200910070004,client_id,2/5/2026,Complaint,212-Chain Restaurant without Liquor,2,0,1,0,1,0
200910070004,200910070004,client_id,3/20/2026,Complaint,212-Chain Restaurant without Liquor,0,0,0,0,0,0
200910070004,200910070004,client_id,6/23/2026,Complaint,212-Chain Restaurant without Liquor,3,1,0,2,0,1
200910070004,200910070004,client_id,8/14/2026,Comprehensive,212-Chain Restaurant without Liquor,11,2,2,7,0,2
200910070004,200910070004,client_id,8/28/2026,Reinspection,212-Chain Restaurant without Liquor,6,1,0,5,0,1
201007200002,201007200002,client_id,12/29/2025,Comprehensive,212-Chain Restaurant without Liquor,10,1,0,10,0,2
201007200002,201007200002,client_id,5/8/2026,Comprehensive,212-Chain Restaurant without Liquor,8,0,2,6,0,0
201303080009,201303080009,client_id,8/11/2025,Comprehensive,212-Chain Restaurant without Liquor,7,1,4,2,0,1
201404100003,201404100003,client_id,9/9/2026,Complaint,212-Chain Restaurant without Liquor,1,0,0,1,0,0
201412100001,201412100001,client_id,7/14/2026,Comprehensive,212-Chain Restaurant without Liquor,2,0,0,2,0,0
201711140014,201711140014,client_id,6/9/2026,Comprehensive,212-Chain Restaurant without Liquor,3,0,0,3,0,0
201808290004,201808290004,client_id,10/7/2025,Comprehensive,212-Chain Restaurant without Liquor,8,1,0,7,0,1
201808290004,201808290004,client_id,9/2/2026,Comprehensive,212-Chain Restaurant without Liquor,4,0,0,4,0,0
202104190003,202104190003,client_id,12/30/2025,Comprehensive,212-Chain Restaurant without Liquor,3,1,0,2,0,1
202211150001,202211150001,client_id,3/2/2026,Comprehensive,211-Restaurant without Liquor,7,0,1,6,0,0
202503050004,202503050004,client_id,5/13/2026,Comprehensive,211-Restaurant without Liquor,7,1,2,5,0,1
52830,52830,client_id,7/20/2026,Comprehensive,201-Restaurant with Liquor,3,0,1,2,0,0
202101150003,202101150003,client_id,11/25/2025,Comprehensive,201-Restaurant with Liquor,1,0,0,1,0,0
202502190007,202502190007,client_id,11/10/2025,Comprehensive,211-Restaurant without Liquor,14,0,7,8,0,0
202502190007,202502190007,client_id,5/14/2026,Comprehensive,Priority Code:,16,3,4,11,0,4
202502190007,202502190007,client_id,5/29/2026,Reinspection,Priority Code:,6,0,1,5,0,0
201611080007,201611080007,client_id,6/23/2026,Comprehensive,212-Chain Restaurant without Liquor,4,0,1,3,0,0
8870,,unlinked,6/15/2026,Comprehensive,212-Chain Restaurant without Liquor,5,3,0,4,0,5
6500,,unlinked,9/23/2025,Complaint,212-Chain Restaurant without Liquor,0,0,0,0,0,0
6500,,unlinked,7/13/2026,Comprehensive,212-Chain Restaurant without Liquor,6,1,0,6,0,2
7944,,unlinked,12/8/2025,Comprehensive,212-Chain Restaurant without Liquor,5,0,0,5,0,0
33872,33872,client_id,12/30/2025,Comprehensive,212-Chain Restaurant without Liquor,5,0,2,3,0,0
200010240003,200010240003,client_id,7/23/2026,Comprehensive,212-Chain Restaurant without Liquor,5,0,0,5,0,0
202203210006,202203210006,client_id,12/4/2025,Comprehensive,202-Chain Restaurant with Liquor,7,1,3,4,0,1
202203210006,202203210006,client_id,12/29/2025,Complaint,202-Chain Restaurant with Liquor,0,0,0,0,0,0
202203210006,202203210006,client_id,1/7/2026,Reinspection,202-Chain Restaurant with Liquor,0,0,0,0,0,0
200202150001,200202150001,client_id,8/28/2025,Comprehensive,201-Restaurant with Liquor,3,1,0,3,0,0
201209280005,201209280005,client_id,3/3/2026,Comprehensive,201-Restaurant with Liquor,13,1,4,9,1,2
200609190001,200609190001,client_id,11/17/2025,Comprehensive,211-Restaurant without Liquor,12,1,0,10,0,1
200609190001,200609190001,client_id,2/18/2026,Complaint,211-Restaurant without Liquor,1,1,0,0,0,1
201304080001,201304080001,client_id,2/5/2026,Comprehensive,212-Chain Restaurant without Liquor,5,0,2,3,0,0
201611010002,201611010002,client_id,9/18/2025,Comprehensive,202-Chain Restaurant with Liquor,6,1,1,5,0,1
201611010002,201611010002,client_id,10/15/2025,Reinspection,202-Chain Restaurant with Liquor,3,0,0,3,0,0
201611010002,201611010002,client_id,8/5/2026,Comprehensive,202-Chain Restaurant with Liquor,12,2,1,9,0,2
201611010002,201611010002,client_id,8/21/2026,Reinspection,202-Chain Restaurant with Liquor,4,1,0,3,0,1
201101280005,201101280005,client_id,9/17/2025,Complaint,202-Chain Restaurant with Liquor,2,1,1,0,0,1
201101280005,201101280005,client_id,9/24/2025,Reinspection,202-Chain Restaurant with Liquor,2,1,1,0,0,1
201101280005,201101280005,client_id,9/30/2025,Reinspection,202-Chain Restaurant with Liquor,0,0,0,0,0,0
201101280005,201101280005,client_id,10/10/2025,Reinspection,202-Chain Restaurant with Liquor,0,0,0,0,0,0
201101280005,201101280005,client_id,1/14/2026,Complaint,202-Chain Restaurant with Liquor,0,0,0,0,0,0
201101280005,201101280005,client_id,5/18/2026,Comprehensive,202-Chain Restaurant with Liquor,6,2,2,2,0,2
201101280005,201101280005,client_id,5/26/2026,Reinspection,202-Chain Restaurant with Liquor,0,0,0,0,0,0
202312200003,202312200003,client_id,10/6/2025,Comprehensive,211-Restaurant without Liquor,6,0,5,1,0,0
202312200003,202312200003,client_id,10/31/2025,Reinspection,211-Restaurant without Liquor,1,0,0,1,0,0
202312200003,202312200003,client_id,5/28/2026,Comprehensive,211-Restaurant without Liquor,9,3,3,3,0,3
202107190005,202107190005,client_id,11/26/2025,Comprehensive,123-Mobile (Tier 2,2,1,1,0,0,1
202011050003,202011050003,client_id,9/22/2025,Comprehensive,201-Restaurant with Liquor,12,0,3,9,0,0
202011050003,202011050003,client_id,8/26/2026,Comprehensive,201-Restaurant with Liquor,11,0,5,7,0,0
201303130010,201303130010,client_id,3/25/2026,Comprehensive,212-Chain Restaurant without Liquor,7,1,0,7,0,2
202310230003,202310230003,client_id,2/19/2026,Comprehensive,212-Chain Restaurant without Liquor,2,0,0,2,0,0
201611210007,201611210007,client_id,2/17/2026,Comprehensive,211-Restaurant without Liquor,4,0,0,4,0,0
FSP-PERM-202510090186,,unlinked,1/14/2026,Comprehensive,201-Restaurant w/Liquor,7,0,2,6,0,0
201505290003,201505290003,client_id,2/25/2026,Comprehensive,211-Restaurant without Liquor,0,0,0,0,0,0
201209070006,201209070006,client_id,3/31/2026,Comprehensive,201-Restaurant with Liquor,7,0,2,5,0,0
201209070006,201209070006,client_id,7/2/2026,Service Request,201-Restaurant with Liquor,0,0,0,0,0,0
201011170005,201011170005,client_id,9/18/2025,Comprehensive,212-Chain Restaurant without Liquor,11,2,3,8,0,3
201011170005,201011170005,client_id,10/9/2025,Comprehensive,212-Chain Restaurant without Liquor,1,0,0,1,0,0
201011170005,201011170005,client_id,6/9/2026,Comprehensive,212-Chain Restaurant without Liquor,14,2,1,13,0,2
201011170005,201011170005,client_id,6/10/2026,Partial Reinspection,212-Chain Restaurant without Liquor,2,1,1,0,0,1
201011170005,201011170005,client_id,6/23/2026,Reinspection,212-Chain Restaurant without Liquor,8,0,0,8,0,0
201011170005,201011170005,client_id,9/15/2026,Complaint,212-Chain Restaurant without Liquor,0,0,0,0,0,0
200005120001,200005120001,client_id,5/21/2026,Comprehensive,211-Restaurant without Liquor,16,2,3,12,0,3
200005120001,200005120001,client_id,6/24/2026,Reinspection,211-Restaurant without Liquor,0,0,0,0,0,0
202405060001,202405060001,client_id,9/3/2025,Comprehensive,211-Restaurant without Liquor,1,0,0,1,0,0
201306190010,201306190010,client_id,1/14/2026,Comprehensive,212-Chain Restaurant without Liquor,0,0,0,0,0,0
201306190010,201306190010,client_id,6/4/2026,Complaint,212-Chain Restaurant without Liquor,0,0,0,0,0,0
200508260007,200508260007,client_id,11/17/2025,Comprehensive,212-Chain Restaurant without Liquor,6,1,1,5,0,2
200508260007,200508260007,client_id,4/10/2026,Service Request,212-Chain Restaurant without Liquor,0,0,0,0,0,0
202504300008,202504300008,client_id,10/1/2025,Comprehensive,211-Restaurant without Liquor,7,0,2,5,0,0
200210210002,200210210002,client_id,9/12/2025,Comprehensive,211-Restaurant without Liquor,4,0,0,4,0,0
200210210002,200210210002,client_id,7/2/2026,Service Request,211-Restaurant without Liquor,0,0,0,0,0,0
200303070004,200303070004,client_id,11/6/2025,Comprehensive,212-Chain Restaurant without Liquor,3,0,0,3,0,0
FSP-PERM-202606020338,,unlinked,6/3/2026,Pre-Operational,212-Chain Restaurant w/o Liquor,8,0,1,7,0,0
202307110006,202307110006,client_id,10/2/2025,Reinspection,212-Chain Restaurant without Liquor,2,0,0,2,0,0
202307110006,202307110006,client_id,9/22/2025,Comprehensive,212-Chain Restaurant without Liquor,9,1,2,7,0,1
33761,33761,client_id,12/10/2025,Comprehensive,211-Restaurant without Liquor,10,2,2,7,0,3
33761,33761,client_id,1/7/2026,Reinspection,211-Restaurant without Liquor,3,0,1,2,0,0
201004290005,201004290005,client_id,2/19/2026,Comprehensive,211-Restaurant without Liquor,3,0,0,3,0,0
202206240010,202206240010,client_id,1/16/2026,Comprehensive,211-Restaurant without Liquor,6,1,1,5,0,1
202206240010,202206240010,client_id,7/20/2026,Complaint,211-Restaurant without Liquor,0,0,0,0,0,0
201707200002,201707200002,client_id,11/14/2025,Comprehensive,201-Restaurant with Liquor,3,1,0,2,0,1
FSP-PERM-202604020220,,unlinked,4/2/2026,Comprehensive,211-Restaurant w/o Liquor,2,0,0,2,0,0
FSP-PERM-202604020220,,unlinked,8/10/2026,Comprehensive,211-Restaurant w/o Liquor,6,0,2,4,0,0
201806130005,201806130005,client_id,9/25/2025,Reinspection,201-Restaurant with Liquor,7,2,5,1,0,3
201806130005,201806130005,client_id,1/7/2026,Comprehensive,201-Restaurant with Liquor,18,4,4,16,0,7
201806130005,201806130005,client_id,2/3/2026,Reinspection,201-Restaurant with Liquor,5,0,2,3,0,0
201806130005,201806130005,client_id,7/28/2026,Comprehensive,201-Restaurant with Liquor,17,1,1,16,0,2
202501270003,202501270003,client_id,7/24/2025,Pre-Operational,211-Restaurant without Liquor,3,0,0,2,0,0
202501270003,202501270003,client_id,9/18/2025,Comprehensive,211-Restaurant without Liquor,5,1,1,3,0,1
202501270003,202501270003,client_id,8/11/2026,Comprehensive,211-Restaurant without Liquor,9,1,4,5,0,1
202501270003,202501270003,client_id,8/12/2026,Reinspection,211-Restaurant without Liquor,2,0,1,1,0,0
201005110001,201005110001,client_id,2/28/2025,Comprehensive,201-Restaurant with Liquor,8,0,4,3,0,0
201005110001,201005110001,client_id,4/13/2026,Comprehensive,201-Restaurant with Liquor,5,2,2,2,0,3
201708070002,201708070002,client_id,1/15/2026,Comprehensive,201-Restaurant with Liquor,5,1,1,4,0,2
45141,45141,client_id,11/4/2025,Comprehensive,201-Restaurant with Liquor,5,1,1,3,0,1
202406070007,202406070007,client_id,8/27/2025,Comprehensive,211-Restaurant without Liquor,10,1,2,7,0,1
201503090002,201503090002,client_id,11/6/2025,Comprehensive,211-Restaurant without Liquor,6,0,0,6,0,0
201503090002,201503090002,client_id,5/12/2026,Comprehensive,211-Restaurant without Liquor,14,1,3,11,0,2
201503090002,201503090002,client_id,6/4/2026,Reinspection,211-Restaurant without Liquor,7,0,0,7,0,0
202409270003,202409270003,client_id,1/12/2026,Comprehensive,201-Restaurant with Liquor,3,0,0,3,0,0
200105030001,200105030001,client_id,4/8/2025,Comprehensive,212-Chain Restaurant without Liquor,6,1,2,4,0,2
201309090007,201309090007,client_id,9/17/2026,Comprehensive,211-Restaurant without Liquor,12,1,0,12,0,2
200707240007,200707240007,client_id,11/26/2025,Comprehensive,201-Restaurant with Liquor,12,1,1,12,0,2
200707240007,200707240007,client_id,12/10/2025,Reinspection,201-Restaurant with Liquor,6,0,0,6,0,0
202306020005,202306020005,client_id,12/19/2025,Comprehensive,211-Restaurant without Liquor,7,0,2,5,0,0
201309090009,201309090009,client_id,4/9/2026,Comprehensive,212-Chain Restaurant without Liquor,7,0,2,5,0,0
201806190004,201806190004,client_id,11/13/2025,Complaint,212-Chain Restaurant without Liquor,1,1,0,0,0,1
201806190004,201806190004,client_id,11/19/2025,Complaint,212-Chain Restaurant without Liquor,2,0,0,2,0,0
201806190004,201806190004,client_id,6/23/2026,Reinspection,212-Chain Restaurant without Liquor,0,0,0,0,0,0
201806190004,201806190004,client_id,7/30/2026,Complaint,212-Chain Restaurant without Liquor,0,0,0,0,0,0
201806190004,201806190004,client_id,8/11/2026,Complaint,212-Chain Restaurant without Liquor,1,0,0,1,0,0
201506020001,201506020001,client_id,6/4/2026,Comprehensive,201-Restaurant with Liquor,11,0,3,8,0,0
201506020001,201506020001,client_id,6/18/2026,Reinspection,201-Restaurant with Liquor,4,0,1,3,0,0
202109290003,202109290003,client_id,10/23/2025,Comprehensive,201-Restaurant with Liquor,8,1,2,6,0,1
202109290003,202109290003,client_id,8/10/2026,Comprehensive,201-Restaurant with Liquor,11,4,3,7,0,5
202109290003,202109290003,client_id,8/20/2026,Reinspection,201-Restaurant with Liquor,1,0,1,1,0,0
200811210003,200811210003,client_id,6/4/2026,Comprehensive,211-Restaurant without Liquor,9,1,1,7,0,1
200811210003,200811210003,client_id,6/11/2026,Reinspection,211-Restaurant without Liquor,10,2,2,6,0,2
200811210003,200811210003,client_id,6/16/2026,Partial Reinspection,211-Restaurant without Liquor,0,0,0,0,0,0
202407030005,202407030005,client_id,9/9/2025,Comprehensive,211-Restaurant without Liquor,15,3,3,10,0,3
202407030005,202407030005,client_id,9/23/2025,Reinspection,211-Restaurant without Liquor,9,1,1,7,0,1
202407030005,202407030005,client_id,11/14/2025,Reinspection,211-Restaurant without Liquor,6,1,1,4,0,1
202407030005,202407030005,client_id,11/25/2025,Reinspection,211-Restaurant without Liquor,6,1,1,4,0,1
202407030005,202407030005,client_id,12/26/2025,Reinspection,211-Restaurant without Liquor,1,0,0,1,0,0
202407030005,202407030005,client_id,2/5/2026,Reinspection,211-Restaurant without Liquor,0,0,0,0,0,0
202406170002,202406170002,client_id,4/2/2026,Comprehensive,211-Restaurant without Liquor,19,2,5,16,0,4
202406170002,202406170002,client_id,4/17/2026,Reinspection,211-Restaurant without Liquor,17,3,5,12,0,6
202406170002,202406170002,client_id,4/22/2026,Service Request,211-Restaurant without Liquor,0,0,0,0,0,0
31317,31317,client_id,8/19/2025,Comprehensive,707-Pool Snack Bar/No Liquor,11,0,2,9,0,0
31317,31317,client_id,8/25/2026,Comprehensive,707-Pool Snack Bar/No Liquor,7,0,0,7,0,0
35283,35283,client_id,1/8/2026,Comprehensive,201-Restaurant with Liquor,10,1,1,8,0,1
202006100001,202006100001,client_id,7/23/2026,Comprehensive,201-Restaurant with Liquor,8,0,4,4,0,0
30769,30769,client_id,8/11/2025,Comprehensive,201-Restaurant with Liquor,6,0,3,3,0,0
202008040002,202008040002,client_id,10/20/2025,Comprehensive,212-Chain Restaurant without Liquor,3,0,0,3,0,0
202008040002,202008040002,client_id,8/31/2026,Comprehensive,212-Chain Restaurant without Liquor,4,0,0,4,0,0
202410070175,202410070175,client_id,7/21/2026,Comprehensive,212-Chain Restaurant without Liquor,2,0,0,2,0,0
FSP-PERM-202511130297,,unlinked,12/16/2025,Comprehensive,211-Restaurant w/o Liquor,13,4,3,8,0,4
FSP-PERM-202511130297,,unlinked,1/7/2026,Reinspection,211-Restaurant w/o Liquor,2,0,0,2,0,0
FSP-PERM-202511130297,,unlinked,4/16/2026,Complaint,211-Restaurant w/o Liquor,0,0,0,0,0,0
FSP-PERM-202511130297,,unlinked,6/24/2026,Comprehensive,211-Restaurant w/o Liquor,8,3,0,5,0,3
FSP-PERM-202511130297,,unlinked,6/25/2026,Reinspection,211-Restaurant w/o Liquor,0,0,0,0,0,0
202405010007,202405010007,client_id,11/7/2025,Comprehensive,201-Restaurant with Liquor,2,0,0,2,0,0
201610130006,201610130006,client_id,2/20/2026,Comprehensive,201-Restaurant with Liquor,0,0,0,0,0,0
201508270004,201508270004,client_id,5/4/2026,Comprehensive,212-Chain Restaurant without Liquor,3,1,0,3,0,2
202303140002,202303140002,client_id,10/9/2025,Comprehensive,201-Restaurant with Liquor,11,2,4,8,0,4
202303140002,202303140002,client_id,10/27/2025,Reinspection,201-Restaurant with Liquor,2,0,1,2,0,0
202303140002,202303140002,client_id,12/8/2025,Complaint,201-Restaurant with Liquor,0,0,0,0,0,0
202303140002,202303140002,client_id,4/15/2026,Comprehensive,201-Restaurant with Liquor,13,1,3,11,0,2
201709190003,201709190003,client_id,9/8/2025,Comprehensive,211-Restaurant without Liquor,14,3,2,10,0,4
201709190003,201709190003,client_id,9/18/2025,Reinspection,211-Restaurant without Liquor,3,0,1,2,0,0
201709190003,201709190003,client_id,8/18/2026,Comprehensive,211-Restaurant without Liquor,6,0,1,5,0,0
FSP-MFF-202509220035,200903090002,same_address_record,9/22/2025,Pre-Operational,123-Mobile (Tier 2,0,0,0,0,0,0
FSP-MFF-202509220035,200903090002,same_address_record,4/21/2026,Comprehensive,123-Mobile (Tier 2,1,0,1,0,0,0
200903090002,200903090002,client_id,4/21/2026,Comprehensive,202-Chain Restaurant with Liquor,11,0,2,10,0,0
54324,54324,client_id,1/2/2026,Comprehensive,201-Restaurant with Liquor,13,1,3,10,0,1
54324,54324,client_id,6/4/2026,Comprehensive,201-Restaurant with Liquor,10,3,0,9,0,5
201708310016,201708310016,client_id,8/11/2025,Comprehensive,212-Chain Restaurant without Liquor,4,0,1,3,0,0
201708310016,201708310016,client_id,7/14/2026,Comprehensive,212-Chain Restaurant without Liquor,4,1,0,3,0,1
201708310016,201708310016,client_id,7/20/2026,Reinspection,212-Chain Restaurant without Liquor,0,0,0,0,0,0
200610050006,200610050006,client_id,3/26/2026,Comprehensive,212-Chain Restaurant without Liquor,10,2,4,6,0,3
200610050006,200610050006,client_id,3/27/2026,Reinspection,212-Chain Restaurant without Liquor,0,0,0,0,0,0
202110270005,202110270005,client_id,3/23/2026,Comprehensive,202-Chain Restaurant with Liquor,3,0,2,1,0,0
10450,10450,client_id,8/27/2025,Comprehensive,201-Restaurant with Liquor,10,2,2,7,0,3
10450,10450,client_id,2/11/2026,Reinspection,201-Restaurant with Liquor,5,0,2,4,0,0
30180,30180,client_id,12/4/2025,Comprehensive,201-Restaurant with Liquor,20,1,3,17,0,1
30180,30180,client_id,8/12/2026,Reinspection,201-Restaurant with Liquor,1,1,0,0,0,1
201504020002,201504020002,client_id,9/5/2025,Comprehensive,201-Restaurant with Liquor,6,1,2,5,0,2
200012060005,200012060005,client_id,9/23/2025,Comprehensive,212-Chain Restaurant without Liquor,8,1,0,7,0,1
200801070002,200801070002,client_id,9/4/2025,Comprehensive,211-Restaurant without Liquor,9,1,3,5,0,1
200801070002,200801070002,client_id,9/11/2025,Reinspection,211-Restaurant without Liquor,2,0,0,2,0,0
200801070002,200801070002,client_id,8/13/2026,Comprehensive,211-Restaurant without Liquor,5,2,0,3,0,2
FSP-MFF-202606170046,202210170003,same_address_record,9/4/2026,Consultation,123-Mobile (Tier 2,0,0,0,0,0,0
FSP-MFF-202606170046,202210170003,same_address_record,9/4/2026,Comprehensive,123-Mobile (Tier 2,0,0,0,0,0,0
202210170003,202210170003,client_id,5/18/2026,Consultation,211-Restaurant without Liquor,2,0,0,2,0,0
201605190001,201605190001,client_id,3/24/2026,Comprehensive,202-Chain Restaurant with Liquor,9,1,1,8,0,1
200206210001,200206210001,client_id,7/27/2026,Comprehensive,211-Restaurant without Liquor,5,0,1,4,0,0
200907270001,200907270001,client_id,9/11/2025,Comprehensive,202-Chain Restaurant with Liquor,19,7,4,12,0,10
200907270001,200907270001,client_id,9/15/2025,Reinspection,202-Chain Restaurant with Liquor,0,0,0,0,0,0
200907270001,200907270001,client_id,6/2/2026,Comprehensive,202-Chain Restaurant with Liquor,14,4,2,10,0,6
202307140004,202307140004,client_id,1/14/2026,Comprehensive,201-Restaurant with Liquor,8,1,1,7,0,2
201706210004,201706210004,client_id,1/7/2026,Comprehensive,201-Restaurant with Liquor,12,1,3,9,0,1
201706210004,201706210004,client_id,1/14/2026,Reinspection,201-Restaurant with Liquor,2,0,0,2,0,0
201706210004,201706210004,client_id,7/14/2026,Comprehensive,201-Restaurant with Liquor,7,1,2,4,0,1
FSP-PERM-202508110028,,unlinked,12/8/2025,Comprehensive,"211-Restaurant w/o Liquor,100-Caterer",8,1,2,6,0,1
FSP-PERM-202508110028,,unlinked,12/16/2025,Reinspection,"211-Restaurant w/o Liquor,100-Caterer",6,0,1,5,0,0
FSP-PERM-202607070412,,unlinked,7/7/2026,Change of Ownership,Priority Code:,4,2,0,2,0,2
202506180005,202506180005,client_id,1/5/2026,Comprehensive,212-Chain Restaurant without Liquor,17,1,6,12,0,2
202506180005,202506180005,client_id,1/23/2026,Reinspection,212-Chain Restaurant without Liquor,11,0,2,9,0,0
202506180005,202506180005,client_id,8/5/2026,Comprehensive,212-Chain Restaurant without Liquor,11,1,4,6,0,1
202210060005,202210060005,client_id,4/6/2026,Comprehensive,212-Chain Restaurant without Liquor,2,1,0,2,0,2
200709120003,200709120003,client_id,7/16/2026,Comprehensive,211-Restaurant without Liquor,11,0,2,9,0,0
30401,30401,client_id,8/28/2025,Reinspection,201-Restaurant with Liquor,6,0,0,6,0,0
30401,30401,client_id,1/29/2026,Comprehensive,201-Restaurant with Liquor,12,1,2,9,0,1
30401,30401,client_id,8/18/2026,Comprehensive,201-Restaurant with Liquor,11,2,2,7,0,2
30401,30401,client_id,9/9/2026,Reinspection,201-Restaurant with Liquor,7,0,1,6,0,0
FSP-PERM-202511260383,201907240001,same_address_record,11/26/2025,Comprehensive,211-Restaurant w/o Liquor,12,2,3,8,0,3
202104290001,202104290001,client_id,10/16/2025,Comprehensive,211-Restaurant without Liquor,5,2,2,2,0,2
201907110001,201907110001,client_id,11/7/2025,Comprehensive,201-Restaurant with Liquor,7,0,2,5,0,0
201109290006,201109290006,client_id,10/9/2025,Comprehensive,201-Restaurant with Liquor,8,1,3,5,0,2
202310250003,202310250003,client_id,9/8/2025,Comprehensive,212-Chain Restaurant without Liquor,5,1,0,4,0,1
202310250003,202310250003,client_id,8/6/2026,Comprehensive,212-Chain Restaurant without Liquor,4,1,0,3,0,1
201502030002,201502030002,client_id,4/21/2026,Comprehensive,212-Chain Restaurant without Liquor,4,0,0,4,0,0
202010200001,202010200001,client_id,10/27/2025,Complaint,212-Chain Restaurant without Liquor,0,0,0,0,0,0
202010200001,202010200001,client_id,1/16/2026,Comprehensive,212-Chain Restaurant without Liquor,7,0,1,6,0,0
201510290010,201510290010,client_id,1/13/2026,Comprehensive,212-Chain Restaurant without Liquor,2,0,0,2,0,0
202108100022,202108100022,client_id,11/3/2025,Comprehensive,212-Chain Restaurant without Liquor,8,0,3,5,0,0
200411290007,200411290007,client_id,11/5/2025,Comprehensive,211-Restaurant without Liquor,10,1,0,10,0,2
200209060001,200209060001,client_id,8/22/2025,Comprehensive,211-Restaurant without Liquor,5,0,0,4,0,0
38715,38715,client_id,11/17/2025,Comprehensive,201-Restaurant with Liquor,17,0,2,17,0,0
38715,38715,client_id,2/18/2026,Complaint,201-Restaurant with Liquor,0,0,0,0,0,0
202207070007,202207070007,client_id,7/24/2026,Comprehensive,202-Chain Restaurant with Liquor,2,0,1,1,0,0
12055,12055,client_id,11/4/2025,Comprehensive,211-Restaurant without Liquor,7,1,0,7,0,2
202207150002,202207150002,client_id,8/21/2025,Comprehensive,211-Restaurant without Liquor,5,1,0,4,0,1
202207150002,202207150002,client_id,8/17/2026,Comprehensive,211-Restaurant without Liquor,13,1,3,11,0,2
201808130001,201808130001,client_id,5/29/2026,Comprehensive,212-Chain Restaurant without Liquor,6,1,0,6,0,2
201808130001,201808130001,client_id,6/11/2026,Reinspection,212-Chain Restaurant without Liquor,1,0,0,1,0,0
200405130008,200405130008,client_id,12/17/2025,Comprehensive,211-Restaurant without Liquor,9,0,2,7,0,0
202106250003,202106250003,client_id,11/17/2025,Comprehensive,212-Chain Restaurant without Liquor,8,0,1,7,0,0
202106250003,202106250003,client_id,1/2/2026,Complaint,212-Chain Restaurant without Liquor,0,0,0,0,0,0
201001270011,201001270011,client_id,6/11/2026,Comprehensive,211-Restaurant without Liquor,3,0,1,2,0,0
201001270003,201001270003,client_id,6/10/2026,Comprehensive,211-Restaurant without Liquor,3,0,0,3,0,0
202404160002,202404160002,client_id,6/11/2026,Comprehensive,202-Chain Restaurant with Liquor,0,0,0,0,0,0
201302200006,201302200006,client_id,6/11/2026,Comprehensive,211-Restaurant without Liquor,8,0,1,7,0,0
201001270024,201001270024,client_id,6/11/2026,Comprehensive,211-Restaurant without Liquor,4,1,1,2,0,1
39321,39321,client_id,9/17/2025,Comprehensive,212-Chain Restaurant without Liquor,6,0,1,5,0,0
39321,39321,client_id,8/19/2026,Comprehensive,212-Chain Restaurant without Liquor,6,0,1,5,0,0
199909200002,199909200002,client_id,1/5/2026,Comprehensive,212-Chain Restaurant without Liquor,3,0,0,3,0,0
202307170007,202307170007,client_id,9/15/2025,Comprehensive,212-Chain Restaurant without Liquor,5,0,0,5,0,0
56066,56066,client_id,5/14/2026,Comprehensive,212-Chain Restaurant without Liquor,4,0,0,4,0,0
38745,38745,client_id,11/10/2025,Complaint,212-Chain Restaurant without Liquor,2,0,0,2,0,0
38745,38745,client_id,11/13/2025,Complaint,212-Chain Restaurant without Liquor,2,0,0,2,0,0
38745,38745,client_id,12/5/2025,Partial Reinspection,212-Chain Restaurant without Liquor,0,0,0,0,0,0
38745,38745,client_id,3/19/2026,Comprehensive,212-Chain Restaurant without Liquor,8,0,1,7,0,0
202403060004,202403060004,client_id,2/18/2026,Comprehensive,211-Restaurant without Liquor,11,0,0,11,0,0
201909160001,201909160001,client_id,11/6/2025,Comprehensive,211-Restaurant without Liquor,1,0,0,1,0,0
202104290003,202104290003,client_id,6/1/2026,Comprehensive,212-Chain Restaurant without Liquor,3,0,1,2,0,0
202308180003,202308180003,client_id,3/12/2026,Comprehensive,202-Chain Restaurant with Liquor,6,0,0,6,0,0
8804,,unlinked,8/15/2025,Comprehensive,201-Restaurant with Liquor,5,0,0,5,0,0
202106170014,202106170014,client_id,5/4/2026,Comprehensive,211-Restaurant without Liquor,12,1,4,9,0,1
202106170014,202106170014,client_id,5/18/2026,Reinspection,211-Restaurant without Liquor,6,0,0,6,0,0
FSP-PERM-202510030172,,unlinked,10/3/2025,Comprehensive,201-Restaurant w/Liquor,14,3,6,8,0,5
FSP-PERM-202510030172,,unlinked,12/19/2025,Reinspection,201-Restaurant w/Liquor,11,2,4,7,0,3
FSP-PERM-202510030172,,unlinked,1/8/2026,Service Request,201-Restaurant w/Liquor,15,1,5,11,0,1
FSP-PERM-202510030172,,unlinked,1/21/2026,Reinspection,201-Restaurant w/Liquor,4,0,1,3,0,0
202212060006,202212060006,client_id,11/26/2025,Comprehensive,211-Restaurant without Liquor,9,2,3,5,0,2
202506240003,202506240003,client_id,7/1/2026,Comprehensive,212-Chain Restaurant without Liquor,5,0,1,4,0,0
202205050002,202205050002,client_id,12/1/2025,Service Request,123-Mobile (Tier 2,4,3,1,2,0,5
201803050004,201803050004,client_id,6/5/2026,Comprehensive,201-Restaurant with Liquor,19,3,6,12,0,4
201803050004,201803050004,client_id,6/16/2026,Reinspection,201-Restaurant with Liquor,13,1,5,10,0,2
201803050004,201803050004,client_id,9/3/2026,Comprehensive,201-Restaurant with Liquor,13,1,2,10,0,1
FSP-PERM-202510240232,,unlinked,10/24/2025,Pre-Operational,211-Restaurant w/o Liquor,6,0,0,6,0,0
FSP-PERM-202510240232,,unlinked,5/12/2026,Comprehensive,211-Restaurant w/o Liquor,7,0,0,7,0,0
202501220003,202501220003,client_id,2/19/2026,Comprehensive,212-Chain Restaurant without Liquor,13,2,1,10,0,2
202501220003,202501220003,client_id,2/26/2026,Reinspection,212-Chain Restaurant without Liquor,5,0,0,5,0,0
200206130001,200206130001,client_id,8/13/2025,Comprehensive,201-Restaurant with Liquor,1,0,0,1,0,0
200206130001,200206130001,client_id,9/17/2026,Comprehensive,201-Restaurant with Liquor,1,0,0,1,0,0
201401310008,201401310008,client_id,10/16/2025,Comprehensive,211-Restaurant without Liquor,3,2,0,1,0,2
201401310008,201401310008,client_id,9/22/2026,Comprehensive,211-Restaurant without Liquor,3,0,1,2,0,0
202310040008,202310040008,client_id,11/18/2025,Comprehensive,211-Restaurant without Liquor,9,0,0,9,0,0
202310040008,202310040008,client_id,4/8/2026,Complaint,211-Restaurant without Liquor,0,0,0,0,0,0
202204130003,202204130003,client_id,7/9/2026,Comprehensive,211-Restaurant without Liquor,10,2,3,7,0,2
202204130003,202204130003,client_id,7/24/2026,Reinspection,211-Restaurant without Liquor,8,1,2,5,0,1
202507210006,202507210006,client_id,10/15/2025,Comprehensive,201-Restaurant with Liquor,4,0,2,2,0,0
201906140005,201906140005,client_id,11/6/2025,Comprehensive,201-Restaurant with Liquor,5,0,0,5,0,0
200409210002,200409210002,client_id,10/27/2025,Comprehensive,211-Restaurant without Liquor,7,1,1,5,0,1
201111280001,201111280001,client_id,11/21/2025,Comprehensive,211-Restaurant without Liquor,6,0,2,4,0,0
200306060005,200306060005,client_id,1/5/2026,Comprehensive,212-Chain Restaurant without Liquor,13,2,3,8,0,2
200306060005,200306060005,client_id,1/7/2026,Reinspection,212-Chain Restaurant without Liquor,4,0,0,4,0,0
202407310004,202407310004,client_id,10/17/2025,Comprehensive,212-Chain Restaurant without Liquor,4,1,0,3,0,1
202407310004,202407310004,client_id,4/20/2026,Comprehensive,212-Chain Restaurant without Liquor,2,0,1,1,0,0
201507230007,201507230007,client_id,8/28/2025,Comprehensive,201-Restaurant with Liquor,16,5,3,9,0,6
201507230007,201507230007,client_id,9/19/2025,Reinspection,201-Restaurant with Liquor,3,0,0,3,0,0
201511020020,201511020020,client_id,12/8/2025,Comprehensive,212-Chain Restaurant without Liquor,9,1,2,9,0,2
201511020020,201511020020,client_id,9/23/2026,Complaint,212-Chain Restaurant without Liquor,4,2,0,3,0,3
200507070001,200507070001,client_id,9/23/2025,Suspected Illness,202-Chain Restaurant with Liquor,3,2,0,1,0,2
200507070001,200507070001,client_id,6/29/2026,Comprehensive,202-Chain Restaurant with Liquor,6,2,0,5,0,2
201006300005,201006300005,client_id,3/13/2026,Comprehensive,211-Restaurant without Liquor,3,0,1,2,0,0
202408010005,202408010005,client_id,2/4/2026,Comprehensive,211-Restaurant without Liquor,14,2,5,8,0,2
FSP-PERM-202606160369,,unlinked,6/16/2026,Comprehensive,201-Restaurant w/Liquor,6,0,1,5,0,0
FSP-PERM-202601080017,,unlinked,1/8/2026,Pre-Operational,201-Restaurant w/Liquor,5,0,1,5,0,0
FSP-PERM-202601080017,,unlinked,5/5/2026,Comprehensive,201-Restaurant w/Liquor,7,2,1,5,0,3
48945,48945,client_id,2/26/2026,Comprehensive,201-Restaurant with Liquor,13,1,2,10,0,1
202504300007,202504300007,client_id,8/26/2026,Comprehensive,211-Restaurant without Liquor,1,0,0,1,0,0
201208030005,201208030005,client_id,3/18/2026,Complaint,201-Restaurant with Liquor,1,0,0,1,0,0
201208030005,201208030005,client_id,3/18/2026,Comprehensive,201-Restaurant with Liquor,15,2,2,12,0,3
201208030005,201208030005,client_id,8/26/2026,Service Request,201-Restaurant with Liquor,0,0,0,0,0,0
201801110002,201801110002,client_id,1/14/2026,Comprehensive,211-Restaurant without Liquor,6,1,0,5,0,1
202309250005,202309250005,client_id,10/15/2025,Comprehensive,212-Chain Restaurant without Liquor,17,3,7,11,0,4
202309250005,202309250005,client_id,10/17/2025,Reinspection,212-Chain Restaurant without Liquor,7,0,1,6,0,0
202309250005,202309250005,client_id,5/18/2026,Comprehensive,212-Chain Restaurant without Liquor,12,0,3,10,0,0
200111140001,200111140001,client_id,10/20/2025,Comprehensive,202-Chain Restaurant with Liquor,6,0,0,6,0,0
52851,52851,client_id,12/15/2025,Comprehensive,202-Chain Restaurant with Liquor,1,0,0,1,0,0
201712190006,201712190006,client_id,10/23/2025,Comprehensive,211-Restaurant without Liquor,5,0,0,5,0,0
200806100001,200806100001,client_id,10/16/2025,Comprehensive,211-Restaurant without Liquor,6,0,0,6,0,0
200806100001,200806100001,client_id,7/17/2026,Comprehensive,211-Restaurant without Liquor,11,4,0,6,0,4
57617,57617,client_id,4/16/2026,Comprehensive,202-Chain Restaurant with Liquor,12,1,3,9,0,1
57617,57617,client_id,4/29/2026,Reinspection,202-Chain Restaurant with Liquor,3,0,0,3,0,0
201607140006,201607140006,client_id,7/7/2026,Comprehensive,212-Chain Restaurant without Liquor,12,0,3,9,0,0
200908100001,200908100001,client_id,8/26/2025,Comprehensive,201-Restaurant with Liquor,7,1,0,6,0,1
200908100001,200908100001,client_id,7/29/2026,Comprehensive,201-Restaurant with Liquor,6,0,1,5,0,0
202405220003,202405220003,client_id,11/7/2025,Comprehensive,212-Chain Restaurant without Liquor,8,2,0,7,0,3
202405220003,202405220003,client_id,8/19/2026,Complaint,212-Chain Restaurant without Liquor,2,1,0,2,0,2
202405220003,202405220003,client_id,9/2/2026,Reinspection,212-Chain Restaurant without Liquor,1,0,0,1,0,0
201708160001,201708160001,client_id,1/5/2026,Comprehensive,201-Restaurant with Liquor,4,1,1,3,0,2
201708310002,201708310002,client_id,4/2/2026,Comprehensive,211-Restaurant without Liquor,5,0,1,4,0,0
201903270004,201903270004,client_id,12/11/2025,Comprehensive,202-Chain Restaurant with Liquor,13,1,6,6,0,1
201903270004,201903270004,client_id,5/28/2026,Comprehensive,Priority Code:,15,4,5,11,0,7
201903270004,201903270004,client_id,8/20/2026,Reinspection,202-Chain Restaurant w/Liquor,12,2,2,10,0,4
FSP-PERM-202511120291,201812040001,same_address_record,12/18/2025,Pre-Operational,212-Chain Restaurant w/o Liquor,7,0,0,7,0,0
FSP-PERM-202511120291,201812040001,same_address_record,1/14/2026,Comprehensive,212-Chain Restaurant w/o Liquor,9,1,1,7,0,1
201812040001,201812040001,client_id,11/12/2025,Pre-Operational,212-Chain Restaurant without Liquor,13,6,2,6,0,7
201812040001,201812040001,client_id,11/19/2025,Reinspection,212-Chain Restaurant without Liquor,4,1,1,2,0,1
201812040001,201812040001,client_id,12/1/2025,Reinspection,212-Chain Restaurant without Liquor,4,3,0,1,0,3
201812040001,201812040001,client_id,12/10/2025,Reinspection,212-Chain Restaurant without Liquor,7,0,0,8,0,0
FSP-PERM-202602060076,,unlinked,3/18/2026,Comprehensive,211-Restaurant w/o Liquor,5,0,2,3,0,0
FSP-PERM-202510310258,,unlinked,10/31/2025,Change of Ownership,212-Chain Restaurant without Liquor,4,0,0,4,0,0
FSP-PERM-202510310258,,unlinked,2/12/2026,Comprehensive,212-Chain Restaurant without Liquor,7,1,1,5,0,1
FSP-PERM-202510310258,,unlinked,9/9/2026,Complaint,212-Chain Restaurant without Liquor,2,1,0,1,0,1
202405080006,202405080006,client_id,10/7/2025,Complaint,212-Chain Restaurant without Liquor,0,0,0,0,0,0
202405080006,202405080006,client_id,3/3/2026,Comprehensive,212-Chain Restaurant without Liquor,4,0,2,2,0,0
201708100001,201708100001,client_id,2/4/2026,Comprehensive,212-Chain Restaurant without Liquor,1,0,0,1,0,0
202203230007,202203230007,client_id,12/1/2025,Comprehensive,212-Chain Restaurant without Liquor,3,0,0,3,0,0
10957,10957,client_id,12/22/2025,Comprehensive,212-Chain Restaurant without Liquor,5,1,1,3,0,1
10957,10957,client_id,12/30/2025,Reinspection,212-Chain Restaurant without Liquor,0,0,0,0,0,0
201711270004,201711270004,client_id,6/2/2026,Comprehensive,212-Chain Restaurant without Liquor,2,0,0,2,0,0
202404010001,202404010001,client_id,1/21/2026,Complaint,212-Chain Restaurant without Liquor,0,0,0,0,0,0
202404010001,202404010001,client_id,6/12/2026,Comprehensive,212-Chain Restaurant without Liquor,13,3,3,9,0,4
202404010001,202404010001,client_id,6/15/2026,Reinspection,212-Chain Restaurant without Liquor,0,0,0,0,0,0
202203210002,202203210002,client_id,6/11/2026,Comprehensive,212-Chain Restaurant without Liquor,2,0,0,3,0,0
202410070003,202410070003,client_id,9/23/2025,Complaint,212-Chain Restaurant without Liquor,1,0,0,1,0,0
202404090003,202404090003,client_id,10/9/2025,Comprehensive,212-Chain Restaurant without Liquor,6,0,1,5,0,0
201202230002,201202230002,client_id,9/25/2025,Comprehensive,202-Chain Restaurant with Liquor,8,2,2,5,0,3
201202230002,201202230002,client_id,11/4/2025,Reinspection,202-Chain Restaurant with Liquor,0,0,0,0,0,0
202404250009,202404250009,client_id,10/21/2025,Service Request,201-Restaurant with Liquor,6,2,0,4,1,3
202404250009,202404250009,client_id,10/22/2025,Service Request,201-Restaurant with Liquor,1,0,0,1,0,0
202404250009,202404250009,client_id,10/24/2025,Reinspection,201-Restaurant with Liquor,6,2,0,4,0,3
202404250009,202404250009,client_id,5/19/2026,Comprehensive,201-Restaurant with Liquor,11,1,1,9,0,1
200710300001,200710300001,client_id,5/28/2026,Comprehensive,211-Restaurant without Liquor,4,0,3,1,0,0
201105090004,201105090004,client_id,9/9/2025,Comprehensive,202-Chain Restaurant with Liquor,12,2,1,10,0,3
201105090004,201105090004,client_id,9/25/2025,Reinspection,202-Chain Restaurant with Liquor,2,2,0,1,0,3
201105090004,201105090004,client_id,5/26/2026,Comprehensive,202-Chain Restaurant w/Liquor,11,2,1,8,0,2
202208260004,202208260004,client_id,5/28/2025,Comprehensive,201-Restaurant with Liquor,5,0,1,3,0,0
202208260004,202208260004,client_id,12/3/2025,Reinspection,201-Restaurant with Liquor,1,0,0,1,0,0
202208260004,202208260004,client_id,7/23/2026,Comprehensive,201-Restaurant with Liquor,6,0,2,4,0,0
FSP-PERM-202511190315,,unlinked,4/7/2026,Comprehensive,201-Restaurant w/Liquor,7,2,1,4,0,2
44365,44365,client_id,4/1/2026,Comprehensive,201-Restaurant with Liquor,5,0,1,4,0,0
201211020002,201211020002,client_id,9/4/2025,Reinspection,202-Chain Restaurant with Liquor,2,1,0,1,0,1
200209260010,200209260010,client_id,12/8/2025,Comprehensive,201-Restaurant with Liquor,8,0,1,7,0,0
201704280012,201704280012,client_id,8/12/2025,Comprehensive,211-Restaurant without Liquor,7,2,1,5,0,2
201704280012,201704280012,client_id,8/19/2026,Comprehensive,211-Restaurant without Liquor,13,2,1,10,0,3
202301240006,202301240006,client_id,1/16/2026,Comprehensive,211-Restaurant without Liquor,7,0,2,5,0,0
FSP-PERM-202512240496,,unlinked,12/24/2025,Pre-Operational,Priority Code:,3,0,0,3,0,0
FSP-PERM-202512240496,,unlinked,3/19/2026,Comprehensive,202-Chain Restaurant w/Liquor,5,0,1,4,0,0
52488,52488,client_id,10/16/2025,Comprehensive,212-Chain Restaurant without Liquor,12,0,1,11,0,0
202307050001,202307050001,client_id,8/20/2025,Comprehensive,212-Chain Restaurant without Liquor,3,0,0,3,0,0
202307050001,202307050001,client_id,8/24/2026,Comprehensive,212-Chain Restaurant without Liquor,0,0,0,0,0,0
200004100003,200004100003,client_id,1/13/2026,Comprehensive,212-Chain Restaurant without Liquor,7,0,0,7,0,0
201303080014,201303080014,client_id,12/5/2025,Comprehensive,212-Chain Restaurant without Liquor,5,1,1,3,0,1
FSP-PERM-202606080352,202207190002,same_address_record,6/8/2026,Change of Ownership,211-Restaurant w/o Liquor,3,0,0,3,0,0
200008240001,200008240001,client_id,9/3/2025,Comprehensive,202-Chain Restaurant with Liquor,9,0,2,7,0,0
200008240001,200008240001,client_id,9/16/2026,Reinspection,202-Chain Restaurant with Liquor,6,1,1,4,0,1
202504070003,202504070003,client_id,5/8/2026,Comprehensive,202-Chain Restaurant with Liquor,12,3,2,10,0,5
202504070003,202504070003,client_id,5/11/2026,Partial Reinspection,202-Chain Restaurant with Liquor,0,0,0,0,0,0
202504070003,202504070003,client_id,6/17/2026,Reinspection,202-Chain Restaurant with Liquor,3,0,0,3,0,0
42207,42207,client_id,7/23/2025,Reinspection,201-Restaurant with Liquor,5,2,2,1,0,2
42207,42207,client_id,12/18/2025,Comprehensive,201-Restaurant with Liquor,11,3,3,5,0,3
42207,42207,client_id,12/23/2025,Partial Reinspection,201-Restaurant with Liquor,0,0,0,0,0,0
42207,42207,client_id,12/31/2025,Reinspection,201-Restaurant with Liquor,2,0,1,1,0,0
42207,42207,client_id,6/24/2026,Complaint,201-Restaurant with Liquor,2,0,1,2,0,0
FSP-PERM-202601130030,,unlinked,2/12/2026,Comprehensive,202-Chain Restaurant w/Liquor,2,1,0,1,0,1
201511250001,201511250001,client_id,12/31/2025,Comprehensive,201-Restaurant with Liquor,11,1,1,9,0,1
201511250001,201511250001,client_id,4/9/2026,Complaint,201-Restaurant with Liquor,0,0,0,0,0,0
200408250009,200408250009,client_id,8/25/2025,Comprehensive,201-Restaurant with Liquor,13,2,4,8,0,2
42279,42279,client_id,4/8/2026,Comprehensive,201-Restaurant with Liquor,11,1,2,8,0,1
FSP-PERM-202604280271,,unlinked,6/25/2026,Comprehensive,211-Restaurant w/o Liquor,2,0,1,1,0,0
200110050001,200110050001,client_id,3/31/2026,Comprehensive,201-Restaurant with Liquor,15,3,4,10,0,4
200110050001,200110050001,client_id,5/5/2026,Reinspection,201-Restaurant with Liquor,9,1,2,7,0,2
201501300003,201501300003,client_id,11/5/2025,Comprehensive,201-Restaurant with Liquor,2,0,0,2,0,0
FSP-PERM-202605200318,,unlinked,6/4/2026,Comprehensive,211-Restaurant w/o Liquor,3,0,1,2,0,0
201801020008,201801020008,client_id,8/27/2025,Comprehensive,201-Restaurant with Liquor,7,2,1,4,0,2
201801020008,201801020008,client_id,8/29/2025,Partial Reinspection,201-Restaurant with Liquor,1,1,0,0,0,1
201801020008,201801020008,client_id,2/6/2026,Comprehensive,201-Restaurant with Liquor,8,2,2,4,0,2
201801020008,201801020008,client_id,3/18/2026,Reinspection,201-Restaurant with Liquor,5,0,2,3,0,0
201801020008,201801020008,client_id,7/29/2026,Comprehensive,201-Restaurant with Liquor,14,1,2,11,0,1
201909260002,201909260002,client_id,8/13/2025,Comprehensive,201-Restaurant with Liquor,11,3,3,7,0,3
201909260002,201909260002,client_id,9/24/2025,Reinspection,201-Restaurant with Liquor,3,2,0,1,0,2
201909260002,201909260002,client_id,2/18/2026,Comprehensive,201-Restaurant with Liquor,11,2,3,6,0,2
201909260002,201909260002,client_id,3/12/2026,Reinspection,201-Restaurant with Liquor,2,0,0,2,0,0
201907220002,201907220002,client_id,8/26/2025,Reinspection,201-Restaurant with Liquor,9,0,2,7,0,0
201907220002,201907220002,client_id,4/6/2026,Comprehensive,201-Restaurant with Liquor,12,2,5,5,0,2
202506100005,202506100005,client_id,9/8/2025,Comprehensive,211-Restaurant without Liquor,8,2,3,5,0,3
202506100005,202506100005,client_id,9/15/2025,Reinspection,211-Restaurant without Liquor,3,0,1,2,0,0
202312070006,202312070006,client_id,11/14/2025,Comprehensive,211-Restaurant without Liquor,7,1,4,4,0,2
201106270011,201106270011,client_id,9/15/2025,Comprehensive,211-Restaurant without Liquor,8,2,0,7,0,3
201106270011,201106270011,client_id,4/1/2026,Comprehensive,211-Restaurant without Liquor,8,1,0,7,0,1
201112080007,201112080007,client_id,12/29/2025,Comprehensive,Priority Code:,12,0,1,11,0,0
202106220005,202106220005,client_id,9/24/2025,Comprehensive,212-Chain Restaurant without Liquor,8,1,1,7,0,1
202106220005,202106220005,client_id,10/1/2025,Reinspection,212-Chain Restaurant without Liquor,3,0,0,3,0,0
202106220005,202106220005,client_id,2/20/2026,Complaint,212-Chain Restaurant without Liquor,0,0,0,0,0,0
FSP-PERM-202510080184,,unlinked,10/8/2025,Comprehensive,201-Restaurant w/Liquor,14,4,2,8,0,5
202408230002,202408230002,client_id,2/2/2026,Comprehensive,211-Restaurant without Liquor,5,0,2,3,0,0
200606050007,200606050007,client_id,3/30/2026,Comprehensive,211-Restaurant without Liquor,9,1,1,8,0,2
201310150001,201310150001,client_id,9/10/2025,Comprehensive,211-Restaurant without Liquor,5,1,0,4,0,1
201310150001,201310150001,client_id,10/6/2025,Reinspection,211-Restaurant without Liquor,1,0,1,0,0,0
201310150001,201310150001,client_id,5/13/2026,Comprehensive,211-Restaurant without Liquor,4,0,1,3,0,0
200910200002,200910200002,client_id,7/24/2026,Comprehensive,211-Restaurant without Liquor,8,2,1,7,0,2
200910200002,200910200002,client_id,8/7/2026,Reinspection,211-Restaurant without Liquor,5,0,0,5,0,0
38885,38885,client_id,5/27/2026,Comprehensive,201-Restaurant with Liquor,5,0,0,5,0,0
200502180004,200502180004,client_id,5/18/2026,Comprehensive,211-Restaurant without Liquor,10,2,1,8,0,3
200502180004,200502180004,client_id,6/1/2026,Reinspection,211-Restaurant without Liquor,3,0,0,3,0,0
200103090008,200103090008,client_id,9/5/2025,Complaint,212-Chain Restaurant without Liquor,2,1,1,0,0,1
200103090008,200103090008,client_id,9/23/2025,Complaint,212-Chain Restaurant without Liquor,1,0,0,1,0,0
201202100003,201202100003,client_id,9/18/2025,Comprehensive,201-Restaurant with Liquor,8,0,2,6,0,0
201202100003,201202100003,client_id,8/4/2026,Comprehensive,201-Restaurant with Liquor,3,1,1,1,0,1
201202100003,201202100003,client_id,8/5/2026,Reinspection,201-Restaurant with Liquor,1,0,0,1,0,0
202302210005,202302210005,client_id,5/15/2026,Comprehensive,211-Restaurant without Liquor,8,1,0,7,0,1
201002220004,201002220004,client_id,2/23/2026,Comprehensive,211-Restaurant without Liquor,11,2,2,6,0,2
200108280003,200108280003,client_id,6/22/2026,Comprehensive,202-Chain Restaurant with Liquor,9,2,5,2,0,2
200108280003,200108280003,client_id,7/6/2026,Reinspection,202-Chain Restaurant with Liquor,2,1,1,0,0,1
200108280003,200108280003,client_id,7/14/2026,Reinspection,202-Chain Restaurant with Liquor,0,0,0,0,0,0
200806020009,200806020009,client_id,1/7/2026,Comprehensive,212-Chain Restaurant without Liquor,8,0,1,7,0,0
202406140007,202406140007,client_id,9/8/2025,Comprehensive,211-Restaurant without Liquor,5,0,1,4,0,0
201510290006,201510290006,client_id,3/31/2026,Comprehensive,212-Chain Restaurant without Liquor,7,1,1,5,0,1
201610240008,201610240008,client_id,9/23/2025,Comprehensive,211-Restaurant without Liquor,6,1,1,3,0,2
201610240008,201610240008,client_id,3/18/2026,Comprehensive,211-Restaurant without Liquor,12,3,2,8,0,4
201610240008,201610240008,client_id,3/25/2026,Reinspection,211-Restaurant without Liquor,7,1,2,5,0,2
201706150003,201706150003,client_id,5/14/2026,Comprehensive,212-Chain Restaurant without Liquor,0,0,0,0,0,0
201608230003,201608230003,client_id,11/13/2025,Comprehensive,212-Chain Restaurant without Liquor,3,1,0,3,0,2
201608230003,201608230003,client_id,1/30/2026,Complaint,212-Chain Restaurant without Liquor,0,0,0,0,0,0
201608230003,201608230003,client_id,2/27/2026,Complaint,212-Chain Restaurant without Liquor,0,0,0,0,0,0
201609020001,201609020001,client_id,12/18/2025,Comprehensive,212-Chain Restaurant without Liquor,3,0,0,3,0,0
201608300003,201608300003,client_id,11/5/2025,Comprehensive,212-Chain Restaurant without Liquor,3,0,0,3,0,0
201609300001,201609300001,client_id,12/8/2025,Comprehensive,212-Chain Restaurant without Liquor,10,1,2,8,0,1
201609010001,201609010001,client_id,12/1/2025,Comprehensive,212-Chain Restaurant without Liquor,0,0,0,0,0,0
201609020002,201609020002,client_id,8/28/2025,Comprehensive,212-Chain Restaurant without Liquor,3,0,0,3,0,0
201609020002,201609020002,client_id,8/28/2026,Comprehensive,212-Chain Restaurant without Liquor,4,0,1,3,0,0
201609020002,201609020002,client_id,9/8/2026,Complaint,212-Chain Restaurant without Liquor,0,0,0,0,0,0
202312190001,202312190001,client_id,4/13/2026,Comprehensive,212-Chain Restaurant without Liquor,8,0,2,7,0,0
202312190001,202312190001,client_id,4/27/2026,Reinspection,212-Chain Restaurant without Liquor,3,0,0,3,0,0
202502040003,202502040003,client_id,8/11/2025,Comprehensive,212-Chain Restaurant without Liquor,6,1,1,4,0,1
202502040003,202502040003,client_id,7/21/2026,Comprehensive,212-Chain Restaurant without Liquor,4,0,0,4,0,0
201706200003,201706200003,client_id,2/17/2026,Comprehensive,212-Chain Restaurant without Liquor,8,0,1,7,0,0
201706200003,201706200003,client_id,2/19/2026,Reinspection,212-Chain Restaurant without Liquor,0,0,0,0,0,0
201706290005,201706290005,client_id,1/9/2026,Comprehensive,212-Chain Restaurant without Liquor,3,0,0,3,0,0
201908120003,201908120003,client_id,1/28/2026,Comprehensive,211-Restaurant without Liquor,11,0,3,8,0,0
8464,,unlinked,11/14/2025,Comprehensive,201-Restaurant with Liquor,5,0,1,5,0,0
202209060001,202209060001,client_id,9/9/2025,Comprehensive,211-Restaurant without Liquor,8,0,0,8,0,0
202209060001,202209060001,client_id,6/29/2026,Comprehensive,211-Restaurant without Liquor,5,0,1,4,0,0
202209060001,202209060001,client_id,7/15/2026,Reinspection,211-Restaurant without Liquor,0,0,0,0,0,0
202503140004,202503140004,client_id,11/24/2025,Comprehensive,211-Restaurant without Liquor,1,0,1,0,0,0
202003120003,202003120003,client_id,9/5/2025,Comprehensive,212-Chain Restaurant without Liquor,7,1,4,5,0,2
202003120003,202003120003,client_id,3/5/2026,Comprehensive,212-Chain Restaurant without Liquor,7,0,1,6,0,0
202309150004,202309150004,client_id,2/17/2026,Comprehensive,211-Restaurant without Liquor,10,0,1,9,0,0
201801160001,201801160001,client_id,12/12/2025,Comprehensive,212-Chain Restaurant without Liquor,6,0,1,5,0,0
FSP-PERM-202603130174,,unlinked,4/2/2026,Comprehensive,211-Restaurant w/o Liquor,6,0,1,5,0,0
202407310005,202407310005,client_id,10/2/2025,Comprehensive,211-Restaurant without Liquor,13,0,4,10,0,0
202407310005,202407310005,client_id,8/24/2026,Complaint,211-Restaurant without Liquor,1,0,1,0,0,0
32663,32663,client_id,10/2/2025,Comprehensive,201-Restaurant with Liquor,11,1,2,9,0,2
201303080012,201303080012,client_id,12/18/2025,Comprehensive,201-Restaurant with Liquor,7,0,1,6,0,0
202205130003,202205130003,client_id,1/23/2025,Comprehensive,211-Restaurant without Liquor,12,1,4,8,0,2
202205130003,202205130003,client_id,5/14/2024,Comprehensive,211-Restaurant without Liquor,8,1,2,7,0,2
202205130003,202205130003,client_id,4/10/2025,Partial Reinspection,211-Restaurant without Liquor,0,0,0,0,0,0
202205130003,202205130003,client_id,12/2/2025,Comprehensive,211-Restaurant without Liquor,21,4,5,13,1,5
202205130003,202205130003,client_id,12/11/2025,Reinspection,211-Restaurant without Liquor,8,1,2,6,0,1
202205130003,202205130003,client_id,1/14/2026,Comprehensive,211-Restaurant without Liquor,10,0,0,10,0,0
202006290002,202006290002,client_id,10/23/2025,Comprehensive,202-Chain Restaurant with Liquor,3,0,1,2,0,0
202006120015,202006120015,client_id,11/17/2025,Comprehensive,212-Chain Restaurant without Liquor,6,2,2,2,0,2
202006290004,202006290004,client_id,10/23/2025,Comprehensive,211-Restaurant without Liquor,5,1,0,4,0,1
FSP-PERM-202512050411,,unlinked,12/5/2025,Pre-Operational,211-Restaurant w/o Liquor,4,0,0,4,0,0
201101240002,201101240002,client_id,9/26/2025,Comprehensive,212-Chain Restaurant without Liquor,7,0,1,6,0,0
201101240002,201101240002,client_id,8/6/2026,Comprehensive,212-Chain Restaurant without Liquor,5,0,0,5,0,0
200512060001,200512060001,client_id,12/18/2020,Comprehensive,211-Restaurant without Liquor,6,0,1,5,0,0
200512060001,200512060001,client_id,9/15/2025,Comprehensive,211-Restaurant without Liquor,19,2,4,13,0,3
201208030012,201208030012,client_id,9/26/2025,Comprehensive,202-Chain Restaurant with Liquor,5,0,0,5,0,0
201208030012,201208030012,client_id,8/6/2026,Comprehensive,202-Chain Restaurant with Liquor,3,0,0,3,0,0
201701040001,201701040001,client_id,2/2/2026,Comprehensive,212-Chain Restaurant without Liquor,8,1,1,7,0,2
200006160002,200006160002,client_id,9/10/2025,Comprehensive,201-Restaurant with Liquor,10,2,4,5,0,3
200006160002,200006160002,client_id,10/1/2025,Reinspection,201-Restaurant with Liquor,4,0,1,3,0,0
202003030001,202003030001,client_id,12/2/2025,Comprehensive,211-Restaurant without Liquor,14,2,3,13,0,4
FSP-PERM-202510070175,,unlinked,10/7/2025,Pre-Operational,"211-Restaurant w/o Liquor,405-University Food Service",4,0,0,4,0,0
FSP-PERM-202510070175,,unlinked,12/2/2025,Comprehensive,"211-Restaurant w/o Liquor,405-University Food Service",10,1,2,8,0,1
FSP-PERM-202510070175,,unlinked,1/14/2026,Service Request,"211-Restaurant w/o Liquor,405-University Food Service",1,0,0,1,0,0
202308310001,202308310001,client_id,10/31/2025,Comprehensive,201-Restaurant with Liquor,13,2,5,6,0,2
202308310001,202308310001,client_id,5/18/2026,Comprehensive,201-Restaurant with Liquor,8,2,3,3,0,2
202308310001,202308310001,client_id,6/2/2026,Reinspection,201-Restaurant with Liquor,0,0,0,0,0,0
200206040003,200206040003,client_id,5/1/2026,Comprehensive,202-Chain Restaurant with Liquor,5,2,0,4,0,2
202007240005,202007240005,client_id,9/17/2025,Comprehensive,201-Restaurant with Liquor,14,1,6,9,0,2
202007240005,202007240005,client_id,9/29/2025,Reinspection,201-Restaurant with Liquor,6,1,1,5,0,2
202007240005,202007240005,client_id,6/3/2026,Comprehensive,201-Restaurant with Liquor,14,1,3,11,0,2
45678,45678,client_id,6/25/2026,Comprehensive,211-Restaurant without Liquor,6,0,0,5,0,0
FSP-PERM-202608040464,202410100007,same_address_record,8/4/2026,Change of Ownership,211-Restaurant w/o Liquor,17,1,5,11,0,1
202410100007,202410100007,client_id,1/6/2026,Comprehensive,211-Restaurant without Liquor,16,2,5,10,0,2
202410100007,202410100007,client_id,2/13/2026,Reinspection,211-Restaurant without Liquor,10,0,4,6,0,0
FSP-PERM-202602090077,202205090001,same_address_record,2/9/2026,Change of Ownership,211-Restaurant w/o Liquor,9,2,0,8,0,4
FSP-PERM-202602090077,202205090001,same_address_record,2/12/2026,Reinspection,211-Restaurant w/o Liquor,0,0,0,0,0,0
FSP-PERM-202602090077,202205090001,same_address_record,8/19/2026,Comprehensive,211-Restaurant w/o Liquor,7,2,2,4,0,4
FSP-PERM-202602090077,202205090001,same_address_record,8/25/2026,Partial Reinspection,211-Restaurant w/o Liquor,3,1,0,3,0,1
202205090001,202205090001,client_id,9/9/2025,Comprehensive,212-Chain Restaurant without Liquor,7,3,3,4,0,6
202205090001,202205090001,client_id,9/11/2025,Reinspection,212-Chain Restaurant without Liquor,0,0,0,0,0,0
201312090013,201312090013,client_id,6/25/2026,Comprehensive,211-Restaurant without Liquor,11,0,3,8,0,0
202407080002,202407080002,client_id,8/27/2026,Comprehensive,212-Chain Restaurant without Liquor,3,0,0,3,0,0
201709130008,201709130008,client_id,9/9/2025,Reinspection,202-Chain Restaurant with Liquor,4,0,0,4,0,0
201709130008,201709130008,client_id,2/9/2026,Comprehensive,202-Chain Restaurant with Liquor,6,0,0,6,0,0
201709130008,201709130008,client_id,7/27/2026,Comprehensive,202-Chain Restaurant with Liquor,3,0,0,3,0,0
201709110001,201709110001,client_id,6/25/2026,Comprehensive,212-Chain Restaurant without Liquor,10,0,0,10,0,0
201709130002,201709130002,client_id,4/30/2026,Comprehensive,212-Chain Restaurant without Liquor,5,1,0,4,0,1
201709130004,201709130004,client_id,8/25/2025,Comprehensive,212-Chain Restaurant without Liquor,3,0,0,3,0,0
201709130004,201709130004,client_id,6/30/2026,Comprehensive,212-Chain Restaurant without Liquor,1,0,0,1,0,0
200309190004,200309190004,client_id,6/17/2026,Comprehensive,212-Chain Restaurant without Liquor,1,0,0,1,0,0
200809050005,200809050005,client_id,2/2/2026,Comprehensive,212-Chain Restaurant without Liquor,6,0,1,5,0,0
200705020002,200705020002,client_id,12/4/2025,Comprehensive,211-Restaurant without Liquor,4,0,0,4,0,0
200705020002,200705020002,client_id,7/20/2026,Complaint,211-Restaurant without Liquor,2,0,0,2,0,0
201209190002,201209190002,client_id,6/9/2026,Comprehensive,202-Chain Restaurant with Liquor,6,1,1,4,0,1
201908200002,201908200002,client_id,2/19/2026,Comprehensive,201-Restaurant with Liquor,3,0,1,2,0,0
FSP-PERM-202512230495,,unlinked,12/23/2025,Comprehensive,201-Restaurant w/Liquor,15,3,2,13,0,5
FSP-PERM-202512230495,,unlinked,1/16/2026,Reinspection,201-Restaurant w/Liquor,0,0,0,0,0,0
FSP-PERM-202512230495,,unlinked,9/3/2026,Comprehensive,201-Restaurant w/Liquor,8,2,3,6,0,4
FSP-PERM-202512230495,,unlinked,9/16/2026,Reinspection,201-Restaurant w/Liquor,4,0,0,4,0,0
7254,,unlinked,7/6/2026,Comprehensive,201-Restaurant with Liquor,5,1,2,3,0,2
31774,31774,client_id,9/8/2025,Consultation,201-Restaurant with Liquor,0,0,0,0,0,0
31774,31774,client_id,12/2/2025,Comprehensive,201-Restaurant with Liquor,6,0,0,6,0,0
202107160002,202107160002,client_id,2/23/2026,Comprehensive,212-Chain Restaurant without Liquor,10,1,1,8,0,1
202107160002,202107160002,client_id,2/24/2026,Reinspection,212-Chain Restaurant without Liquor,4,0,0,4,0,0
FSP-PERM-202509260152,,unlinked,9/26/2025,Pre-Operational,211-Restaurant w/o Liquor,8,0,0,8,0,0
FSP-PERM-202509260152,,unlinked,10/2/2025,Pre-Operational,211-Restaurant w/o Liquor,3,0,0,3,0,0
FSP-PERM-202509260152,,unlinked,11/21/2025,Comprehensive,211-Restaurant w/o Liquor,8,1,2,5,0,1
202212120006,202212120006,client_id,11/26/2025,Comprehensive,202-Chain Restaurant with Liquor,4,0,0,4,0,0
201705050001,201705050001,client_id,8/11/2025,Comprehensive,202-Chain Restaurant with Liquor,3,0,1,2,0,0
201705050001,201705050001,client_id,8/27/2026,Comprehensive,202-Chain Restaurant with Liquor,3,0,2,2,0,0
38437,38437,client_id,2/24/2026,Complaint,202-Chain Restaurant with Liquor,0,0,0,0,0,0
38437,38437,client_id,5/4/2026,Comprehensive,202-Chain Restaurant with Liquor,9,0,1,8,0,0
202403110001,202403110001,client_id,10/1/2025,Comprehensive,201-Restaurant with Liquor,9,2,1,6,0,2
202403110001,202403110001,client_id,5/20/2026,Comprehensive,201-Restaurant with Liquor,10,0,1,9,0,0
FSP-PERM-202602100082,,unlinked,4/2/2026,Comprehensive,201-Restaurant w/Liquor,1,0,0,1,0,0
202407220001,202407220001,client_id,1/7/2026,Comprehensive,211-Restaurant without Liquor,6,0,2,4,0,0
202410160007,202410160007,client_id,12/4/2025,Comprehensive,212-Chain Restaurant without Liquor,10,2,0,9,0,3
202406190007,202406190007,client_id,8/20/2025,Comprehensive,211-Restaurant without Liquor,1,0,0,1,0,0
200906020003,200906020003,client_id,1/13/2026,Comprehensive,201-Restaurant with Liquor,4,0,1,3,0,0
202308300001,202308300001,client_id,12/8/2025,Comprehensive,212-Chain Restaurant without Liquor,7,2,1,4,0,2
202308300001,202308300001,client_id,6/16/2026,Comprehensive,212-Chain Restaurant without Liquor,6,0,0,6,0,0
202410070243,202410070243,client_id,1/5/2026,Comprehensive,212-Chain Restaurant without Liquor,9,2,2,7,0,3
202410070243,202410070243,client_id,1/21/2026,Reinspection,212-Chain Restaurant without Liquor,0,0,0,0,0,0
200410010006,200410010006,client_id,3/13/2026,Comprehensive,202-Chain Restaurant with Liquor,5,0,0,5,0,0
200410010006,200410010006,client_id,7/29/2026,Complaint,202-Chain Restaurant with Liquor,1,0,1,0,0,0
200511180001,200511180001,client_id,9/3/2025,Comprehensive,202-Chain Restaurant with Liquor,12,5,1,7,0,6
200511180001,200511180001,client_id,9/15/2025,Reinspection,202-Chain Restaurant with Liquor,3,1,1,2,0,2
200511180001,200511180001,client_id,2/17/2026,Comprehensive,202-Chain Restaurant with Liquor,10,3,2,6,0,4
200511180001,200511180001,client_id,3/3/2026,Reinspection,202-Chain Restaurant with Liquor,1,0,0,1,0,0
200511180001,200511180001,client_id,8/3/2026,Comprehensive,202-Chain Restaurant with Liquor,4,1,0,3,0,1
201701050002,201701050002,client_id,12/12/2025,Comprehensive,212-Chain Restaurant without Liquor,8,0,1,7,0,0
201903120005,201903120005,client_id,1/9/2026,Comprehensive,211-Restaurant without Liquor,3,0,2,1,0,0
202505090001,202505090001,client_id,7/16/2026,Comprehensive,211-Restaurant without Liquor,9,0,3,8,0,0
202505090001,202505090001,client_id,7/22/2026,Reinspection,211-Restaurant without Liquor,4,0,1,3,0,0
202304110001,202304110001,client_id,11/19/2025,Comprehensive,201-Restaurant with Liquor,6,0,2,4,0,0
201903040004,201903040004,client_id,6/16/2026,Comprehensive,202-Chain Restaurant with Liquor,4,0,0,4,0,0
201104200002,201104200002,client_id,11/13/2025,Comprehensive,212-Chain Restaurant without Liquor,5,0,0,5,0,0
201509180001,201509180001,client_id,8/24/2026,Comprehensive,212-Chain Restaurant without Liquor,11,0,2,9,0,0
202102230003,202102230003,client_id,9/17/2025,Comprehensive,212-Chain Restaurant without Liquor,5,0,1,4,0,0
FSP-PERM-202601300066,,unlinked,1/30/2026,Pre-Operational,"201-Restaurant w/Liquor,172-Food Processor",4,0,0,5,0,0
FSP-PERM-202601300066,,unlinked,4/10/2026,Comprehensive,"201-Restaurant w/Liquor,172-Food Processor",2,1,0,1,0,1
200911250009,200911250009,client_id,11/14/2025,Renovation,201-Restaurant with Liquor,3,0,0,3,0,0
200911250009,200911250009,client_id,12/23/2025,Comprehensive,201-Restaurant with Liquor,2,0,1,1,0,0
200911250009,200911250009,client_id,12/23/2025,Complaint,201-Restaurant with Liquor,0,0,0,0,0,0
200309100005,200309100005,client_id,1/14/2026,Comprehensive,201-Restaurant with Liquor,3,0,0,3,0,0
7721,,unlinked,7/13/2026,Comprehensive,201-Restaurant with Liquor,12,2,2,8,0,2
7721,,unlinked,7/22/2026,Reinspection,201-Restaurant with Liquor,7,0,0,7,0,0
201501140001,201501140001,client_id,11/12/2025,Comprehensive,201-Restaurant with Liquor,12,1,1,10,0,1
202102240003,202102240003,client_id,12/17/2025,Comprehensive,212-Chain Restaurant without Liquor,3,0,0,3,0,0
202102240003,202102240003,client_id,4/2/2026,Complaint,212-Chain Restaurant without Liquor,1,0,0,1,0,0
201212120008,201212120008,client_id,12/10/2025,Comprehensive,212-Chain Restaurant without Liquor,13,4,2,9,0,7
201212120008,201212120008,client_id,1/2/2026,Reinspection,212-Chain Restaurant without Liquor,4,0,1,3,0,0
201212120008,201212120008,client_id,5/27/2026,Comprehensive,212-Chain Restaurant without Liquor,8,4,1,5,0,6
201212120008,201212120008,client_id,6/15/2026,Reinspection,212-Chain Restaurant without Liquor,8,2,1,6,0,3
200907140004,200907140004,client_id,8/14/2025,Comprehensive,211-Restaurant without Liquor,7,0,1,6,0,0
200907140004,200907140004,client_id,8/26/2026,Comprehensive,211-Restaurant without Liquor,5,0,2,4,0,0
202106300004,202106300004,client_id,1/14/2026,Comprehensive,211-Restaurant without Liquor,9,0,1,8,0,0
201907290001,201907290001,client_id,5/21/2026,Comprehensive,201-Restaurant with Liquor,9,1,2,6,0,1
202209060005,202209060005,client_id,8/19/2025,Comprehensive,202-Chain Restaurant with Liquor,12,2,2,10,0,3
202209060005,202209060005,client_id,9/15/2025,Reinspection,202-Chain Restaurant with Liquor,8,1,1,6,0,1
202209060005,202209060005,client_id,10/17/2025,Reinspection,202-Chain Restaurant with Liquor,5,0,1,4,0,0
202209060005,202209060005,client_id,3/17/2026,Comprehensive,202-Chain Restaurant with Liquor,15,5,4,10,0,7
202209060005,202209060005,client_id,3/20/2026,Reinspection,202-Chain Restaurant with Liquor,4,2,0,3,0,3
202209060005,202209060005,client_id,5/20/2026,Reinspection,202-Chain Restaurant with Liquor,0,0,0,0,0,0
201609290002,201609290002,client_id,9/30/2025,Service Request,201-Restaurant with Liquor,2,0,0,2,0,0
201609290002,201609290002,client_id,8/27/2026,Reinspection,201-Restaurant with Liquor,1,1,0,0,0,1
200511040002,200511040002,client_id,1/16/2026,Comprehensive,212-Chain Restaurant without Liquor,2,0,0,2,0,0
202202070004,202202070004,client_id,11/20/2025,Renovation,212-Chain Restaurant without Liquor,3,0,0,3,0,0
202202070004,202202070004,client_id,1/16/2026,Comprehensive,212-Chain Restaurant without Liquor,8,0,1,8,0,0
201905150003,201905150003,client_id,8/26/2025,Comprehensive,201-Restaurant with Liquor,18,3,7,10,0,4
201905150003,201905150003,client_id,9/9/2025,Reinspection,201-Restaurant with Liquor,10,1,1,10,0,2
201905150003,201905150003,client_id,3/17/2026,Comprehensive,201-Restaurant with Liquor,16,2,2,12,0,2
201905150003,201905150003,client_id,4/8/2026,Reinspection,201-Restaurant with Liquor,12,0,3,9,0,0
33413,33413,client_id,5/18/2026,Comprehensive,211-Restaurant without Liquor,13,3,2,10,0,4
33413,33413,client_id,7/7/2026,Reinspection,211-Restaurant without Liquor,2,0,0,2,0,0
201807180004,201807180004,client_id,4/8/2026,Comprehensive,212-Chain Restaurant without Liquor,2,0,0,2,0,0
202402070008,202402070008,client_id,9/2/2025,Comprehensive,212-Chain Restaurant without Liquor,9,0,2,9,0,0
202402070008,202402070008,client_id,8/21/2026,Comprehensive,212-Chain Restaurant without Liquor,10,0,3,8,0,0
202402070008,202402070008,client_id,9/8/2026,Partial Reinspection,212-Chain Restaurant without Liquor,7,0,2,6,0,0
202109270004,202109270004,client_id,4/14/2026,Comprehensive,211-Restaurant without Liquor,9,1,3,5,0,1
202109270004,202109270004,client_id,4/28/2026,Reinspection,211-Restaurant without Liquor,2,0,0,2,0,0
202502240012,202502240012,client_id,12/12/2025,Complaint,202-Chain Restaurant with Liquor,3,0,0,3,0,0
202103010001,202103010001,client_id,11/29/2023,Comprehensive,201-Restaurant with Liquor,9,0,2,7,0,0
202002060003,202002060003,client_id,9/15/2025,Comprehensive,212-Chain Restaurant without Liquor,18,2,5,12,0,3
202002060003,202002060003,client_id,10/6/2025,Reinspection,212-Chain Restaurant without Liquor,4,0,1,3,0,0
202002060003,202002060003,client_id,5/6/2026,Comprehensive,212-Chain Restaurant without Liquor,15,0,3,13,0,0
FSP-PERM-202511100287,,unlinked,11/10/2025,Pre-Operational,212-Chain Restaurant w/o Liquor,2,0,0,2,0,0
FSP-PERM-202511100287,,unlinked,12/30/2025,Comprehensive,212-Chain Restaurant w/o Liquor,0,0,0,0,0,0
201912050003,201912050003,client_id,7/22/2026,Complaint,202-Chain Restaurant with Liquor,5,1,1,4,0,2
202204110003,202204110003,client_id,6/12/2026,Comprehensive,201-Restaurant with Liquor,7,2,2,4,0,3
202211230002,202211230002,client_id,12/8/2025,Comprehensive,202-Chain Restaurant with Liquor,11,2,3,8,0,4
202211230002,202211230002,client_id,12/30/2025,Reinspection,202-Chain Restaurant with Liquor,0,0,0,0,0,0
FSP-PERM-202509240143,,unlinked,9/24/2025,Comprehensive,Priority Code:,14,3,5,8,1,4
FSP-PERM-202509240143,,unlinked,2/10/2026,Comprehensive,211-Restaurant w/o Liquor,9,2,2,6,0,3
FSP-PERM-202509240143,,unlinked,7/28/2026,Comprehensive,211-Restaurant w/o Liquor,11,1,0,10,0,1
57357,57357,client_id,1/14/2026,Comprehensive,201-Restaurant with Liquor,6,0,1,5,0,0
202006090003,202006090003,client_id,2/5/2026,Comprehensive,202-Chain Restaurant with Liquor,10,2,2,7,0,3
202006090003,202006090003,client_id,2/20/2026,Reinspection,202-Chain Restaurant with Liquor,1,0,0,1,0,0
202209070005,202209070005,client_id,9/18/2025,Comprehensive,212-Chain Restaurant without Liquor,4,0,2,2,0,0
202209070005,202209070005,client_id,8/6/2026,Comprehensive,212-Chain Restaurant without Liquor,1,0,0,1,0,0
FSP-PERM-202509170114,,unlinked,9/17/2025,Change of Ownership,211-Restaurant w/o Liquor,2,0,0,2,0,0
FSP-PERM-202509170114,,unlinked,10/14/2025,Service Request,211-Restaurant w/o Liquor,0,0,0,0,0,0
FSP-PERM-202509170114,,unlinked,11/19/2025,Comprehensive,211-Restaurant w/o Liquor,8,2,3,4,0,3
FSP-PERM-202509170114,,unlinked,11/21/2025,Reinspection,211-Restaurant w/o Liquor,1,0,0,1,0,0
FSP-PERM-202509170114,,unlinked,12/8/2025,Reinspection,211-Restaurant w/o Liquor,0,0,0,0,0,0
201407070006,201407070006,client_id,5/27/2026,Comprehensive,212-Chain Restaurant without Liquor,5,1,2,2,0,1
201007080021,201007080021,client_id,2/27/2026,Comprehensive,212-Chain Restaurant without Liquor,10,1,3,6,0,1
200001120019,200001120019,client_id,10/23/2025,Comprehensive,201-Restaurant with Liquor,8,0,1,8,0,0
FSP-PERM-202605140308,,unlinked,5/19/2026,Pre-Operational,202-Chain Restaurant with Liquor,7,0,0,7,0,0
FSP-PERM-202605140308,,unlinked,5/26/2026,Reinspection,201-Restaurant w/Liquor,0,0,0,0,0,0
FSP-PERM-202605140308,,unlinked,7/22/2026,Comprehensive,201-Restaurant w/Liquor,10,2,2,7,0,3
201106030002,201106030002,client_id,11/5/2025,Comprehensive,211-Restaurant without Liquor,2,0,1,1,0,0
200805020001,200805020001,client_id,11/5/2025,Comprehensive,211-Restaurant without Liquor,5,0,1,4,0,0
8278,,unlinked,4/23/2025,Comprehensive,201-Restaurant with Liquor,11,0,3,7,0,0
201610240001,201610240001,client_id,9/10/2025,Comprehensive,212-Chain Restaurant without Liquor,2,0,0,1,0,0
FSP-PERM-202510220227,,unlinked,10/22/2025,Comprehensive,212-Chain Restaurant w/o Liquor,1,0,0,1,0,0
202311060002,202311060002,client_id,9/9/2025,Comprehensive,211-Restaurant without Liquor,15,2,5,12,0,4
200810160002,200810160002,client_id,10/10/2025,Comprehensive,212-Chain Restaurant without Liquor,7,0,1,6,0,0
200810160002,200810160002,client_id,11/10/2025,Comprehensive,212-Chain Restaurant without Liquor,4,0,1,3,0,0
49756,49756,client_id,11/6/2025,Comprehensive,211-Restaurant without Liquor,4,0,0,4,0,0
202006030004,202006030004,client_id,1/5/2026,Comprehensive,211-Restaurant without Liquor,5,0,1,5,0,0
202306300001,202306300001,client_id,9/15/2025,Comprehensive,211-Restaurant without Liquor,1,0,1,0,0,0
202404030005,202404030005,client_id,10/1/2025,Comprehensive,211-Restaurant without Liquor,14,6,3,8,0,7
202404030005,202404030005,client_id,10/17/2025,Reinspection,211-Restaurant without Liquor,6,1,2,3,0,1
202106160002,202106160002,client_id,12/30/2025,Comprehensive,211-Restaurant without Liquor,6,1,2,4,0,2
201501270001,201501270001,client_id,1/30/2026,Comprehensive,201-Restaurant with Liquor,5,1,1,4,0,1
201708040016,201708040016,client_id,1/21/2026,Comprehensive,201-Restaurant with Liquor,2,0,1,1,0,0
56290,56290,client_id,6/17/2026,Comprehensive,211-Restaurant without Liquor,8,0,3,5,0,0
202308280004,202308280004,client_id,5/20/2026,Comprehensive,211-Restaurant without Liquor,12,1,1,11,0,2
FSP-PERM-202510150195,,unlinked,10/15/2025,Pre-Operational,211-Restaurant w/o Liquor,0,0,0,0,0,0
FSP-PERM-202510150195,,unlinked,12/17/2025,Comprehensive,211-Restaurant w/o Liquor,4,0,0,4,0,0
FSP-PERM-202511100288,,unlinked,2/10/2026,Comprehensive,212-Chain Restaurant w/o Liquor,5,0,1,5,0,0
200304030014,200304030014,client_id,10/14/2025,Comprehensive,212-Chain Restaurant without Liquor,1,0,0,1,0,0
200304030014,200304030014,client_id,8/17/2026,Comprehensive,Priority Code:,5,0,2,3,0,0
200610030006,200610030006,client_id,12/17/2025,Comprehensive,212-Chain Restaurant without Liquor,2,0,0,2,0,0
201406020014,201406020014,client_id,8/11/2025,Comprehensive,212-Chain Restaurant without Liquor,2,0,0,2,0,0
201406020014,201406020014,client_id,8/20/2026,Comprehensive,212-Chain Restaurant without Liquor,1,0,0,1,0,0
200311250003,200311250003,client_id,8/11/2026,Complaint,212-Chain Restaurant without Liquor,0,0,0,0,0,0
202207130007,202207130007,client_id,4/27/2026,Comprehensive,212-Chain Restaurant without Liquor,1,0,0,1,0,0
201806200008,201806200008,client_id,8/12/2025,Comprehensive,212-Chain Restaurant without Liquor,1,0,0,1,0,0
200309120008,200309120008,client_id,11/14/2025,Comprehensive,212-Chain Restaurant without Liquor,1,0,0,1,0,0
201603280002,201603280002,client_id,1/12/2026,Comprehensive,212-Chain Restaurant without Liquor,1,0,0,1,0,0
199908190001,199908190001,client_id,2/3/2026,Comprehensive,212-Chain Restaurant without Liquor,3,0,1,2,0,0
200306130007,200306130007,client_id,6/17/2026,Comprehensive,212-Chain Restaurant without Liquor,1,0,0,1,0,0
202403080001,202403080001,client_id,10/3/2025,Comprehensive,212-Chain Restaurant without Liquor,2,0,1,2,0,0
202403080001,202403080001,client_id,9/3/2026,Comprehensive,Priority Code:,1,0,0,1,0,0
FSP-PERM-202604150245,,unlinked,5/19/2026,Comprehensive,201-Restaurant w/Liquor,16,0,5,11,0,0
200612010004,200612010004,client_id,4/9/2026,Comprehensive,201-Restaurant with Liquor,12,1,3,8,0,1
201709110019,201709110019,client_id,9/8/2025,Comprehensive,212-Chain Restaurant without Liquor,4,0,0,4,0,0
201709110019,201709110019,client_id,7/20/2026,Comprehensive,212-Chain Restaurant without Liquor,5,0,1,4,0,0
202406060002,202406060002,client_id,8/25/2025,Comprehensive,212-Chain Restaurant without Liquor,7,0,2,5,0,0
202406060002,202406060002,client_id,7/17/2026,Partial Reinspection,212-Chain Restaurant without Liquor,0,0,0,0,0,0
202111010004,202111010004,client_id,10/2/2025,Comprehensive,212-Chain Restaurant without Liquor,8,1,1,7,0,2
202311090010,202311090010,client_id,3/18/2026,Comprehensive,212-Chain Restaurant without Liquor,9,1,0,9,0,2
201810310001,201810310001,client_id,6/10/2026,Comprehensive,212-Chain Restaurant without Liquor,4,0,1,4,0,0
200610200002,200610200002,client_id,2/2/2026,Comprehensive,212-Chain Restaurant without Liquor,4,1,1,2,0,1
200610200002,200610200002,client_id,2/6/2026,Reinspection,212-Chain Restaurant without Liquor,0,0,0,0,0,0
200610200002,200610200002,client_id,6/12/2026,Complaint,212-Chain Restaurant without Liquor,0,0,0,0,0,0
200307010005,200307010005,client_id,12/2/2025,Comprehensive,212-Chain Restaurant without Liquor,9,2,3,5,0,2
200307010005,200307010005,client_id,1/15/2026,Reinspection,212-Chain Restaurant without Liquor,4,0,2,3,0,0
200307010005,200307010005,client_id,8/18/2026,Reinspection,212-Chain Restaurant without Liquor,3,0,1,3,0,0
200307010005,200307010005,client_id,9/8/2026,Reinspection,212-Chain Restaurant without Liquor,2,0,0,2,0,0
200812190001,200812190001,client_id,1/21/2026,Comprehensive,212-Chain Restaurant without Liquor,7,1,2,4,0,1
200812190001,200812190001,client_id,1/22/2026,Reinspection,212-Chain Restaurant without Liquor,0,0,0,0,0,0
FSP-PERM-202603100151,,unlinked,3/10/2026,Change of Ownership,212-Chain Restaurant w/o Liquor,3,0,0,3,0,0
FSP-PERM-202603100151,,unlinked,4/28/2026,Comprehensive,212-Chain Restaurant w/o Liquor,4,0,0,4,0,0
202107130003,202107130003,client_id,8/26/2025,Comprehensive,212-Chain Restaurant without Liquor,5,0,2,3,0,0
202107130003,202107130003,client_id,6/8/2026,Comprehensive,212-Chain Restaurant without Liquor,6,0,4,2,0,0
202107130003,202107130003,client_id,6/15/2026,Reinspection,212-Chain Restaurant without Liquor,2,0,1,1,0,0
201811050003,201811050003,client_id,8/20/2025,Comprehensive,212-Chain Restaurant without Liquor,3,0,0,3,0,0
201811050003,201811050003,client_id,8/6/2026,Comprehensive,212-Chain Restaurant without Liquor,11,1,2,9,0,2
201811050003,201811050003,client_id,9/17/2026,Reinspection,212-Chain Restaurant without Liquor,3,0,2,1,0,0
202401290007,202401290007,client_id,6/10/2026,Comprehensive,212-Chain Restaurant without Liquor,8,1,1,6,0,1
53379,53379,client_id,11/4/2025,Comprehensive,211-Restaurant without Liquor,4,0,1,3,0,0
202108160005,202108160005,client_id,9/9/2025,Comprehensive,211-Restaurant without Liquor,8,2,2,5,0,3
202108160005,202108160005,client_id,9/23/2025,Reinspection,211-Restaurant without Liquor,0,0,0,0,0,0
202108160005,202108160005,client_id,9/30/2025,Service Request,211-Restaurant without Liquor,1,0,0,1,0,0
8680,,unlinked,6/11/2026,Comprehensive,201-Restaurant with Liquor,7,0,2,5,0,0
200510250001,200510250001,client_id,9/15/2025,Comprehensive,211-Restaurant without Liquor,2,0,0,2,0,0
202306200002,202306200002,client_id,12/10/2025,Comprehensive,211-Restaurant without Liquor,9,3,2,7,0,5
202306200002,202306200002,client_id,12/30/2025,Reinspection,211-Restaurant without Liquor,0,0,0,0,0,0
201611170004,201611170004,client_id,3/16/2026,Comprehensive,202-Chain Restaurant with Liquor,8,1,1,6,0,1
201512230002,201512230002,client_id,2/5/2026,Comprehensive,212-Chain Restaurant without Liquor,1,0,0,1,0,0
202105190003,202105190003,client_id,7/23/2026,Comprehensive,211-Restaurant without Liquor,4,0,0,4,0,0
201707100005,201707100005,client_id,3/12/2026,Comprehensive,201-Restaurant with Liquor,13,0,2,11,0,0
202403120003,202403120003,client_id,11/19/2025,Comprehensive,211-Restaurant without Liquor,6,0,3,3,0,0
200208290001,200208290001,client_id,2/26/2026,Comprehensive,211-Restaurant without Liquor,6,1,0,6,0,2
200908030003,200908030003,client_id,12/10/2025,Complaint,212-Chain Restaurant without Liquor,1,0,0,1,0,0
201507150005,201507150005,client_id,6/5/2026,Comprehensive,212-Chain Restaurant without Liquor,4,0,0,4,0,0
202310100003,202310100003,client_id,10/14/2025,Comprehensive,212-Chain Restaurant without Liquor,2,0,0,2,0,0
202310100003,202310100003,client_id,8/31/2026,Comprehensive,Priority Code:,1,0,0,1,0,0
202506190001,202506190001,client_id,8/20/2025,Comprehensive,201-Restaurant with Liquor,8,0,1,7,0,0
FSP-PERM-202511050273,56808,same_address_record,11/5/2025,Comprehensive,202-Chain Restaurant w/Liquor,9,0,2,7,0,0
49686,49686,client_id,10/1/2025,Comprehensive,201-Restaurant with Liquor,5,0,0,5,0,0
202505070008,202505070008,client_id,1/13/2026,Comprehensive,202-Chain Restaurant with Liquor,10,1,1,9,0,1
202505070008,202505070008,client_id,1/16/2026,Reinspection,202-Chain Restaurant with Liquor,0,0,0,0,0,0
202507250002,202507250002,client_id,10/27/2025,Comprehensive,202-Chain Restaurant with Liquor,9,1,1,7,0,2
200008300005,200008300005,client_id,6/17/2026,Comprehensive,212-Chain Restaurant without Liquor,6,1,2,3,0,1
200008300005,200008300005,client_id,8/10/2026,Reinspection,212-Chain Restaurant without Liquor,5,0,0,5,0,0
201106210017,201106210017,client_id,8/31/2026,Comprehensive,212-Chain Restaurant without Liquor,2,0,0,2,0,0
201805230006,201805230006,client_id,11/5/2025,Comprehensive,201-Restaurant with Liquor,8,2,0,6,0,2
201805230006,201805230006,client_id,11/24/2025,Reinspection,201-Restaurant with Liquor,2,0,0,2,0,0
201805230006,201805230006,client_id,6/9/2026,Comprehensive,201-Restaurant with Liquor,17,2,5,10,0,2
9346,,unlinked,2/2/2026,Comprehensive,201-Restaurant with Liquor,5,0,1,4,0,0
FSP-PERM-202605200319,,unlinked,5/20/2026,Pre-Operational,211-Restaurant w/o Liquor,4,0,1,4,0,0
FSP-PERM-202605200319,,unlinked,6/23/2026,Comprehensive,211-Restaurant w/o Liquor,10,0,2,9,0,0
201711150001,201711150001,client_id,7/17/2026,Comprehensive,202-Chain Restaurant with Liquor,8,1,2,6,0,1
201304250004,201304250004,client_id,7/24/2026,Comprehensive,202-Chain Restaurant with Liquor,11,3,2,6,0,3
201009270012,201009270012,client_id,9/29/2025,Comprehensive,211-Restaurant without Liquor,18,4,7,11,0,6
201009270012,201009270012,client_id,10/7/2025,Reinspection,211-Restaurant without Liquor,5,1,2,3,0,1
201009270012,201009270012,client_id,12/3/2025,Comprehensive,211-Restaurant without Liquor,12,1,3,8,0,1
201009270012,201009270012,client_id,3/19/2026,Comprehensive,211-Restaurant without Liquor,13,3,2,9,0,4
201009270012,201009270012,client_id,6/17/2026,Complaint,211-Restaurant without Liquor,2,1,2,0,0,2
201009270012,201009270012,client_id,9/2/2026,Comprehensive,211-Restaurant without Liquor,5,2,0,4,0,3
201202090006,201202090006,client_id,7/23/2026,Comprehensive,211-Restaurant without Liquor,3,0,0,3,0,0
201504150006,201504150006,client_id,12/30/2025,Reinspection,211-Restaurant without Liquor,2,0,0,2,0,0
201504150006,201504150006,client_id,12/12/2025,Comprehensive,211-Restaurant without Liquor,10,2,5,5,0,4
202101220002,202101220002,client_id,6/18/2026,Reinspection,201-Restaurant with Liquor,11,0,0,11,0,0
202101220002,202101220002,client_id,6/2/2026,Comprehensive,201-Restaurant with Liquor,19,3,2,16,0,4
FSP-PERM-202509120107,,unlinked,9/12/2025,Comprehensive,201-Restaurant w/Liquor,10,1,4,7,0,2
202309080001,202309080001,client_id,11/19/2025,Comprehensive,212-Chain Restaurant without Liquor,3,0,0,3,0,0
202309190002,202309190002,client_id,12/10/2025,Comprehensive,211-Restaurant without Liquor,10,1,2,8,0,1
201511040010,201511040010,client_id,9/19/2025,Comprehensive,211-Restaurant without Liquor,9,0,1,8,0,0
200610120001,200610120001,client_id,3/5/2025,Comprehensive,202-Chain Restaurant with Liquor,1,0,0,1,0,0
200610120001,200610120001,client_id,12/18/2025,Complaint,202-Chain Restaurant with Liquor,1,0,0,1,0,0
201205310010,201205310010,client_id,8/28/2025,Comprehensive,201-Restaurant with Liquor,7,2,0,4,0,3
201205310010,201205310010,client_id,2/23/2026,Comprehensive,201-Restaurant with Liquor,14,3,4,8,0,3
201205310010,201205310010,client_id,2/24/2026,Reinspection,201-Restaurant with Liquor,0,0,0,0,0,0
201509210014,201509210014,client_id,3/23/2026,Comprehensive,201-Restaurant with Liquor,12,0,2,11,0,0
201110040003,201110040003,client_id,2/25/2026,Comprehensive,212-Chain Restaurant without Liquor,7,1,2,4,0,1
202003120005,202003120005,client_id,1/5/2026,Comprehensive,211-Restaurant without Liquor,4,0,1,3,0,0
202003120005,202003120005,client_id,8/12/2026,Service Request,211-Restaurant without Liquor,0,0,0,0,0,0
201510290005,201510290005,client_id,8/27/2025,Comprehensive,211-Restaurant without Liquor,7,0,1,6,0,0
202103120002,202103120002,client_id,8/29/2025,Comprehensive,201-Restaurant with Liquor,5,0,1,5,0,0
202103120002,202103120002,client_id,10/22/2025,Reinspection,201-Restaurant with Liquor,1,0,0,1,0,0
201608050001,201608050001,client_id,8/27/2025,Comprehensive,201-Restaurant with Liquor,9,1,1,7,0,1
202105190004,202105190004,client_id,4/7/2026,Comprehensive,201-Restaurant with Liquor,15,3,7,8,0,4
12176,12176,client_id,3/6/2026,Comprehensive,201-Restaurant with Liquor,10,0,1,9,0,0
201503240002,201503240002,client_id,10/7/2025,Comprehensive,201-Restaurant with Liquor,1,0,0,1,0,0
201712120002,201712120002,client_id,5/13/2026,Comprehensive,201-Restaurant with Liquor,13,3,2,11,0,3
201712120002,201712120002,client_id,5/27/2026,Reinspection,201-Restaurant with Liquor,6,1,0,6,0,1
201712120002,201712120002,client_id,8/14/2026,Reinspection,201-Restaurant with Liquor,5,0,0,5,0,0
201810300002,201810300002,client_id,5/8/2026,Comprehensive,202-Chain Restaurant with Liquor,7,2,0,6,0,3
201902220002,201902220002,client_id,12/23/2025,Comprehensive,212-Chain Restaurant without Liquor,5,0,1,4,0,0
44475,44475,client_id,10/21/2025,Comprehensive,202-Chain Restaurant with Liquor,4,0,1,3,0,0
47831,47831,client_id,1/16/2026,Comprehensive,202-Chain Restaurant with Liquor,5,0,0,5,0,0
47831,47831,client_id,2/2/2026,Foodborne Illness,202-Chain Restaurant with Liquor,0,0,0,0,0,0
200601310001,200601310001,client_id,1/22/2026,Comprehensive,202-Chain Restaurant with Liquor,8,0,1,7,0,0
200205230007,200205230007,client_id,9/11/2025,Comprehensive,212-Chain Restaurant without Liquor,2,0,1,1,0,0
201402060003,201402060003,client_id,11/26/2025,Comprehensive,211-Restaurant without Liquor,4,0,2,2,0,0
54318,54318,client_id,9/23/2025,Comprehensive,202-Chain Restaurant with Liquor,6,0,1,5,0,0
54318,54318,client_id,8/21/2026,Comprehensive,202-Chain Restaurant with Liquor,5,0,0,5,0,0
201608190004,201608190004,client_id,9/23/2025,Comprehensive,202-Chain Restaurant with Liquor,5,0,2,3,0,0
201608190004,201608190004,client_id,8/21/2026,Comprehensive,202-Chain Restaurant with Liquor,3,0,0,3,0,0
200802290001,200802290001,client_id,7/21/2026,Comprehensive,201-Restaurant with Liquor,1,0,0,1,0,0
56238,56238,client_id,10/2/2025,Comprehensive,211-Restaurant without Liquor,0,0,0,0,0,0
202506190004,202506190004,client_id,7/7/2026,Comprehensive,201-Restaurant with Liquor,9,0,3,6,0,0
202506190004,202506190004,client_id,9/2/2026,Complaint,201-Restaurant with Liquor,2,0,0,2,0,0
54749,54749,client_id,9/16/2025,Comprehensive,201-Restaurant with Liquor,2,0,0,2,0,0
202306120002,202306120002,client_id,5/28/2025,Service Request,211-Restaurant without Liquor,0,0,0,0,0,0
202306120002,202306120002,client_id,2/18/2026,Comprehensive,211-Restaurant without Liquor,10,1,5,6,0,2
202306120002,202306120002,client_id,3/25/2026,Reinspection,211-Restaurant without Liquor,2,0,0,2,0,0
202306120002,202306120002,client_id,6/10/2026,Complaint,211-Restaurant without Liquor,2,1,0,1,0,1
202306120002,202306120002,client_id,9/14/2026,Comprehensive,211-Restaurant without Liquor,15,3,8,7,0,4
202306120002,202306120002,client_id,9/22/2026,Reinspection,211-Restaurant without Liquor,2,0,1,1,0,0
201810160006,201810160006,client_id,6/15/2026,Comprehensive,201-Restaurant with Liquor,7,0,0,7,0,0
202307130002,202307130002,client_id,3/11/2026,Comprehensive,202-Chain Restaurant with Liquor,15,1,2,13,0,1
202307130002,202307130002,client_id,9/16/2026,Comprehensive,202-Chain Restaurant with Liquor,10,2,5,4,0,3
201906210001,201906210001,client_id,10/22/2025,Comprehensive,212-Chain Restaurant without Liquor,6,1,2,3,0,1
201611230001,201611230001,client_id,1/8/2026,Comprehensive,202-Chain Restaurant with Liquor,6,1,0,5,0,1
202407290008,202407290008,client_id,8/12/2025,Comprehensive,201-Restaurant with Liquor,9,0,2,7,0,0
202407290008,202407290008,client_id,12/5/2025,Complaint,201-Restaurant with Liquor,4,0,0,4,0,0
201508120003,201508120003,client_id,9/3/2025,Complaint,202-Chain Restaurant with Liquor,2,0,0,2,0,0
201508120003,201508120003,client_id,2/19/2026,Comprehensive,202-Chain Restaurant with Liquor,5,0,0,5,0,0
201508120003,201508120003,client_id,7/14/2026,Complaint,202-Chain Restaurant with Liquor,2,1,1,0,0,1
201508120003,201508120003,client_id,7/16/2026,Reinspection,202-Chain Restaurant with Liquor,2,1,1,0,0,1
201508120003,201508120003,client_id,7/21/2026,Administrative Action,202-Chain Restaurant with Liquor,1,0,0,1,0,0
201508120003,201508120003,client_id,7/27/2026,Reinspection,202-Chain Restaurant with Liquor,0,0,0,0,0,0
201508120003,201508120003,client_id,9/1/2026,Reinspection,202-Chain Restaurant with Liquor,0,0,0,0,0,0
201508120003,201508120003,client_id,7/27/2026,Complaint,202-Chain Restaurant with Liquor,1,0,0,1,0,0
9638,,unlinked,5/15/2026,Comprehensive,201-Restaurant with Liquor,12,3,3,5,1,3
9638,,unlinked,5/22/2026,Reinspection,201-Restaurant with Liquor,2,0,0,2,0,0
201907150004,201907150004,client_id,8/19/2025,Comprehensive,211-Restaurant without Liquor,12,1,3,9,0,1
202408080005,202408080005,client_id,11/7/2025,Comprehensive,211-Restaurant without Liquor,5,1,0,4,0,1
202408080005,202408080005,client_id,8/19/2026,Complaint,211-Restaurant without Liquor,2,1,1,1,0,2
202408080005,202408080005,client_id,9/2/2026,Reinspection,211-Restaurant without Liquor,1,0,0,1,0,0
201711210002,201711210002,client_id,3/2/2026,Renovation,201-Restaurant with Liquor,1,0,0,1,0,0
201711210002,201711210002,client_id,4/27/2026,Comprehensive,201-Restaurant with Liquor,2,0,0,2,0,0
201712150005,201712150005,client_id,6/9/2026,Comprehensive,211-Restaurant without Liquor,5,0,1,4,0,0
FSP-PERM-202604210256,,unlinked,4/21/2026,Change of Ownership,212-Chain Restaurant w/o Liquor,7,0,2,5,0,0
FSP-PERM-202604210256,,unlinked,5/7/2026,Consultation,212-Chain Restaurant w/o Liquor,0,0,0,0,0,0
FSP-PERM-202604210256,,unlinked,7/20/2026,Comprehensive,212-Chain Restaurant w/o Liquor,7,0,0,7,0,0
201901160003,201901160003,client_id,9/16/2025,Comprehensive,211-Restaurant without Liquor,19,4,6,10,3,6
201901160003,201901160003,client_id,9/19/2025,Reinspection,211-Restaurant without Liquor,7,0,1,6,0,0
201901160003,201901160003,client_id,10/28/2025,Reinspection,211-Restaurant without Liquor,8,2,2,4,1,2
201901160003,201901160003,client_id,10/23/2025,Comprehensive,211-Restaurant without Liquor,15,5,3,9,0,7
201901160003,201901160003,client_id,10/31/2025,Reinspection,211-Restaurant without Liquor,4,1,0,3,0,1
201901160003,201901160003,client_id,12/17/2025,Comprehensive,211-Restaurant without Liquor,11,5,1,7,0,7
201901160003,201901160003,client_id,1/22/2026,Reinspection,211-Restaurant without Liquor,4,1,0,5,0,2
FSP-PERM-202602130091,,unlinked,5/6/2026,Complaint,Priority Code:,10,0,0,10,0,0
FSP-PERM-202602130091,,unlinked,5/20/2026,Comprehensive,Priority Code:,12,1,0,12,0,1
FSP-PERM-202602130091,,unlinked,6/29/2026,Complaint,Priority Code:,2,0,1,0,1,0
FSP-PERM-202602130091,,unlinked,7/10/2026,Reinspection,"201-Restaurant w/Liquor,414-Hotel Food Service",0,0,0,0,0,0
FSP-PERM-202602130091,,unlinked,8/10/2026,Reinspection,"201-Restaurant w/Liquor,414-Hotel Food Service",0,0,0,0,0,0
FSP-PERM-202602130091,,unlinked,8/19/2026,Complaint,"201-Restaurant w/Liquor,414-Hotel Food Service",2,0,0,2,0,0
202402150005,202402150005,client_id,3/27/2026,Comprehensive,212-Chain Restaurant without Liquor,2,0,1,1,0,0
202503240002,202503240002,client_id,11/13/2025,Comprehensive,211-Restaurant without Liquor,4,0,1,3,0,0
202405210002,202405210002,client_id,10/23/2025,Comprehensive,212-Chain Restaurant without Liquor,3,0,0,3,0,0
202405210002,202405210002,client_id,2/23/2026,Complaint,212-Chain Restaurant without Liquor,0,0,0,0,0,0
202405210002,202405210002,client_id,3/9/2026,Complaint,212-Chain Restaurant without Liquor,2,0,0,2,0,0
202006100006,202006100006,client_id,2/26/2026,Comprehensive,212-Chain Restaurant without Liquor,8,0,1,7,0,0
202104190004,202104190004,client_id,9/4/2025,Comprehensive,201-Restaurant with Liquor,0,0,0,0,0,0
200612120002,200612120002,client_id,5/12/2026,Comprehensive,Priority Code:,5,2,1,2,0,2
200612120002,200612120002,client_id,5/13/2026,Partial Reinspection,Priority Code:,1,1,0,0,0,1
200612120002,200612120002,client_id,5/14/2026,Partial Reinspection,Priority Code:,1,1,0,0,0,1
200612120002,200612120002,client_id,5/27/2026,Reinspection,Priority Code:,1,0,1,0,0,0
202503040001,202503040001,client_id,2/4/2026,Comprehensive,211-Restaurant without Liquor,0,0,0,0,0,0
6362,,unlinked,3/24/2026,Comprehensive,201-Restaurant with Liquor,5,0,0,5,0,0
FSP-PERM-202606290399,200407150004,same_address_record,6/29/2026,Pre-Operational,201-Restaurant w/Liquor,5,0,1,4,0,0
FSP-PERM-202606290399,200407150004,same_address_record,7/30/2026,Comprehensive,201-Restaurant w/Liquor,8,1,3,6,0,2
200407150004,200407150004,client_id,11/6/2025,Comprehensive,201-Restaurant with Liquor,10,1,1,8,0,1
200407150004,200407150004,client_id,11/24/2025,Reinspection,201-Restaurant with Liquor,6,0,1,5,0,0
200407150004,200407150004,client_id,5/13/2026,Comprehensive,201-Restaurant with Liquor,18,2,5,15,0,4
200407150004,200407150004,client_id,5/15/2026,Reinspection,201-Restaurant with Liquor,7,1,1,6,0,2
202006120014,202006120014,client_id,9/8/2025,Comprehensive,201-Restaurant with Liquor,13,1,5,9,0,1
202006120014,202006120014,client_id,9/14/2026,Comprehensive,201-Restaurant with Liquor,9,2,2,6,0,3
FSP-PERM-202603200190,202210280001,same_address_record,3/20/2026,Comprehensive,211-Restaurant w/o Liquor,5,1,1,3,0,1
FSP-PERM-202603200190,202210280001,same_address_record,7/6/2026,Complaint,211-Restaurant w/o Liquor,3,2,0,1,0,2
202210280001,202210280001,client_id,8/21/2025,Comprehensive,212-Chain Restaurant without Liquor,5,1,1,3,0,1
202210280001,202210280001,client_id,9/5/2025,Reinspection,212-Chain Restaurant without Liquor,2,0,1,1,0,0
202210280001,202210280001,client_id,2/20/2026,Comprehensive,Priority Code:,6,1,2,4,0,1
8857,,unlinked,8/19/2025,Comprehensive,201-Restaurant with Liquor,2,0,1,2,0,0
8026,,unlinked,11/20/2025,Comprehensive,211-Restaurant without Liquor,0,0,0,0,0,0
201703020005,201703020005,client_id,4/17/2025,Comprehensive,211-Restaurant without Liquor,11,0,1,11,0,0
201703020005,201703020005,client_id,2/18/2026,Comprehensive,211-Restaurant without Liquor,13,0,0,13,0,0
202212290001,202212290001,client_id,11/10/2025,Comprehensive,211-Restaurant without Liquor,7,2,0,6,0,2
202407020003,202407020003,client_id,9/18/2025,Complaint,201-Restaurant with Liquor,0,0,0,0,0,0
202407020003,202407020003,client_id,12/1/2025,Comprehensive,201-Restaurant with Liquor,8,1,1,7,0,1
202407020003,202407020003,client_id,6/10/2026,Reinspection,201-Restaurant with Liquor,9,0,1,8,0,0
202407020003,202407020003,client_id,5/28/2026,Comprehensive,201-Restaurant with Liquor,14,1,1,13,0,1
202309260003,202309260003,client_id,9/2/2025,Comprehensive,212-Chain Restaurant without Liquor,10,0,0,10,0,0
202003050004,202003050004,client_id,1/8/2026,Comprehensive,212-Chain Restaurant without Liquor,7,0,2,5,0,0
201702170002,201702170002,client_id,1/29/2026,Comprehensive,212-Chain Restaurant without Liquor,4,0,0,4,0,0
202311210004,202311210004,client_id,11/6/2025,Comprehensive,211-Restaurant without Liquor,1,0,0,1,0,0
FSP-PERM-202607240444,,unlinked,7/24/2026,Comprehensive,211-Restaurant w/o Liquor,9,1,1,7,0,1
201309090008,201309090008,client_id,1/6/2026,Comprehensive,211-Restaurant without Liquor,4,0,0,4,0,0
202504020010,202504020010,client_id,7/24/2026,Comprehensive,211-Restaurant without Liquor,13,4,4,7,0,5
202504020010,202504020010,client_id,8/10/2026,Reinspection,211-Restaurant without Liquor,5,0,4,1,0,0
200612060007,200612060007,client_id,1/22/2026,Comprehensive,201-Restaurant with Liquor,0,0,0,0,0,0
FSP-PERM-202603170182,,unlinked,3/24/2026,Pre-Operational,201-Restaurant w/Liquor,6,0,1,6,0,0
FSP-PERM-202603170182,,unlinked,6/4/2026,Comprehensive,201-Restaurant w/Liquor,9,0,3,6,0,0
201910010003,201910010003,client_id,10/20/2025,Comprehensive,201-Restaurant with Liquor,18,2,8,12,0,4
201910010003,201910010003,client_id,11/5/2025,Reinspection,201-Restaurant with Liquor,11,1,2,9,0,1
201910010003,201910010003,client_id,4/1/2026,Comprehensive,201-Restaurant with Liquor,13,4,4,7,0,5
201910010003,201910010003,client_id,4/14/2026,Reinspection,201-Restaurant with Liquor,3,0,1,3,0,0
201905300005,201905300005,client_id,10/27/2025,Comprehensive,212-Chain Restaurant without Liquor,11,0,1,10,0,0
201709110015,201709110015,client_id,11/20/2025,Comprehensive,201-Restaurant with Liquor,3,0,0,3,0,0
9289,,unlinked,8/20/2025,Comprehensive,201-Restaurant with Liquor,16,1,3,13,0,1
9289,,unlinked,6/24/2026,Comprehensive,201-Restaurant with Liquor,13,1,3,9,0,2
201510050001,201510050001,client_id,1/6/2026,Comprehensive,202-Chain Restaurant with Liquor,0,0,0,0,0,0
200108130018,200108130018,client_id,1/9/2026,Comprehensive,201-Restaurant with Liquor,2,0,0,2,0,0
201510050006,201510050006,client_id,1/7/2026,Comprehensive,202-Chain Restaurant with Liquor,2,1,0,1,0,1
200108150001,200108150001,client_id,1/5/2026,Comprehensive,201-Restaurant with Liquor,3,1,0,3,0,2
200109120001,200109120001,client_id,1/6/2026,Comprehensive,201-Restaurant with Liquor,3,0,1,2,0,0
202003180001,202003180001,client_id,9/9/2025,Consultation,211-Restaurant without Liquor,0,0,0,0,0,0
202003180001,202003180001,client_id,9/24/2025,Comprehensive,211-Restaurant without Liquor,10,0,1,9,0,0
8732,,unlinked,5/28/2026,Comprehensive,211-Restaurant without Liquor,11,2,1,9,0,3
8732,,unlinked,6/1/2026,Partial Reinspection,211-Restaurant without Liquor,1,0,0,1,0,0
8732,,unlinked,7/15/2026,Reinspection,211-Restaurant without Liquor,0,0,0,0,0,0
11724,11724,client_id,2/18/2026,Comprehensive,201-Restaurant with Liquor,6,1,3,3,0,2
7260,,unlinked,9/3/2025,Comprehensive,201-Restaurant with Liquor,8,0,5,4,0,0
7260,,unlinked,10/29/2025,Complaint,201-Restaurant with Liquor,1,0,0,1,0,0
202305150007,202305150007,client_id,1/8/2026,Comprehensive,211-Restaurant without Liquor,19,3,3,13,0,3
202305150007,202305150007,client_id,5/28/2026,Complaint,211-Restaurant without Liquor,8,1,3,6,0,2
202404220012,202404220012,client_id,2/27/2026,Comprehensive,201-Restaurant with Liquor,5,0,1,4,0,0
202112170001,202112170001,client_id,2/2/2026,Comprehensive,201-Restaurant with Liquor,6,3,1,3,0,3
8716,,unlinked,5/21/2026,Comprehensive,201-Restaurant with Liquor,10,0,2,8,0,0
7839,,unlinked,6/22/2026,Comprehensive,201-Restaurant with Liquor,5,1,3,1,0,1
199903020002,199903020002,client_id,8/12/2025,Comprehensive,211-Restaurant without Liquor,12,1,3,8,0,1
199903020002,199903020002,client_id,8/27/2025,Reinspection,211-Restaurant without Liquor,0,0,0,0,0,0
199903020002,199903020002,client_id,1/15/2026,Comprehensive,211-Restaurant without Liquor,11,3,3,7,0,5
199903020002,199903020002,client_id,2/3/2026,Reinspection,211-Restaurant without Liquor,7,0,1,6,0,0
199903020002,199903020002,client_id,8/17/2026,Comprehensive,211-Restaurant without Liquor,14,1,3,10,0,1
202206160001,202206160001,client_id,6/18/2026,Comprehensive,212-Chain Restaurant without Liquor,11,2,3,7,0,3
202312210008,202312210008,client_id,6/30/2026,Comprehensive,212-Chain Restaurant without Liquor,12,0,0,10,0,0
202208010002,202208010002,client_id,8/28/2026,Comprehensive,211-Restaurant without Liquor,10,5,3,2,0,5
200208010001,200208010001,client_id,6/9/2026,Reinspection,211-Restaurant without Liquor,10,0,4,6,0,0
201907250001,201907250001,client_id,12/11/2025,Comprehensive,211-Restaurant without Liquor,10,2,1,8,0,2
37980,37980,client_id,11/20/2025,Comprehensive,201-Restaurant with Liquor,8,1,3,5,0,2
45887,45887,client_id,10/16/2025,Comprehensive,202-Chain Restaurant with Liquor,6,0,0,6,0,0
50315,50315,client_id,5/7/2026,Comprehensive,202-Chain Restaurant with Liquor,6,2,2,2,0,2
56610,56610,client_id,1/21/2026,Comprehensive,212-Chain Restaurant without Liquor,4,0,0,4,0,0
8368,,unlinked,9/16/2025,Reinspection,212-Chain Restaurant without Liquor,7,0,1,6,0,0
200406020005,200406020005,client_id,10/20/2025,Comprehensive,212-Chain Restaurant without Liquor,3,1,0,2,0,1
200406020005,200406020005,client_id,9/9/2026,Comprehensive,212-Chain Restaurant without Liquor,6,0,0,6,0,0
202307060004,202307060004,client_id,5/22/2026,Comprehensive,211-Restaurant without Liquor,11,0,3,8,0,0
202012090001,202012090001,client_id,10/28/2025,Comprehensive,211-Restaurant without Liquor,2,0,1,1,0,0
57181,57181,client_id,8/22/2025,Comprehensive,201-Restaurant with Liquor,11,1,1,9,0,1
57181,57181,client_id,9/3/2025,Partial Reinspection,201-Restaurant with Liquor,1,0,0,1,0,0
57181,57181,client_id,8/14/2026,Comprehensive,201-Restaurant with Liquor,8,1,1,7,0,1
201703230003,201703230003,client_id,12/4/2025,Comprehensive,212-Chain Restaurant without Liquor,2,0,1,1,0,0
201205310002,201205310002,client_id,3/13/2026,Comprehensive,211-Restaurant without Liquor,10,1,3,7,0,2
200301020001,200301020001,client_id,4/1/2026,Comprehensive,211-Restaurant without Liquor,14,0,4,10,0,0
200703290004,200703290004,client_id,1/14/2026,Comprehensive,211-Restaurant without Liquor,9,0,1,8,0,0
201804240003,201804240003,client_id,8/20/2025,Comprehensive,212-Chain Restaurant without Liquor,8,0,4,4,0,1
201804240003,201804240003,client_id,10/7/2025,Reinspection,212-Chain Restaurant without Liquor,2,0,2,0,0,0
201804240003,201804240003,client_id,3/16/2026,Comprehensive,212-Chain Restaurant without Liquor,9,5,2,4,0,6
201804240003,201804240003,client_id,4/30/2026,Reinspection,212-Chain Restaurant without Liquor,0,0,0,0,0,0
FSP-PERM-202604060227,,unlinked,4/7/2026,Change of Ownership,212-Chain Restaurant w/o Liquor,1,0,0,1,0,0
FSP-PERM-202604060227,,unlinked,6/9/2026,Comprehensive,212-Chain Restaurant w/o Liquor,3,0,0,3,0,0
201711030009,201711030009,client_id,10/27/2025,Comprehensive,212-Chain Restaurant without Liquor,7,0,2,5,0,0
201711030003,201711030003,client_id,2/24/2025,Reinspection,212-Chain Restaurant without Liquor,0,0,0,0,0,0
201711030003,201711030003,client_id,1/21/2025,Consultation,212-Chain Restaurant without Liquor,0,0,0,0,0,0
201711030003,201711030003,client_id,1/7/2025,Comprehensive,212-Chain Restaurant without Liquor,6,0,2,4,0,0
201711030003,201711030003,client_id,12/10/2025,Comprehensive,212-Chain Restaurant without Liquor,8,2,2,4,1,3
201711030003,201711030003,client_id,12/12/2025,Reinspection,212-Chain Restaurant without Liquor,5,2,0,3,0,2
201711030003,201711030003,client_id,12/16/2025,Reinspection,212-Chain Restaurant without Liquor,3,1,0,2,0,1
201711030003,201711030003,client_id,1/15/2026,Comprehensive,212-Chain Restaurant without Liquor,2,0,1,1,0,0
201109270003,201109270003,client_id,12/17/2025,Comprehensive,202-Chain Restaurant with Liquor,8,1,0,8,0,2
201505140005,201505140005,client_id,8/22/2025,Complaint,202-Chain Restaurant with Liquor,0,0,0,0,0,0
201505140005,201505140005,client_id,1/28/2026,Comprehensive,202-Chain Restaurant with Liquor,7,0,0,7,0,0
202505150004,202505150004,client_id,3/23/2026,Comprehensive,212-Chain Restaurant without Liquor,3,1,1,1,0,1
201910280001,201910280001,client_id,1/7/2026,Comprehensive,201-Restaurant with Liquor,15,2,2,11,0,2
201910280001,201910280001,client_id,2/10/2026,Reinspection,201-Restaurant with Liquor,6,0,0,6,0,0
201910280001,201910280001,client_id,8/25/2026,Comprehensive,201-Restaurant with Liquor,13,2,7,5,0,3
201801030012,201801030012,client_id,7/9/2026,Comprehensive,212-Chain Restaurant without Liquor,7,2,1,4,0,2
201801030012,201801030012,client_id,8/14/2026,Reinspection,212-Chain Restaurant without Liquor,0,0,0,0,0,0
202411050005,202411050005,client_id,1/16/2026,Comprehensive,211-Restaurant without Liquor,7,0,1,7,0,0
201203200001,201203200001,client_id,2/5/2026,Comprehensive,201-Restaurant with Liquor,5,0,1,4,0,0
48632,48632,client_id,5/5/2026,Comprehensive,211-Restaurant without Liquor,16,3,5,11,0,6
48632,48632,client_id,5/18/2026,Partial Reinspection,211-Restaurant without Liquor,1,1,0,0,0,1
200109260003,200109260003,client_id,4/6/2026,Comprehensive,212-Chain Restaurant without Liquor,0,0,0,0,0,0
201610190001,201610190001,client_id,8/22/2025,Comprehensive,202-Chain Restaurant with Liquor,4,0,1,3,0,0
201110130005,201110130005,client_id,8/26/2025,Comprehensive,212-Chain Restaurant without Liquor,9,1,2,7,0,2
201110130005,201110130005,client_id,9/5/2025,Partial Reinspection,212-Chain Restaurant without Liquor,1,0,0,1,0,0
201110130005,201110130005,client_id,2/2/2026,Comprehensive,212-Chain Restaurant without Liquor,9,1,1,7,0,1
201110130005,201110130005,client_id,7/15/2026,Comprehensive,212-Chain Restaurant without Liquor,8,2,2,4,0,2
201110130005,201110130005,client_id,7/16/2026,Reinspection,212-Chain Restaurant without Liquor,0,0,0,0,0,0
6496,,unlinked,6/3/2026,Comprehensive,212-Chain Restaurant without Liquor,6,1,1,5,0,1
202111050001,202111050001,client_id,5/14/2026,Comprehensive,212-Chain Restaurant without Liquor,5,0,2,3,0,0
202504150003,202504150003,client_id,7/27/2026,Comprehensive,211-Restaurant without Liquor,0,0,0,0,0,0
FSP-PERM-202605070297,,unlinked,6/18/2026,Comprehensive,211-Restaurant w/o Liquor,1,0,0,1,0,0
201606290004,201606290004,client_id,2/10/2025,Comprehensive,201-Restaurant with Liquor,4,0,0,4,0,0
201606290004,201606290004,client_id,4/2/2026,Comprehensive,201-Restaurant with Liquor,2,0,1,1,0,0
202409130003,202409130003,client_id,10/14/2025,Comprehensive,211-Restaurant without Liquor,16,1,2,13,0,1
202409130003,202409130003,client_id,7/13/2026,Comprehensive,211-Restaurant without Liquor,11,2,4,7,0,3
202409130003,202409130003,client_id,8/13/2026,Reinspection,211-Restaurant without Liquor,7,0,1,6,0,0
202102260004,202102260004,client_id,10/29/2025,Comprehensive,211-Restaurant without Liquor,12,1,1,10,0,1
FSP-PERM-202601160038,,unlinked,1/16/2026,Pre-Operational,211-Restaurant w/o Liquor,5,0,1,4,0,0
FSP-PERM-202601160038,,unlinked,4/14/2026,Comprehensive,211-Restaurant w/o Liquor,6,1,2,3,0,1
FSP-PERM-202601160038,,unlinked,5/11/2026,Reinspection,211-Restaurant w/o Liquor,0,0,0,0,0,0
200810220003,200810220003,client_id,1/9/2026,Comprehensive,211-Restaurant without Liquor,1,0,0,1,0,0
49207,49207,client_id,8/11/2025,Comprehensive,201-Restaurant with Liquor,7,2,0,5,0,2
49207,49207,client_id,9/2/2025,Complaint,201-Restaurant with Liquor,2,1,0,1,0,1
49207,49207,client_id,9/16/2025,Partial Reinspection,201-Restaurant with Liquor,1,1,0,0,0,1
49207,49207,client_id,8/18/2026,Comprehensive,201-Restaurant with Liquor,14,2,0,12,0,2
201903150004,201903150004,client_id,1/7/2026,Comprehensive,212-Chain Restaurant without Liquor,15,2,2,11,0,3
201903150004,201903150004,client_id,3/17/2026,Reinspection,212-Chain Restaurant without Liquor,6,0,1,5,0,0
FSP-PERM-202604220260,,unlinked,4/27/2026,Change of Ownership,212-Chain Restaurant w/o Liquor,8,0,1,8,0,0
FSP-PERM-202604220260,,unlinked,6/2/2026,Comprehensive,212-Chain Restaurant w/o Liquor,11,2,1,8,0,2
FSP-PERM-202604220260,,unlinked,7/20/2026,Reinspection,212-Chain Restaurant w/o Liquor,6,1,1,5,0,1
201104080001,201104080001,client_id,1/6/2026,Comprehensive,201-Restaurant with Liquor,13,1,3,10,0,1
201104080001,201104080001,client_id,1/21/2026,Reinspection,201-Restaurant with Liquor,4,0,1,3,0,0
201104080001,201104080001,client_id,8/31/2026,Comprehensive,Priority Code:,14,3,6,7,0,4
202108170002,202108170002,client_id,9/24/2025,Comprehensive,212-Chain Restaurant without Liquor,11,1,2,9,0,2
200109280006,200109280006,client_id,9/16/2025,Comprehensive,212-Chain Restaurant without Liquor,11,2,2,7,0,2
200109280006,200109280006,client_id,9/17/2025,Partial Reinspection,212-Chain Restaurant without Liquor,0,0,0,0,0,0
200109280006,200109280006,client_id,4/7/2026,Complaint,212-Chain Restaurant without Liquor,8,0,1,7,0,0
201610140009,201610140009,client_id,12/17/2025,Comprehensive,212-Chain Restaurant without Liquor,6,0,3,3,0,0
201703060006,201703060006,client_id,2/27/2026,Comprehensive,211-Restaurant without Liquor,6,1,0,5,0,1
38115,38115,client_id,7/14/2026,Comprehensive,212-Chain Restaurant without Liquor,3,0,0,3,0,0
200503030006,200503030006,client_id,10/24/2025,Reinspection,212-Chain Restaurant without Liquor,0,0,0,0,0,0
200503030006,200503030006,client_id,8/4/2026,Complaint,212-Chain Restaurant without Liquor,0,0,0,0,0,0
202301040008,202301040008,client_id,3/26/2026,Comprehensive,Priority Code:,4,0,1,3,0,0
31969,31969,client_id,4/15/2026,Comprehensive,201-Restaurant with Liquor,8,1,0,7,0,1
202010060001,202010060001,client_id,9/24/2025,Comprehensive,201-Restaurant with Liquor,3,0,0,3,0,0
201509180006,201509180006,client_id,12/29/2025,Comprehensive,202-Chain Restaurant with Liquor,5,1,1,3,0,1
201509180006,201509180006,client_id,1/2/2026,Reinspection,202-Chain Restaurant with Liquor,0,0,0,0,0,0
202002270001,202002270001,client_id,4/16/2026,Comprehensive,211-Restaurant without Liquor,15,2,2,12,0,3
202405310003,202405310003,client_id,9/18/2025,Comprehensive,201-Restaurant with Liquor,12,2,3,7,0,2
202405310003,202405310003,client_id,10/14/2025,Service Request,201-Restaurant with Liquor,3,0,0,3,0,0
202405310003,202405310003,client_id,9/17/2026,Comprehensive,201-Restaurant with Liquor,13,2,4,10,0,4
202303100004,202303100004,client_id,10/22/2025,Comprehensive,212-Chain Restaurant without Liquor,2,0,0,2,0,0
202303100004,202303100004,client_id,7/10/2026,Comprehensive,212-Chain Restaurant without Liquor,5,0,1,4,0,0
42050,42050,client_id,2/12/2026,Comprehensive,201-Restaurant with Liquor,6,0,1,5,0,0
201905150005,201905150005,client_id,3/31/2026,Comprehensive,201-Restaurant with Liquor,10,1,3,7,0,1
200709240002,200709240002,client_id,10/21/2025,Reinspection,212-Chain Restaurant without Liquor,10,0,0,10,0,0
200709240002,200709240002,client_id,10/2/2025,Comprehensive,212-Chain Restaurant without Liquor,15,3,3,11,0,5
200709240002,200709240002,client_id,3/30/2026,Comprehensive,212-Chain Restaurant without Liquor,8,2,0,7,0,3
200709240002,200709240002,client_id,9/2/2026,Comprehensive,212-Chain Restaurant without Liquor,9,1,0,8,0,1
202305110001,202305110001,client_id,12/10/2025,Comprehensive,211-Restaurant without Liquor,9,2,1,7,0,3
201105190001,201105190001,client_id,4/1/2026,Comprehensive,211-Restaurant without Liquor,7,0,0,8,0,0
57184,57184,client_id,1/16/2026,Comprehensive,212-Chain Restaurant without Liquor,5,0,0,5,0,0
56163,56163,client_id,6/24/2026,Comprehensive,212-Chain Restaurant without Liquor,1,0,0,1,0,0
201709060011,201709060011,client_id,7/21/2026,Comprehensive,212-Chain Restaurant without Liquor,6,0,2,4,0,0
202209200001,202209200001,client_id,10/8/2025,Comprehensive,212-Chain Restaurant without Liquor,8,0,2,6,0,0
200803060002,200803060002,client_id,2/3/2026,Comprehensive,202-Chain Restaurant with Liquor,1,0,0,1,0,0
202404250002,202404250002,client_id,2/25/2026,Consultation,212-Chain Restaurant without Liquor,0,0,0,0,0,0
202404250002,202404250002,client_id,4/1/2026,Comprehensive,212-Chain Restaurant without Liquor,6,0,3,3,0,0
56775,56775,client_id,4/2/2026,Comprehensive,212-Chain Restaurant without Liquor,5,1,1,3,0,1
202405090002,202405090002,client_id,5/5/2026,Comprehensive,212-Chain Restaurant without Liquor,1,0,0,1,0,0
202306280004,202306280004,client_id,9/22/2025,Comprehensive,212-Chain Restaurant without Liquor,5,0,0,5,0,0
202306280004,202306280004,client_id,8/14/2026,Consultation,212-Chain Restaurant without Liquor,1,0,0,1,0,0
200910140001,200910140001,client_id,11/13/2025,Comprehensive,212-Chain Restaurant without Liquor,6,1,1,4,0,1
200910140001,200910140001,client_id,1/28/2026,Complaint,212-Chain Restaurant without Liquor,1,0,0,1,0,0
201402240006,201402240006,client_id,7/15/2026,Comprehensive,212-Chain Restaurant without Liquor,6,0,0,6,0,0
55490,55490,client_id,8/26/2025,Comprehensive,201-Restaurant with Liquor,13,1,2,11,0,1
55490,55490,client_id,11/20/2025,Complaint,201-Restaurant with Liquor,0,0,0,0,0,0
FSP-PERM-202511070283,,unlinked,11/7/2025,Pre-Operational,212-Chain Restaurant w/o Liquor,0,0,0,0,0,0
FSP-PERM-202511070283,,unlinked,2/4/2026,Comprehensive,212-Chain Restaurant w/o Liquor,1,0,0,1,0,0
202404190008,202404190008,client_id,11/17/2025,Comprehensive,201-Restaurant with Liquor,4,0,0,4,0,0
FSP-PERM-202508190041,,unlinked,8/19/2025,Pre-Operational,212-Chain Restaurant w/o Liquor,4,0,0,4,0,0
FSP-PERM-202508190041,,unlinked,12/4/2025,Comprehensive,"211-Restaurant w/o Liquor,405-University Food Service",4,0,0,4,0,0
202110280007,202110280007,client_id,12/4/2025,Comprehensive,211-Restaurant without Liquor,6,1,0,5,0,1
202110280007,202110280007,client_id,3/31/2026,Suspected Illness,"211-Restaurant without Liquor,405-University Food Service,407-",4,1,1,2,0,1
201609120006,201609120006,client_id,3/23/2026,Comprehensive,211-Restaurant without Liquor,13,2,4,10,0,3
201609120006,201609120006,client_id,4/14/2026,Reinspection,211-Restaurant without Liquor,12,4,1,8,0,5
202207070003,202207070003,client_id,12/22/2025,Comprehensive,211-Restaurant without Liquor,1,0,0,1,0,0
FSP-PERM-202510170209,,unlinked,10/17/2025,Pre-Operational,212-Chain Restaurant w/o Liquor,4,0,0,4,0,0
FSP-PERM-202510170209,,unlinked,11/10/2025,Pre-Operational,212-Chain Restaurant w/o Liquor,0,0,0,0,0,0
FSP-PERM-202510170209,,unlinked,3/19/2026,Comprehensive,212-Chain Restaurant w/o Liquor,4,0,1,3,0,0
FSP-PERM-202510170209,,unlinked,4/2/2026,Reinspection,212-Chain Restaurant w/o Liquor,0,0,0,0,0,0
FSP-PERM-202509030086,,unlinked,9/3/2025,Pre-Operational,211-Restaurant w/o Liquor,2,0,0,2,0,0
FSP-PERM-202509030086,,unlinked,12/17/2025,Comprehensive,211-Restaurant w/o Liquor,2,0,0,2,0,0
FSP-PERM-202509040090,,unlinked,7/28/2026,Comprehensive,211-Restaurant without Liquor,7,1,3,3,0,2
200110300008,200110300008,client_id,7/14/2026,Comprehensive,201-Restaurant with Liquor,11,2,1,9,0,3
200110300008,200110300008,client_id,8/17/2026,Reinspection,201-Restaurant with Liquor,1,0,0,1,0,0
201902150007,201902150007,client_id,3/26/2026,Comprehensive,202-Chain Restaurant with Liquor,7,1,2,4,0,1
201604290004,201604290004,client_id,4/16/2026,Comprehensive,202-Chain Restaurant with Liquor,4,0,0,4,0,0
202409250001,202409250001,client_id,7/23/2026,Comprehensive,202-Chain Restaurant with Liquor,8,0,1,6,0,0
202504010002,202504010002,client_id,10/22/2025,Comprehensive,202-Chain Restaurant with Liquor,4,1,1,2,0,1
202504010002,202504010002,client_id,9/22/2026,Comprehensive,202-Chain Restaurant with Liquor,4,0,0,4,0,0
FSP-PERM-202509240139,,unlinked,9/26/2025,Pre-Operational,212-Chain Restaurant w/o Liquor,5,0,0,6,0,0
FSP-PERM-202509240139,,unlinked,11/25/2025,Comprehensive,212-Chain Restaurant w/o Liquor,0,0,0,0,0,0
57838,57838,client_id,10/28/2025,Comprehensive,211-Restaurant without Liquor,14,2,3,12,0,3
57838,57838,client_id,11/14/2025,Reinspection,211-Restaurant without Liquor,4,0,0,4,0,0
57838,57838,client_id,6/16/2026,Comprehensive,211-Restaurant without Liquor,8,1,2,7,0,2
202410010001,202410010001,client_id,8/22/2025,Complaint,211-Restaurant without Liquor,0,0,0,0,0,0
202410010001,202410010001,client_id,9/25/2025,Complaint,211-Restaurant without Liquor,1,0,0,1,0,0
202410010001,202410010001,client_id,2/19/2026,Consultation,211-Restaurant without Liquor,1,0,0,0,1,0
202410010001,202410010001,client_id,2/20/2026,Service Request,211-Restaurant without Liquor,0,0,0,0,0,0
202410010001,202410010001,client_id,4/2/2026,Comprehensive,211-Restaurant without Liquor,6,2,1,4,0,2
202410010001,202410010001,client_id,5/4/2026,Reinspection,211-Restaurant without Liquor,0,0,0,0,0,0
202410010001,202410010001,client_id,7/21/2026,Complaint,211-Restaurant without Liquor,8,1,5,3,0,1
202410010001,202410010001,client_id,9/1/2026,Complaint,211-Restaurant without Liquor,0,0,0,0,0,0
201306190006,201306190006,client_id,10/24/2025,Comprehensive,211-Restaurant without Liquor,8,0,3,5,0,0
201011040003,201011040003,client_id,7/28/2026,Comprehensive,211-Restaurant without Liquor,10,1,1,9,0,2
200308200001,200308200001,client_id,7/20/2026,Comprehensive,211-Restaurant without Liquor,8,0,0,8,0,0
200202270002,200202270002,client_id,10/21/2025,Comprehensive,201-Restaurant with Liquor,7,0,0,7,0,0
201002250001,201002250001,client_id,8/13/2025,Complaint,201-Restaurant with Liquor,15,1,3,11,0,1
201002250001,201002250001,client_id,9/2/2025,Reinspection,201-Restaurant with Liquor,8,0,1,7,0,0
201002250001,201002250001,client_id,12/22/2025,Comprehensive,201-Restaurant with Liquor,12,2,3,8,0,3
201002250001,201002250001,client_id,1/8/2026,Reinspection,201-Restaurant with Liquor,5,0,2,3,0,0
201002250001,201002250001,client_id,9/22/2026,Comprehensive,201-Restaurant with Liquor,16,3,4,11,0,4
54824,54824,client_id,6/4/2026,Comprehensive,201-Restaurant with Liquor,11,2,2,7,0,2
201311140003,201311140003,client_id,3/24/2026,Comprehensive,211-Restaurant without Liquor,6,0,2,4,0,0
202205120004,202205120004,client_id,5/14/2026,Comprehensive,212-Chain Restaurant without Liquor,6,0,1,5,0,0
200406230004,200406230004,client_id,4/20/2026,Comprehensive,211-Restaurant without Liquor,0,0,0,0,0,0
201909040004,201909040004,client_id,5/21/2026,Comprehensive,212-Chain Restaurant without Liquor,4,0,0,4,0,0
200907270006,200907270006,client_id,9/10/2025,Comprehensive,211-Restaurant without Liquor,0,0,0,0,0,0
201711280003,201711280003,client_id,4/2/2026,Comprehensive,211-Restaurant without Liquor,5,0,1,4,0,0
200703190004,200703190004,client_id,11/21/2025,Comprehensive,212-Chain Restaurant without Liquor,1,0,0,1,0,0
201807030003,201807030003,client_id,3/5/2026,Comprehensive,212-Chain Restaurant without Liquor,5,1,0,4,0,1
200903170001,200903170001,client_id,4/8/2026,Comprehensive,212-Chain Restaurant without Liquor,5,0,2,4,0,0
FSP-PERM-202508190042,,unlinked,8/19/2025,Change of Ownership,211-Restaurant w/o Liquor,11,1,1,9,0,1
FSP-PERM-202508190042,,unlinked,8/27/2025,Change of Ownership,211-Restaurant w/o Liquor,9,0,1,8,0,0
FSP-PERM-202508190042,,unlinked,11/24/2025,Comprehensive,211-Restaurant w/o Liquor,13,2,5,6,0,2
200510260004,200510260004,client_id,1/22/2026,Comprehensive,202-Chain Restaurant with Liquor,9,1,0,8,0,1
202405220007,202405220007,client_id,12/4/2025,Comprehensive,201-Restaurant with Liquor,3,0,0,3,0,0
200710040002,200710040002,client_id,9/16/2025,Comprehensive,211-Restaurant without Liquor,12,2,2,9,0,3
200710040002,200710040002,client_id,10/8/2025,Reinspection,211-Restaurant without Liquor,6,0,1,5,0,0
200208280003,200208280003,client_id,9/11/2025,Comprehensive,212-Chain Restaurant without Liquor,15,4,4,10,0,6
200208280003,200208280003,client_id,10/1/2025,Reinspection,212-Chain Restaurant without Liquor,8,1,1,6,0,1
200208280003,200208280003,client_id,10/21/2025,Suspected Illness,212-Chain Restaurant without Liquor,3,1,1,1,0,2
200208280003,200208280003,client_id,7/27/2026,Comprehensive,212-Chain Restaurant without Liquor,12,3,2,9,0,4
200208280003,200208280003,client_id,8/12/2026,Reinspection,212-Chain Restaurant without Liquor,6,1,2,3,0,1
201310170003,201310170003,client_id,10/27/2025,Comprehensive,212-Chain Restaurant without Liquor,7,0,2,5,0,0
201310170003,201310170003,client_id,6/11/2026,Comprehensive,212-Chain Restaurant without Liquor,2,1,2,1,0,2
202406070002,202406070002,client_id,2/11/2026,Comprehensive,211-Restaurant without Liquor,10,0,0,10,0,0
200812230008,200812230008,client_id,4/21/2026,Comprehensive,212-Chain Restaurant w/o Liquor,4,0,0,4,0,0
201205180002,201205180002,client_id,8/18/2025,Comprehensive,212-Chain Restaurant without Liquor,6,1,2,4,0,1
201205180002,201205180002,client_id,7/31/2026,Comprehensive,212-Chain Restaurant without Liquor,8,2,0,6,0,2
201605100004,201605100004,client_id,11/3/2025,Complaint,212-Chain Restaurant without Liquor,0,0,0,0,0,0
201605100004,201605100004,client_id,12/2/2025,Comprehensive,212-Chain Restaurant without Liquor,3,1,0,3,0,2
201605100004,201605100004,client_id,1/15/2026,Complaint,212-Chain Restaurant without Liquor,2,0,1,1,0,0
201605100004,201605100004,client_id,4/10/2026,Service Request,212-Chain Restaurant without Liquor,0,0,0,0,0,0
201605100004,201605100004,client_id,5/11/2026,Complaint,212-Chain Restaurant without Liquor,0,0,0,0,0,0
201605100004,201605100004,client_id,6/30/2026,Consultation,212-Chain Restaurant without Liquor,0,0,0,0,0,0
202309190001,202309190001,client_id,8/29/2025,Comprehensive,212-Chain Restaurant without Liquor,6,2,0,5,0,3
202309190001,202309190001,client_id,5/4/2026,Complaint,212-Chain Restaurant without Liquor,0,0,0,0,0,0
202309190001,202309190001,client_id,7/23/2026,Comprehensive,212-Chain Restaurant without Liquor,5,1,0,4,0,1
202412110002,202412110002,client_id,1/22/2026,Complaint,201-Restaurant with Liquor,0,0,0,0,0,0
202412110002,202412110002,client_id,7/24/2026,Comprehensive,201-Restaurant with Liquor,3,1,0,3,0,2
9690,,unlinked,12/11/2025,Comprehensive,201-Restaurant with Liquor,8,1,1,6,0,1
9690,,unlinked,1/14/2026,Reinspection,201-Restaurant with Liquor,3,0,0,3,0,0
9690,,unlinked,7/30/2026,Comprehensive,201-Restaurant with Liquor,14,2,3,9,0,2
201904100006,201904100006,client_id,4/30/2026,Complaint,202-Chain Restaurant with Liquor,1,0,0,1,0,0
200708220004,200708220004,client_id,11/3/2025,Comprehensive,201-Restaurant with Liquor,14,1,4,11,0,2
200708220004,200708220004,client_id,12/8/2025,Reinspection,201-Restaurant with Liquor,9,1,2,6,0,1
9692,,unlinked,3/28/2025,Comprehensive,201-Restaurant with Liquor,1,0,0,1,0,0
9692,,unlinked,4/12/2019,Comprehensive,201-Restaurant with Liquor,2,0,0,2,0,0
9692,,unlinked,4/19/2018,Comprehensive,201-Restaurant with Liquor,2,0,0,2,0,0
9692,,unlinked,3/6/2026,Comprehensive,201-Restaurant with Liquor,9,0,5,4,0,0
202206210001,202206210001,client_id,6/23/2026,Reinspection,201-Restaurant with Liquor,0,0,0,0,0,0
FSP-PERM-202508280075,,unlinked,8/28/2025,Change of Ownership,Priority Code:,14,0,1,13,0,0
FSP-PERM-202508280075,,unlinked,7/7/2026,Comprehensive,201-Restaurant w/Liquor,2,0,0,1,0,0
201808130007,201808130007,client_id,9/11/2025,Comprehensive,201-Restaurant with Liquor,8,1,0,7,0,1
201909270002,201909270002,client_id,10/15/2025,Comprehensive,211-Restaurant without Liquor,9,1,0,8,0,1
201909270002,201909270002,client_id,9/23/2026,Comprehensive,211-Restaurant without Liquor,8,1,1,6,0,1
202311090006,202311090006,client_id,6/9/2026,Comprehensive,123-Mobile (Tier 2,4,1,1,2,0,1
202304050001,202304050001,client_id,1/4/2024,Comprehensive,212-Chain Restaurant without Liquor,4,0,1,2,0,0
202304050001,202304050001,client_id,11/4/2025,Comprehensive,212-Chain Restaurant without Liquor,9,1,0,7,0,1
200501040004,200501040004,client_id,8/15/2025,Comprehensive,202-Chain Restaurant with Liquor,10,1,1,8,0,2
202106170012,202106170012,client_id,9/30/2025,Service Request,201-Restaurant with Liquor,1,0,0,1,0,0
202106170012,202106170012,client_id,10/22/2025,Service Request,201-Restaurant with Liquor,1,0,0,1,0,0
202106170012,202106170012,client_id,1/8/2026,Comprehensive,201-Restaurant with Liquor,6,0,1,5,0,0
202106170012,202106170012,client_id,2/5/2026,Complaint,201-Restaurant with Liquor,1,1,0,0,0,2
201810110002,201810110002,client_id,1/12/2026,Comprehensive,202-Chain Restaurant with Liquor,5,2,1,3,0,3
202305010008,202305010008,client_id,8/18/2025,Comprehensive,211-Restaurant without Liquor,2,1,0,1,0,1
202305010008,202305010008,client_id,8/28/2026,Comprehensive,211-Restaurant without Liquor,5,2,0,3,0,2
FSP-PERM-202509300162,,unlinked,10/1/2025,Pre-Operational,212-Chain Restaurant w/o Liquor,2,0,0,2,0,0
FSP-PERM-202509300162,,unlinked,11/19/2025,Comprehensive,212-Chain Restaurant w/o Liquor,5,0,1,4,0,0
201912230003,201912230003,client_id,2/10/2026,Comprehensive,212-Chain Restaurant without Liquor,9,0,1,8,0,0
FSP-PERM-202607210433,,unlinked,7/24/2026,Comprehensive,211-Restaurant w/o Liquor,7,0,2,6,0,0
201009210001,201009210001,client_id,10/8/2025,Comprehensive,201-Restaurant with Liquor,12,1,4,7,0,1
FSP-PERM-202601220052,,unlinked,4/2/2026,Comprehensive,201-Restaurant w/Liquor,8,2,1,5,0,2
201804040001,201804040001,client_id,8/25/2025,Comprehensive,202-Chain Restaurant with Liquor,11,3,1,7,0,3
201804040001,201804040001,client_id,8/5/2026,Comprehensive,202-Chain Restaurant with Liquor,13,3,3,10,0,4
201804040001,201804040001,client_id,8/24/2026,Reinspection,202-Chain Restaurant with Liquor,1,0,1,0,0,0
201707210014,201707210014,client_id,3/10/2026,Comprehensive,202-Chain Restaurant with Liquor,5,0,1,4,0,0
202303220009,202303220009,client_id,8/19/2025,Comprehensive,202-Chain Restaurant with Liquor,3,0,0,3,0,0
202303220009,202303220009,client_id,6/30/2026,Comprehensive,202-Chain Restaurant with Liquor,1,0,0,1,0,0
201603080002,201603080002,client_id,1/30/2026,Comprehensive,201-Restaurant with Liquor,3,0,1,2,0,0
200604180001,200604180001,client_id,7/21/2026,Comprehensive,211-Restaurant w/o Liquor,8,2,0,6,0,2
201503090003,201503090003,client_id,11/21/2025,Comprehensive,202-Chain Restaurant with Liquor,12,2,4,7,0,3
8293,,unlinked,6/24/2026,Comprehensive,202-Chain Restaurant with Liquor,12,3,2,10,0,5
8293,,unlinked,6/26/2026,Reinspection,202-Chain Restaurant with Liquor,0,0,0,0,0,0
8293,,unlinked,7/31/2026,Reinspection,202-Chain Restaurant with Liquor,7,0,0,7,0,0
200306100003,200306100003,client_id,3/13/2026,Comprehensive,201-Restaurant with Liquor,1,0,0,1,0,0
200306100006,200306100006,client_id,3/13/2026,Comprehensive,201-Restaurant with Liquor,0,0,0,0,0,0
201106210010,201106210010,client_id,4/16/2026,Comprehensive,212-Chain Restaurant without Liquor,7,0,1,6,0,0
202108260003,202108260003,client_id,5/27/2026,Comprehensive,211-Restaurant without Liquor,8,2,2,5,0,3
201809250002,201809250002,client_id,4/9/2026,Comprehensive,212-Chain Restaurant without Liquor,3,0,0,3,0,0
32344,32344,client_id,2/4/2026,Comprehensive,212-Chain Restaurant without Liquor,8,2,3,3,0,2
201711270005,201711270005,client_id,9/25/2025,Comprehensive,202-Chain Restaurant with Liquor,17,4,4,9,0,4
201711270005,201711270005,client_id,10/22/2025,Reinspection,202-Chain Restaurant with Liquor,5,0,0,5,0,0
201711270005,201711270005,client_id,5/5/2026,Comprehensive,202-Chain Restaurant with Liquor,15,2,2,13,0,3
201711270005,201711270005,client_id,5/7/2026,Reinspection,202-Chain Restaurant with Liquor,6,0,0,6,0,0
202406100003,202406100003,client_id,10/9/2025,Comprehensive,201-Restaurant with Liquor,5,1,0,4,0,1
201902070003,201902070003,client_id,8/28/2025,Comprehensive,202-Chain Restaurant with Liquor,7,1,0,6,0,1
53059,53059,client_id,11/13/2025,Comprehensive,201-Restaurant with Liquor,7,0,2,6,0,0
202208250005,202208250005,client_id,7/7/2026,Comprehensive,212-Chain Restaurant without Liquor,5,0,1,4,0,0
202206300002,202206300002,client_id,6/24/2026,Comprehensive,202-Chain Restaurant with Liquor,7,1,1,6,0,1
201304220007,201304220007,client_id,1/2/2026,Comprehensive,201-Restaurant with Liquor,3,0,1,2,0,0
202409090009,202409090009,client_id,9/29/2025,Comprehensive,212-Chain Restaurant without Liquor,6,0,1,5,0,0
202409090009,202409090009,client_id,9/15/2026,Comprehensive,212-Chain Restaurant without Liquor,5,1,0,4,0,1
202105280004,202105280004,client_id,3/5/2026,Comprehensive,211-Restaurant without Liquor,1,0,0,1,0,0
200905210006,200905210006,client_id,8/13/2025,Complaint,212-Chain Restaurant without Liquor,4,1,1,2,0,1
200905210006,200905210006,client_id,9/22/2025,Complaint,212-Chain Restaurant without Liquor,0,0,0,0,0,0
201908160003,201908160003,client_id,11/25/2025,Comprehensive,212-Chain Restaurant without Liquor,12,1,4,9,0,2
201102250003,201102250003,client_id,4/2/2026,Comprehensive,212-Chain Restaurant without Liquor,3,1,1,1,0,1
199904300002,199904300002,client_id,6/24/2026,Comprehensive,201-Restaurant with Liquor,8,0,0,8,0,0
201309250001,201309250001,client_id,3/10/2026,Complaint,211-Restaurant without Liquor,2,1,0,1,0,1
201309250001,201309250001,client_id,3/25/2026,Reinspection,211-Restaurant without Liquor,0,0,0,0,0,0
201309250001,201309250001,client_id,4/7/2026,Complaint,211-Restaurant without Liquor,0,0,0,0,0,0
201309250001,201309250001,client_id,7/14/2026,Comprehensive,211-Restaurant without Liquor,13,1,1,13,0,1
201309250001,201309250001,client_id,7/22/2026,Reinspection,211-Restaurant without Liquor,9,0,0,9,0,0
201906120009,201906120009,client_id,8/21/2025,Reinspection,202-Chain Restaurant with Liquor,9,0,1,9,0,0
201906120009,201906120009,client_id,1/14/2026,Comprehensive,202-Chain Restaurant with Liquor,11,2,1,9,0,3
201906120009,201906120009,client_id,2/5/2026,Reinspection,202-Chain Restaurant with Liquor,3,0,0,3,0,0
201906120009,201906120009,client_id,8/12/2026,Comprehensive,202-Chain Restaurant with Liquor,7,1,2,6,0,2
201906120009,201906120009,client_id,8/19/2026,Reinspection,202-Chain Restaurant with Liquor,0,0,0,0,0,0
202212060002,202212060002,client_id,11/24/2025,Comprehensive,212-Chain Restaurant without Liquor,11,1,1,9,0,1
201911120003,201911120003,client_id,7/7/2026,Comprehensive,212-Chain Restaurant without Liquor,9,1,2,7,0,2
201901160001,201901160001,client_id,3/23/2026,Comprehensive,212-Chain Restaurant without Liquor,3,1,0,2,0,1
202401240001,202401240001,client_id,11/26/2025,Comprehensive,212-Chain Restaurant without Liquor,5,0,0,5,0,0
55373,55373,client_id,6/23/2026,Comprehensive,211-Restaurant without Liquor,10,0,2,6,0,0
36425,36425,client_id,2/2/2026,Comprehensive,211-Restaurant without Liquor,12,0,1,12,0,0
56082,56082,client_id,9/3/2026,Comprehensive,201-Restaurant with Liquor,7,0,2,6,0,0
30590,30590,client_id,8/20/2025,Comprehensive,202-Chain Restaurant with Liquor,5,0,0,5,0,0
200202190002,200202190002,client_id,10/17/2025,Service Request,201-Restaurant with Liquor,4,0,2,2,0,0
41149,41149,client_id,10/1/2025,Comprehensive,201-Restaurant with Liquor,9,0,0,9,0,0
199911300004,199911300004,client_id,12/22/2025,Comprehensive,201-Restaurant with Liquor,16,3,5,12,0,5
199911300004,199911300004,client_id,1/15/2026,Reinspection,201-Restaurant with Liquor,13,1,4,10,0,1
201911220001,201911220001,client_id,12/29/2025,Comprehensive,212-Chain Restaurant without Liquor,4,0,0,4,0,0
200812220004,200812220004,client_id,7/16/2026,Comprehensive,212-Chain Restaurant without Liquor,6,0,1,6,0,0
200910070009,200910070009,client_id,3/31/2026,Comprehensive,212-Chain Restaurant without Liquor,13,2,4,9,0,4
200910070009,200910070009,client_id,4/14/2026,Reinspection,212-Chain Restaurant without Liquor,3,0,1,2,0,0
201008270002,201008270002,client_id,5/7/2026,Comprehensive,212-Chain Restaurant without Liquor,5,1,1,3,0,1
201008270002,201008270002,client_id,6/4/2026,Complaint,212-Chain Restaurant without Liquor,0,0,0,0,0,0
201211050007,201211050007,client_id,4/17/2026,Comprehensive,212-Chain Restaurant without Liquor,9,1,3,5,0,1
201403100003,201403100003,client_id,11/10/2025,Comprehensive,212-Chain Restaurant without Liquor,5,0,0,5,0,0
201606020005,201606020005,client_id,11/26/2025,Comprehensive,212-Chain Restaurant without Liquor,4,0,1,3,0,0
201805230002,201805230002,client_id,9/17/2025,Comprehensive,212-Chain Restaurant without Liquor,7,0,1,7,0,0
201805230002,201805230002,client_id,9/3/2026,Comprehensive,212-Chain Restaurant without Liquor,12,1,1,11,0,1
201805230002,201805230002,client_id,9/15/2026,Reinspection,212-Chain Restaurant without Liquor,1,0,0,1,0,0
202007100002,202007100002,client_id,4/2/2026,Comprehensive,212-Chain Restaurant without Liquor,8,1,1,6,0,1
202108090008,202108090008,client_id,8/20/2025,Comprehensive,212-Chain Restaurant without Liquor,8,1,1,6,0,1
202205200004,202205200004,client_id,10/9/2025,Comprehensive,201-Restaurant with Liquor,4,0,2,2,0,0
202101150001,202101150001,client_id,11/25/2025,Comprehensive,201-Restaurant with Liquor,1,0,0,1,0,0
200604110002,200604110002,client_id,1/8/2026,Comprehensive,201-Restaurant with Liquor,7,0,4,4,0,0
200604110002,200604110002,client_id,8/13/2026,Comprehensive,201-Restaurant with Liquor,13,0,5,10,0,0
FSP-PERM-202512230492,,unlinked,12/23/2025,Change of Ownership,211-Restaurant w/o Liquor,9,0,2,7,0,0
FSP-PERM-202512230492,,unlinked,2/23/2026,Comprehensive,211-Restaurant w/o Liquor,7,0,2,6,0,0
202009280004,202009280004,client_id,1/16/2026,Comprehensive,201-Restaurant with Liquor,10,0,3,6,0,0
202309140001,202309140001,client_id,9/18/2025,Comprehensive,211-Restaurant without Liquor,12,1,3,9,0,2
202309140001,202309140001,client_id,5/27/2026,Comprehensive,211-Restaurant without Liquor,9,1,2,7,0,2
201411130007,201411130007,client_id,10/29/2025,Comprehensive,212-Chain Restaurant without Liquor,4,0,0,4,0,0
200205310003,200205310003,client_id,8/20/2025,Comprehensive,212-Chain Restaurant without Liquor,9,2,0,7,0,2
200205310003,200205310003,client_id,8/28/2026,Comprehensive,212-Chain Restaurant without Liquor,3,0,0,3,0,0
200501270010,200501270010,client_id,3/23/2026,Comprehensive,212-Chain Restaurant without Liquor,5,0,0,5,0,0
37018,37018,client_id,9/15/2025,Comprehensive,212-Chain Restaurant without Liquor,5,1,2,3,0,1
37018,37018,client_id,8/5/2026,Comprehensive,212-Chain Restaurant without Liquor,8,2,1,5,0,2
37018,37018,client_id,8/12/2026,Partial Reinspection,212-Chain Restaurant without Liquor,0,0,0,0,0,0
200604190002,200604190002,client_id,9/5/2025,Comprehensive,212-Chain Restaurant without Liquor,7,3,0,5,0,4
200604190002,200604190002,client_id,9/26/2025,Reinspection,212-Chain Restaurant without Liquor,0,0,0,0,0,0
200604190002,200604190002,client_id,6/18/2026,Comprehensive,212-Chain Restaurant without Liquor,6,2,2,2,0,2
43990,43990,client_id,10/21/2025,Comprehensive,212-Chain Restaurant without Liquor,3,3,0,0,0,3
202309120001,202309120001,client_id,8/22/2025,Comprehensive,211-Restaurant without Liquor,4,0,1,3,0,0
202309120001,202309120001,client_id,7/1/2026,Comprehensive,211-Restaurant without Liquor,4,0,1,3,0,0
43170,43170,client_id,8/12/2025,Comprehensive,201-Restaurant with Liquor,3,0,0,3,0,0
200501270001,200501270001,client_id,4/9/2026,Comprehensive,201-Restaurant with Liquor,4,1,1,3,0,1
202210210003,202210210003,client_id,6/22/2026,Comprehensive,211-Restaurant without Liquor,11,1,2,9,0,1
201402280001,201402280001,client_id,6/2/2026,Comprehensive,201-Restaurant with Liquor,8,0,0,9,0,0
201501300001,201501300001,client_id,11/17/2025,Comprehensive,212-Chain Restaurant without Liquor,3,0,2,2,0,0
201906050002,201906050002,client_id,11/6/2025,Comprehensive,202-Chain Restaurant with Liquor,7,0,1,6,0,0
200702210006,200702210006,client_id,12/10/2025,Comprehensive,202-Chain Restaurant with Liquor,9,1,1,7,0,1
202207080006,202207080006,client_id,1/16/2026,Comprehensive,202-Chain Restaurant with Liquor,14,1,3,10,0,1
202207080006,202207080006,client_id,7/8/2026,Complaint,202-Chain Restaurant with Liquor,2,0,0,2,0,0
202006090001,202006090001,client_id,6/11/2026,Comprehensive,201-Restaurant with Liquor,8,1,3,6,0,2
201601200001,201601200001,client_id,6/8/2026,Complaint,202-Chain Restaurant with Liquor,0,0,0,0,0,0
200904230002,200904230002,client_id,6/24/2025,Comprehensive,211-Restaurant without Liquor,10,1,1,9,0,2
200904230002,200904230002,client_id,12/8/2025,Comprehensive,211-Restaurant without Liquor,7,2,0,5,0,2
202210040003,202210040003,client_id,1/8/2026,Comprehensive,212-Chain Restaurant without Liquor,8,2,0,7,0,3
201302080011,201302080011,client_id,8/19/2025,Comprehensive,211-Restaurant without Liquor,10,3,1,7,0,3
201302080011,201302080011,client_id,9/22/2026,Comprehensive,211-Restaurant without Liquor,15,4,7,8,0,6
FSP-PERM-202509030088,,unlinked,9/2/2025,Comprehensive,201-Restaurant w/Liquor,9,0,1,8,0,0
FSP-PERM-202509260154,,unlinked,9/26/2025,Change of Ownership,211-Restaurant w/o Liquor,4,0,0,4,0,0
FSP-PERM-202509260154,,unlinked,11/5/2025,Comprehensive,211-Restaurant w/o Liquor,5,0,0,5,0,0
201603100002,201603100002,client_id,6/22/2026,Comprehensive,211-Restaurant without Liquor,3,0,2,1,0,0
201508100004,201508100004,client_id,8/15/2025,Comprehensive,212-Chain Restaurant without Liquor,7,0,0,7,0,0
202202100004,202202100004,client_id,9/26/2025,Comprehensive,212-Chain Restaurant without Liquor,1,0,1,0,0,0
201607250002,201607250002,client_id,6/9/2026,Comprehensive,212-Chain Restaurant without Liquor,4,0,1,3,0,0
202408300002,202408300002,client_id,2/18/2026,Comprehensive,211-Restaurant without Liquor,2,0,0,2,0,0
201307230005,201307230005,client_id,1/28/2026,Comprehensive,212-Chain Restaurant without Liquor,5,0,0,5,0,0
202106070004,202106070004,client_id,9/13/2024,Comprehensive,202-Chain Restaurant with Liquor,5,0,1,3,0,0
202106070004,202106070004,client_id,1/7/2026,Comprehensive,202-Chain Restaurant with Liquor,5,0,2,4,0,0
202106070004,202106070004,client_id,1/22/2026,Reinspection,202-Chain Restaurant with Liquor,0,0,0,0,0,0
200312010002,200312010002,client_id,1/7/2026,Comprehensive,212-Chain Restaurant without Liquor,10,1,5,6,0,1
200312010002,200312010002,client_id,1/14/2026,Reinspection,212-Chain Restaurant without Liquor,3,0,0,3,0,0
201804030001,201804030001,client_id,10/6/2025,Comprehensive,202-Chain Restaurant with Liquor,6,1,1,4,0,1
202404300003,202404300003,client_id,7/23/2026,Comprehensive,211-Restaurant without Liquor,1,0,0,1,0,0
FSP-PERM-202602180106,,unlinked,2/18/2026,Pre-Operational,Priority Code:,7,0,2,5,0,0
FSP-PERM-202602180106,,unlinked,2/19/2026,Pre-Operational,Priority Code:,0,0,0,0,0,0
FSP-PERM-202602180106,,unlinked,4/13/2026,Comprehensive,212-Chain Restaurant w/o Liquor,9,2,3,7,0,3
FSP-PERM-202602180106,,unlinked,6/1/2026,Reinspection,212-Chain Restaurant w/o Liquor,2,1,1,0,0,1
FSP-PERM-202511130295,,unlinked,11/13/2025,Pre-Operational,201-Restaurant w/Liquor,5,0,0,5,0,0
FSP-PERM-202511130295,,unlinked,1/14/2026,Comprehensive,201-Restaurant w/Liquor,5,0,2,3,0,0
FSP-PERM-202510290254,,unlinked,11/4/2025,Comprehensive,202-Chain Restaurant w/Liquor,11,0,5,6,0,0
202412020001,202412020001,client_id,10/22/2025,Comprehensive,212-Chain Restaurant without Liquor,4,0,0,4,0,0
202412020001,202412020001,client_id,9/22/2026,Comprehensive,212-Chain Restaurant without Liquor,9,0,0,9,0,0
202505270008,202505270008,client_id,5/26/2026,Comprehensive,212-Chain Restaurant without Liquor,4,1,0,3,0,1
41382,41382,client_id,4/7/2026,Comprehensive,201-Restaurant with Liquor,5,0,0,4,0,0
201309090002,201309090002,client_id,4/22/2026,Comprehensive,212-Chain Restaurant without Liquor,13,0,0,13,0,0
201603030001,201603030001,client_id,11/21/2025,Comprehensive,201-Restaurant with Liquor,13,0,2,11,0,0
201601280001,201601280001,client_id,6/27/2019,Reinspection,201-Restaurant with Liquor,4,0,2,2,0,0
201601280001,201601280001,client_id,12/11/2019,Comprehensive,201-Restaurant with Liquor,9,0,2,7,0,0
201601280001,201601280001,client_id,6/19/2019,Comprehensive,201-Restaurant with Liquor,8,1,3,5,0,1
201601280001,201601280001,client_id,11/14/2025,Comprehensive,201-Restaurant with Liquor,2,0,0,2,0,0
202103160002,202103160002,client_id,9/16/2025,Comprehensive,212-Chain Restaurant without Liquor,3,0,1,2,0,0
202103160002,202103160002,client_id,8/4/2026,Comprehensive,212-Chain Restaurant without Liquor,1,0,0,1,0,0
57284,57284,client_id,2/18/2026,Comprehensive,201-Restaurant with Liquor,8,0,1,7,0,0
202006100004,202006100004,client_id,9/30/2025,Service Request,201-Restaurant with Liquor,1,0,0,1,0,0
202006100004,202006100004,client_id,1/15/2026,Comprehensive,201-Restaurant with Liquor,6,2,0,4,0,3
201303270001,201303270001,client_id,2/10/2026,Comprehensive,211-Restaurant without Liquor,6,1,2,3,0,1
201603180001,201603180001,client_id,12/10/2025,Comprehensive,212-Chain Restaurant without Liquor,5,1,1,3,0,1
201603180001,201603180001,client_id,12/11/2025,Reinspection,212-Chain Restaurant without Liquor,0,0,0,0,0,0
201603180001,201603180001,client_id,8/10/2026,Comprehensive,Priority Code:,7,0,2,6,0,0
202405150006,202405150006,client_id,10/14/2025,Comprehensive,201-Restaurant with Liquor,7,1,1,6,0,2
200512130001,200512130001,client_id,9/11/2025,Comprehensive,211-Restaurant without Liquor,9,1,2,6,0,1
200512130001,200512130001,client_id,9/25/2025,Reinspection,211-Restaurant without Liquor,0,0,0,0,0,0
200512130001,200512130001,client_id,7/30/2026,Comprehensive,211-Restaurant without Liquor,18,2,4,13,0,3
200512130001,200512130001,client_id,8/25/2026,Reinspection,211-Restaurant without Liquor,2,0,1,1,0,0
200512130001,200512130001,client_id,9/8/2026,Reinspection,211-Restaurant without Liquor,0,0,0,0,0,0
201710230006,201710230006,client_id,9/19/2025,Comprehensive,202-Chain Restaurant with Liquor,11,2,2,7,0,2
202007020002,202007020002,client_id,2/11/2026,Comprehensive,211-Restaurant without Liquor,10,0,2,9,0,0
200003300003,200003300003,client_id,8/13/2025,Reinspection,201-Restaurant with Liquor,4,0,0,4,0,0
8896,,unlinked,3/13/2026,Comprehensive,201-Restaurant with Liquor,7,0,1,6,0,0
202308090002,202308090002,client_id,12/2/2025,Comprehensive,212-Chain Restaurant without Liquor,6,0,1,5,0,0
202407310002,202407310002,client_id,11/17/2025,Comprehensive,211-Restaurant without Liquor,16,4,4,11,0,6
202407310002,202407310002,client_id,12/16/2025,Reinspection,211-Restaurant without Liquor,5,0,2,3,0,0
202407310002,202407310002,client_id,6/18/2026,Comprehensive,211-Restaurant without Liquor,15,3,1,13,0,4
202407310002,202407310002,client_id,7/27/2026,Reinspection,211-Restaurant without Liquor,2,0,2,1,0,0
201511190021,201511190021,client_id,8/25/2025,Comprehensive,201-Restaurant with Liquor,16,1,2,15,0,2
201511190021,201511190021,client_id,6/26/2026,Comprehensive,201-Restaurant with Liquor,18,5,5,10,0,7
201511190021,201511190021,client_id,7/17/2026,Reinspection,201-Restaurant with Liquor,11,1,2,9,0,2
201511190021,201511190021,client_id,7/27/2026,Reinspection,201-Restaurant with Liquor,1,0,0,1,0,0
202205100001,202205100001,client_id,2/23/2026,Comprehensive,201-Restaurant with Liquor,5,0,2,4,0,0
201903200002,201903200002,client_id,10/31/2025,Comprehensive,212-Chain Restaurant without Liquor,5,0,1,4,0,0
11583,11583,client_id,9/18/2025,Comprehensive,201-Restaurant with Liquor,10,2,3,7,0,3
11583,11583,client_id,11/12/2025,Complaint,201-Restaurant with Liquor,1,0,1,0,0,0
9849,,unlinked,8/21/2025,Comprehensive,201-Restaurant with Liquor,18,2,6,12,0,2
201502110001,201502110001,client_id,8/22/2025,Comprehensive,201-Restaurant with Liquor,6,0,1,6,0,0
202501160003,202501160003,client_id,6/12/2026,Comprehensive,211-Restaurant without Liquor,6,1,2,3,0,1
201509300010,201509300010,client_id,9/29/2025,Comprehensive,201-Restaurant with Liquor,6,1,1,5,0,0
200707110006,200707110006,client_id,12/4/2025,Comprehensive,212-Chain Restaurant without Liquor,10,0,1,9,0,0
202102080001,202102080001,client_id,8/14/2025,Comprehensive,211-Restaurant without Liquor,11,1,2,8,0,1
202407120007,202407120007,client_id,8/20/2025,Comprehensive,201-Restaurant with Liquor,11,4,3,6,0,5
202407120007,202407120007,client_id,8/26/2025,Reinspection,201-Restaurant with Liquor,5,2,0,3,0,2
202407120007,202407120007,client_id,9/3/2026,Comprehensive,201-Restaurant with Liquor,5,0,0,5,0,0
200808010006,200808010006,client_id,6/8/2026,Comprehensive,201-Restaurant with Liquor,5,0,1,4,0,0
200606300004,200606300004,client_id,12/4/2025,Comprehensive,201-Restaurant with Liquor,9,2,2,5,0,2
200606300004,200606300004,client_id,12/23/2025,Reinspection,201-Restaurant with Liquor,6,1,1,4,0,1
200606300004,200606300004,client_id,8/3/2026,Comprehensive,201-Restaurant with Liquor,14,1,4,9,0,1
200606300004,200606300004,client_id,8/24/2026,Reinspection,201-Restaurant with Liquor,1,0,0,1,0,0
202408210001,202408210001,client_id,10/6/2025,Comprehensive,211-Restaurant without Liquor,1,0,0,1,0,0
202408210001,202408210001,client_id,9/14/2026,Comprehensive,211-Restaurant without Liquor,0,0,0,0,0,0
201206060020,201206060020,client_id,1/2/2026,Comprehensive,212-Chain Restaurant without Liquor,13,1,2,10,0,1
202505160007,202505160007,client_id,9/5/2025,Comprehensive,201-Restaurant with Liquor,3,0,0,3,0,0
12103,12103,client_id,5/7/2026,Comprehensive,201-Restaurant with Liquor,12,1,3,8,0,1
201210050006,201210050006,client_id,2/25/2026,Comprehensive,202-Chain Restaurant with Liquor,12,2,3,10,0,4
201210050006,201210050006,client_id,3/17/2026,Reinspection,202-Chain Restaurant with Liquor,0,0,0,0,0,0
201210050006,201210050006,client_id,9/10/2026,Comprehensive,202-Chain Restaurant with Liquor,11,1,1,9,0,1
202108270002,202108270002,client_id,10/14/2025,Comprehensive,201-Restaurant with Liquor,9,0,3,6,1,0
11581,11581,client_id,4/3/2026,Comprehensive,201-Restaurant with Liquor,5,0,2,3,0,0
201210300002,201210300002,client_id,10/22/2025,Comprehensive,212-Chain Restaurant without Liquor,10,0,1,10,0,0
201210300002,201210300002,client_id,9/21/2026,Comprehensive,212-Chain Restaurant without Liquor,11,2,5,4,0,2
201611010009,201611010009,client_id,1/7/2026,Comprehensive,212-Chain Restaurant without Liquor,4,0,2,2,0,0
202305190001,202305190001,client_id,5/5/2026,Comprehensive,201-Restaurant with Liquor,8,0,2,6,0,0
202103100003,202103100003,client_id,4/21/2026,Comprehensive,211-Restaurant without Liquor,21,7,6,17,0,13
202103100003,202103100003,client_id,6/9/2026,Reinspection,211-Restaurant without Liquor,20,8,3,12,0,11
202103100003,202103100003,client_id,6/18/2026,Reinspection,211-Restaurant without Liquor,14,3,2,12,0,4
202103100003,202103100003,client_id,8/6/2026,Reinspection,211-Restaurant without Liquor,13,2,4,10,0,2
201303050001,201303050001,client_id,9/3/2025,Comprehensive,201-Restaurant with Liquor,14,1,3,12,0,2
201507290001,201507290001,client_id,1/8/2026,Comprehensive,212-Chain Restaurant without Liquor,6,1,0,6,0,2
200609260001,200609260001,client_id,3/26/2026,Comprehensive,201-Restaurant with Liquor,5,1,0,4,0,1
FSP-PERM-202608210490,202403060011,same_address_record,8/21/2026,Change of Ownership,212-Chain Restaurant w/o Liquor,3,0,0,3,0,0
202403060011,202403060011,client_id,1/21/2026,Comprehensive,212-Chain Restaurant without Liquor,2,1,0,1,0,1
201704250001,201704250001,client_id,1/29/2026,Comprehensive,202-Chain Restaurant with Liquor,11,2,2,8,0,3
201704250001,201704250001,client_id,7/15/2026,Service Request,202-Chain Restaurant with Liquor,0,0,0,0,0,0
200611220001,200611220001,client_id,9/4/2025,Comprehensive,202-Chain Restaurant with Liquor,13,2,3,8,0,2
200611220001,200611220001,client_id,9/19/2025,Reinspection,202-Chain Restaurant with Liquor,5,0,0,5,0,0
200611220001,200611220001,client_id,3/18/2026,Comprehensive,202-Chain Restaurant with Liquor,11,1,2,9,0,1
200611220001,200611220001,client_id,3/26/2026,Reinspection,202-Chain Restaurant with Liquor,1,0,0,1,0,0
200611220001,200611220001,client_id,5/28/2026,Complaint,202-Chain Restaurant with Liquor,5,0,1,5,0,0
200611220001,200611220001,client_id,6/22/2026,Complaint,202-Chain Restaurant with Liquor,0,0,0,0,0,0
200611220001,200611220001,client_id,9/16/2026,Comprehensive,202-Chain Restaurant with Liquor,14,4,2,10,0,5
200611220001,200611220001,client_id,9/17/2026,Reinspection,202-Chain Restaurant with Liquor,5,1,0,4,0,1
202504250005,202504250005,client_id,10/10/2025,Comprehensive,211-Restaurant without Liquor,3,0,1,3,0,0
201911260007,201911260007,client_id,11/17/2025,Comprehensive,211-Restaurant without Liquor,3,0,0,3,0,0
201904010005,201904010005,client_id,1/13/2026,Comprehensive,211-Restaurant without Liquor,7,1,2,4,0,1
201904010005,201904010005,client_id,4/21/2026,Complaint,211-Restaurant without Liquor,3,1,1,1,0,1
201904010005,201904010005,client_id,4/30/2026,Reinspection,211-Restaurant without Liquor,1,1,0,0,0,1
202212060005,202212060005,client_id,2/27/2026,Complaint,202-Chain Restaurant with Liquor,1,0,0,1,0,0
202212060005,202212060005,client_id,2/27/2026,Comprehensive,202-Chain Restaurant with Liquor,6,1,2,4,0,1
200712170001,200712170001,client_id,1/16/2026,Comprehensive,201-Restaurant with Liquor,18,5,3,12,0,6
200712170001,200712170001,client_id,2/2/2026,Reinspection,201-Restaurant with Liquor,14,3,2,9,0,3
200712170001,200712170001,client_id,3/3/2026,Reinspection,201-Restaurant with Liquor,2,0,0,2,0,0
200712170001,200712170001,client_id,8/6/2026,Comprehensive,201-Restaurant with Liquor,9,2,2,5,0,2
202309120003,202309120003,client_id,5/27/2026,Comprehensive,201-Restaurant with Liquor,12,3,3,6,0,3
202309120003,202309120003,client_id,6/25/2026,Reinspection,201-Restaurant with Liquor,6,1,2,4,0,1
45321,45321,client_id,1/12/2026,Comprehensive,201-Restaurant with Liquor,7,0,1,6,0,0
47010,47010,client_id,4/8/2026,Comprehensive,211-Restaurant without Liquor,8,0,2,6,0,0
202208300001,202208300001,client_id,1/12/2026,Comprehensive,211-Restaurant without Liquor,3,0,1,2,0,0
202308220007,202308220007,client_id,12/31/2025,Comprehensive,212-Chain Restaurant without Liquor,3,0,1,2,0,0
FSP-PERM-202512080415,,unlinked,12/8/2025,Pre-Operational,212-Chain Restaurant w/o Liquor,3,0,0,3,0,0
FSP-PERM-202512080415,,unlinked,1/8/2026,Comprehensive,212-Chain Restaurant w/o Liquor,5,0,2,3,0,0
202212200001,202212200001,client_id,1/2/2026,Comprehensive,212-Chain Restaurant without Liquor,5,1,0,4,0,1
FSP-PERM-202512160438,,unlinked,12/16/2025,Comprehensive,212-Chain Restaurant w/o Liquor,2,0,0,2,0,0
FSP-PERM-202512160438,,unlinked,6/26/2026,Comprehensive,212-Chain Restaurant w/o Liquor,4,0,0,4,0,0
201407070002,201407070002,client_id,3/11/2026,Comprehensive,212-Chain Restaurant without Liquor,10,1,2,7,0,1
201603290005,201603290005,client_id,1/6/2026,Comprehensive,212-Chain Restaurant without Liquor,7,0,0,7,0,0
201908130001,201908130001,client_id,4/2/2026,Comprehensive,212-Chain Restaurant without Liquor,4,0,1,3,0,0
42953,42953,client_id,9/3/2025,Complaint,211-Restaurant without Liquor,0,0,0,0,0,0
FSP-PERM-202510170205,,unlinked,10/17/2025,Pre-Operational,212-Chain Restaurant w/o Liquor,1,0,0,1,0,0
FSP-PERM-202510170205,,unlinked,12/17/2025,Comprehensive,212-Chain Restaurant w/o Liquor,1,0,0,1,0,0
202007020001,202007020001,client_id,1/22/2026,Comprehensive,212-Chain Restaurant without Liquor,4,1,2,1,0,1
202007020001,202007020001,client_id,7/7/2026,Comprehensive,212-Chain Restaurant without Liquor,9,1,2,7,0,2
201211200004,201211200004,client_id,8/12/2025,Comprehensive,202-Chain Restaurant with Liquor,11,3,1,7,0,3
201211200004,201211200004,client_id,8/28/2025,Reinspection,202-Chain Restaurant with Liquor,3,2,0,1,0,2
201211200004,201211200004,client_id,3/5/2026,Comprehensive,202-Chain Restaurant with Liquor,11,3,2,6,0,3
201211200004,201211200004,client_id,8/27/2026,Comprehensive,202-Chain Restaurant with Liquor,8,2,2,4,0,2
200001130004,200001130004,client_id,7/24/2026,Comprehensive,201-Restaurant with Liquor,4,0,0,4,0,0
201810020002,201810020002,client_id,9/3/2025,Comprehensive,211-Restaurant without Liquor,15,1,4,11,0,2
201810020002,201810020002,client_id,11/7/2025,Reinspection,211-Restaurant without Liquor,6,0,0,6,0,0
201810020002,201810020002,client_id,4/17/2026,Comprehensive,211-Restaurant without Liquor,13,1,4,12,0,2
201810020002,201810020002,client_id,4/20/2026,Reinspection,211-Restaurant without Liquor,1,0,0,1,0,0
201006070011,201006070011,client_id,12/4/2025,Comprehensive,211-Restaurant without Liquor,6,2,1,4,0,3
7775,,unlinked,7/21/2026,Comprehensive,201-Restaurant with Liquor,2,0,0,2,0,0
53243,53243,client_id,7/9/2026,Complaint,201-Restaurant with Liquor,1,0,0,1,0,0
201207250002,201207250002,client_id,12/12/2025,Comprehensive,212-Chain Restaurant without Liquor,4,0,1,3,0,0
201001270004,201001270004,client_id,6/11/2026,Comprehensive,211-Restaurant without Liquor,0,0,0,0,0,0
201105090008,201105090008,client_id,6/11/2026,Comprehensive,211-Restaurant without Liquor,3,0,1,2,0,0
201001270023,201001270023,client_id,6/11/2026,Comprehensive,212-Chain Restaurant without Liquor,9,1,3,8,0,1
201001270023,201001270023,client_id,8/31/2026,Reinspection,212-Chain Restaurant without Liquor,4,0,1,3,0,0
201001270026,201001270026,client_id,6/10/2026,Comprehensive,211-Restaurant without Liquor,4,1,0,3,0,1
201310150004,201310150004,client_id,1/22/2026,Comprehensive,212-Chain Restaurant without Liquor,6,0,1,5,0,0
199910120004,199910120004,client_id,9/15/2025,Comprehensive,212-Chain Restaurant without Liquor,8,0,0,7,0,0
199910120004,199910120004,client_id,11/10/2025,Consultation,212-Chain Restaurant without Liquor,0,0,0,0,0,0
40278,40278,client_id,4/9/2026,Comprehensive,212-Chain Restaurant without Liquor,7,0,1,6,0,0
200501270012,200501270012,client_id,1/13/2026,Comprehensive,211-Restaurant without Liquor,4,0,1,3,0,0
FSP-SKU-202510150019,,unlinked,2/23/2026,Comprehensive,"211-Restaurant w/o Liquor,101-Transient Caterer",3,0,1,2,0,0
202409040003,202409040003,client_id,7/10/2026,Comprehensive,211-Restaurant without Liquor,3,0,1,2,0,0
FSP-PERM-202603230192,,unlinked,6/22/2026,Comprehensive,211-Restaurant w/o Liquor,7,0,2,5,0,0
FSP-PERM-202509120106,,unlinked,10/17/2025,Comprehensive,"211-Restaurant w/o Liquor,117-Bakery",2,0,0,2,0,0
200106210012,200106210012,client_id,3/31/2026,Comprehensive,211-Restaurant without Liquor,5,1,2,2,0,1
202507070001,202507070001,client_id,8/19/2025,Comprehensive,211-Restaurant without Liquor,10,3,4,3,0,3
202507070001,202507070001,client_id,8/22/2025,Reinspection,211-Restaurant without Liquor,1,0,1,0,0,0
202507070001,202507070001,client_id,10/23/2025,Comprehensive,211-Restaurant without Liquor,2,0,1,1,0,0
201712150004,201712150004,client_id,11/18/2025,Comprehensive,211-Restaurant without Liquor,7,1,3,3,0,1
FSP-PERM-202510220226,202302150008,same_address_record,10/22/2025,Comprehensive,211-Restaurant without Liquor,9,0,1,6,0,0
201003160003,201003160003,client_id,9/24/2025,Comprehensive,212-Chain Restaurant without Liquor,17,2,5,11,0,2
201003160003,201003160003,client_id,2/27/2026,Service Request,212-Chain Restaurant without Liquor,6,0,1,5,0,0
201003160003,201003160003,client_id,5/14/2026,Comprehensive,212-Chain Restaurant without Liquor,15,0,1,14,0,0
201003160003,201003160003,client_id,5/28/2026,Reinspection,212-Chain Restaurant without Liquor,12,0,0,12,0,0
202006110003,202006110003,client_id,4/7/2026,Comprehensive,211-Restaurant without Liquor,10,1,2,7,0,1
202408120009,202408120009,client_id,10/20/2025,Comprehensive,201-Restaurant with Liquor,1,0,0,1,0,0
202203040004,202203040004,client_id,4/10/2026,Comprehensive,202-Chain Restaurant with Liquor,5,2,0,5,0,4
9135,,unlinked,1/16/2026,Comprehensive,211-Restaurant without Liquor,8,0,1,7,0,0
201512160018,201512160018,client_id,12/11/2025,Comprehensive,211-Restaurant without Liquor,13,0,2,11,0,0
202311030001,202311030001,client_id,2/26/2026,Comprehensive,202-Chain Restaurant with Liquor,6,0,3,3,0,0
202505090003,202505090003,client_id,5/27/2026,Comprehensive,211-Restaurant without Liquor,0,0,0,0,0,0
201611210010,201611210010,client_id,8/29/2025,Service Request,123-Mobile (Tier 2,1,1,0,0,0,1
201611210010,201611210010,client_id,4/27/2026,Comprehensive,123-Mobile (Tier 2,2,2,0,0,0,2
201412010005,201412010005,client_id,2/19/2026,Comprehensive,211-Restaurant without Liquor,15,3,1,11,0,3
201412010005,201412010005,client_id,3/10/2026,Reinspection,211-Restaurant without Liquor,9,0,1,8,0,0
57868,57868,client_id,8/28/2025,Comprehensive,211-Restaurant without Liquor,9,1,4,5,0,1
57868,57868,client_id,10/28/2025,Complaint,211-Restaurant without Liquor,5,0,0,6,0,0
200712040006,200712040006,client_id,4/7/2026,Comprehensive,211-Restaurant without Liquor,14,2,5,9,0,3
202304200001,202304200001,client_id,12/5/2025,Comprehensive,201-Restaurant with Liquor,9,0,2,7,0,0
202304200001,202304200001,client_id,1/23/2026,Reinspection,201-Restaurant with Liquor,5,0,1,5,0,0
200808040002,200808040002,client_id,1/29/2026,Comprehensive,212-Chain Restaurant without Liquor,7,2,0,6,0,3
200808040002,200808040002,client_id,2/12/2026,Reinspection,212-Chain Restaurant without Liquor,4,0,0,4,0,0
56404,56404,client_id,12/30/2025,Comprehensive,201-Restaurant with Liquor,9,1,2,7,0,1
202211210006,202211210006,client_id,9/26/2025,Comprehensive,201-Restaurant with Liquor,4,0,1,3,0,0
201510150006,201510150006,client_id,11/26/2025,Comprehensive,212-Chain Restaurant without Liquor,4,1,0,3,0,1
200510060001,200510060001,client_id,12/5/2025,Complaint,212-Chain Restaurant without Liquor,6,1,1,4,0,1
200510060001,200510060001,client_id,5/4/2026,Comprehensive,212-Chain Restaurant without Liquor,7,2,0,6,0,3
200509270001,200509270001,client_id,9/2/2025,Comprehensive,201-Restaurant with Liquor,5,0,1,4,0,0
200509270001,200509270001,client_id,4/8/2026,Comprehensive,201-Restaurant with Liquor,12,2,3,7,0,2
202202030001,202202030001,client_id,3/18/2026,Comprehensive,211-Restaurant without Liquor,8,0,3,6,0,0
201605020015,201605020015,client_id,8/28/2025,Comprehensive,211-Restaurant without Liquor,6,1,2,4,0,2
201803220001,201803220001,client_id,12/2/2025,Comprehensive,201-Restaurant with Liquor,8,1,1,6,0,1
201904180005,201904180005,client_id,9/16/2025,Comprehensive,201-Restaurant with Liquor,13,0,3,11,0,0
202210310003,202210310003,client_id,11/4/2025,Comprehensive,211-Restaurant without Liquor,9,0,1,8,0,0
201201170006,201201170006,client_id,9/3/2025,Comprehensive,201-Restaurant with Liquor,13,0,3,11,0,0
201206120007,201206120007,client_id,7/14/2026,Comprehensive,211-Restaurant without Liquor,9,0,1,8,0,0
202502270002,202502270002,client_id,7/17/2026,Comprehensive,211-Restaurant without Liquor,7,1,3,4,0,2
200206250001,200206250001,client_id,9/2/2025,Comprehensive,202-Chain Restaurant with Liquor,11,2,3,8,0,3
200206250001,200206250001,client_id,3/12/2026,Comprehensive,202-Chain Restaurant with Liquor,9,2,1,7,0,3
201103300006,201103300006,client_id,4/8/2026,Comprehensive,202-Chain Restaurant with Liquor,7,2,0,5,0,2
201309200003,201309200003,client_id,9/16/2025,Comprehensive,211-Restaurant without Liquor,3,0,0,3,0,0
201309200003,201309200003,client_id,9/19/2025,Reinspection,211-Restaurant without Liquor,0,0,0,0,0,0
201610050001,201610050001,client_id,3/23/2026,Comprehensive,201-Restaurant with Liquor,3,0,0,3,0,0
201305160001,201305160001,client_id,3/31/2026,Comprehensive,212-Chain Restaurant without Liquor,5,2,1,2,0,2
201305160001,201305160001,client_id,4/1/2026,Reinspection,212-Chain Restaurant without Liquor,0,0,0,0,0,0
201305160001,201305160001,client_id,4/30/2026,Reinspection,212-Chain Restaurant without Liquor,2,0,0,2,0,0
7800,,unlinked,2/18/2026,Comprehensive,212-Chain Restaurant without Liquor,6,1,1,4,0,2
201708230001,201708230001,client_id,1/14/2026,Reinspection,202-Chain Restaurant with Liquor,2,0,1,1,0,0
202301260004,202301260004,client_id,5/13/2026,Comprehensive,211-Restaurant without Liquor,4,2,1,1,0,3
202301260004,202301260004,client_id,5/14/2026,Reinspection,211-Restaurant without Liquor,0,0,0,0,0,0
202504160003,202504160003,client_id,9/4/2025,Renovation,211-Restaurant without Liquor,3,0,0,5,0,0
202504160003,202504160003,client_id,4/9/2026,Comprehensive,211-Restaurant without Liquor,6,4,1,1,0,5
202107070001,202107070001,client_id,9/8/2025,Comprehensive,201-Restaurant with Liquor,4,0,0,4,0,0
FSP-PERM-202508130032,,unlinked,8/13/2025,Comprehensive,211-Restaurant w/o Liquor,5,0,1,4,0,0
200302240004,200302240004,client_id,7/13/2026,Comprehensive,201-Restaurant with Liquor,11,1,3,7,0,1
201909300003,201909300003,client_id,4/27/2026,Comprehensive,201-Restaurant with Liquor,7,0,3,4,0,0
201909300003,201909300003,client_id,5/21/2026,Reinspection,201-Restaurant with Liquor,1,0,0,3,0,0
202411180003,202411180003,client_id,2/3/2026,Comprehensive,212-Chain Restaurant without Liquor,3,0,0,3,0,0
202405080009,202405080009,client_id,10/1/2025,Comprehensive,212-Chain Restaurant without Liquor,2,0,0,2,0,0
202405080009,202405080009,client_id,8/31/2026,Comprehensive,212-Chain Restaurant without Liquor,3,0,1,2,0,0
202111010010,202111010010,client_id,1/21/2026,Comprehensive,212-Chain Restaurant without Liquor,0,0,0,0,0,0
202105250001,202105250001,client_id,9/9/2025,Comprehensive,212-Chain Restaurant without Liquor,12,1,2,9,0,1
202105250001,202105250001,client_id,8/10/2026,Comprehensive,212-Chain Restaurant without Liquor,1,0,0,1,0,0
201907180002,201907180002,client_id,12/29/2025,Comprehensive,212-Chain Restaurant without Liquor,4,0,0,4,0,0
201907180002,201907180002,client_id,4/29/2026,Consultation,212-Chain Restaurant without Liquor,0,0,0,0,0,0
202410070084,202410070084,client_id,12/23/2025,Comprehensive,212-Chain Restaurant without Liquor,1,0,0,1,0,0
202410070084,202410070084,client_id,5/8/2026,Complaint,212-Chain Restaurant without Liquor,0,0,0,0,0,0
202410070006,202410070006,client_id,1/13/2026,Comprehensive,212-Chain Restaurant without Liquor,0,0,0,0,0,0
202506190002,202506190002,client_id,4/30/2026,Comprehensive,201-Restaurant with Liquor,6,0,0,6,0,0
202506190002,202506190002,client_id,9/2/2026,Reinspection,201-Restaurant with Liquor,0,0,0,0,0,0
202506190002,202506190002,client_id,7/7/2026,Consultation,201-Restaurant with Liquor,0,0,0,0,0,0
201807050007,201807050007,client_id,11/13/2025,Comprehensive,211-Restaurant without Liquor,12,3,2,8,0,4
201807050007,201807050007,client_id,5/14/2026,Comprehensive,211-Restaurant without Liquor,6,0,0,6,0,0
202209300003,202209300003,client_id,11/3/2025,Comprehensive,211-Restaurant without Liquor,8,2,2,4,0,2
50620,50620,client_id,12/15/2025,Comprehensive,201-Restaurant with Liquor,4,0,0,4,0,0
54721,54721,client_id,9/29/2025,Comprehensive,211-Restaurant without Liquor,8,2,2,5,0,2
54721,54721,client_id,10/29/2025,Reinspection,211-Restaurant without Liquor,2,0,1,1,0,0
54721,54721,client_id,1/21/2026,Complaint,211-Restaurant without Liquor,1,0,0,1,0,0
202506040004,202506040004,client_id,8/14/2025,Comprehensive,212-Chain Restaurant without Liquor,7,1,2,4,0,1
202506040004,202506040004,client_id,8/29/2025,Partial Reinspection,212-Chain Restaurant without Liquor,10,0,3,7,0,0
202506040004,202506040004,client_id,10/6/2025,Reinspection,212-Chain Restaurant without Liquor,3,0,0,3,0,0
202506040004,202506040004,client_id,4/2/2026,Comprehensive,212-Chain Restaurant without Liquor,3,0,0,3,0,0
201009080013,201009080013,client_id,3/2/2026,Comprehensive,211-Restaurant without Liquor,12,1,1,10,0,1
201009080013,201009080013,client_id,3/11/2026,Reinspection,211-Restaurant without Liquor,12,0,0,12,0,0
201009080013,201009080013,client_id,3/16/2026,Reinspection,211-Restaurant without Liquor,8,0,0,7,0,0
39933,39933,client_id,9/25/2025,Comprehensive,201-Restaurant with Liquor,8,1,3,4,0,1
8599,,unlinked,1/29/2026,Comprehensive,212-Chain Restaurant without Liquor,10,0,2,8,0,0
201007190005,201007190005,client_id,8/25/2025,Comprehensive,201-Restaurant with Liquor,14,0,1,13,0,0
FSP-PERM-202512180474,,unlinked,12/18/2025,Change of Ownership,211-Restaurant w/o Liquor,4,0,0,4,0,0
FSP-PERM-202512180474,,unlinked,4/8/2026,Comprehensive,211-Restaurant w/o Liquor,6,0,1,5,0,0
FSP-PERM-202512180474,,unlinked,2/9/2026,Service Request,211-Restaurant w/o Liquor,1,0,0,1,0,0
202104280009,202104280009,client_id,6/9/2026,Comprehensive,211-Restaurant without Liquor,3,0,1,2,0,0
8259,,unlinked,9/30/2025,Complaint,202-Chain Restaurant with Liquor,1,0,0,1,0,0
8259,,unlinked,12/29/2025,Comprehensive,202-Chain Restaurant with Liquor,16,3,6,9,0,4
8259,,unlinked,1/22/2026,Reinspection,202-Chain Restaurant with Liquor,16,5,6,4,1,6
8259,,unlinked,2/2/2026,Reinspection,202-Chain Restaurant with Liquor,4,0,0,4,0,0
8259,,unlinked,6/3/2026,Comprehensive,202-Chain Restaurant with Liquor,22,3,7,16,0,5
8259,,unlinked,6/24/2026,Reinspection,202-Chain Restaurant with Liquor,16,0,3,14,0,0
201806210005,201806210005,client_id,12/12/2025,Comprehensive,202-Chain Restaurant with Liquor,6,0,2,5,0,0
201508270005,201508270005,client_id,1/12/2026,Comprehensive,212-Chain Restaurant without Liquor,4,0,1,3,0,0
202305190003,202305190003,client_id,5/8/2026,Comprehensive,212-Chain Restaurant without Liquor,1,0,0,1,0,0
201310290005,201310290005,client_id,12/5/2025,Comprehensive,201-Restaurant with Liquor,10,2,0,8,0,2
201310290005,201310290005,client_id,6/18/2026,Comprehensive,201-Restaurant with Liquor,0,0,0,0,0,0
201310290005,201310290005,client_id,6/18/2026,Consultation,201-Restaurant with Liquor,0,0,0,0,0,0
201310290005,201310290005,client_id,7/27/2026,Comprehensive,201-Restaurant with Liquor,12,1,1,10,0,1
201310290005,201310290005,client_id,8/18/2026,Reinspection,201-Restaurant with Liquor,1,0,1,0,0,0
202306020004,202306020004,client_id,2/13/2026,Comprehensive,202-Chain Restaurant with Liquor,14,0,2,11,0,0
56685,56685,client_id,8/19/2025,Reinspection,202-Chain Restaurant with Liquor,1,0,1,0,0,0
56685,56685,client_id,5/28/2026,Comprehensive,202-Chain Restaurant with Liquor,11,3,2,6,0,3
200202190006,200202190006,client_id,9/12/2025,Comprehensive,201-Restaurant with Liquor,2,0,1,1,0,0
201206260001,201206260001,client_id,4/2/2026,Comprehensive,202-Chain Restaurant with Liquor,13,5,2,7,0,6
201206260001,201206260001,client_id,6/9/2026,Reinspection,202-Chain Restaurant with Liquor,1,0,0,1,0,0
10528,10528,client_id,8/18/2026,Comprehensive,201-Restaurant with Liquor,9,1,1,9,0,2
202108030002,202108030002,client_id,10/16/2025,Comprehensive,201-Restaurant with Liquor,7,1,4,3,0,1
202407310001,202407310001,client_id,12/17/2025,Comprehensive,201-Restaurant with Liquor,7,0,2,6,0,0
201410310005,201410310005,client_id,10/7/2025,Comprehensive,211-Restaurant without Liquor,9,2,2,7,0,3
201012140005,201012140005,client_id,4/30/2026,Comprehensive,201-Restaurant with Liquor,14,1,4,10,0,1
201012140005,201012140005,client_id,5/21/2026,Reinspection,201-Restaurant with Liquor,5,0,2,4,0,0
202109210004,202109210004,client_id,1/13/2026,Comprehensive,201-Restaurant with Liquor,6,2,2,4,0,1
202109210004,202109210004,client_id,2/27/2026,Reinspection,201-Restaurant with Liquor,1,0,1,0,0,0
202109210004,202109210004,client_id,2/27/2026,Foodborne Illness,201-Restaurant with Liquor,7,2,3,2,0,2
200902270006,200902270006,client_id,8/27/2025,Comprehensive,201-Restaurant with Liquor,7,1,3,4,0,1
202405240011,202405240011,client_id,9/17/2025,Comprehensive,201-Restaurant with Liquor,2,0,0,2,0,0
202111230001,202111230001,client_id,1/13/2026,Comprehensive,211-Restaurant without Liquor,17,1,5,13,0,1
202111230001,202111230001,client_id,1/29/2026,Reinspection,211-Restaurant without Liquor,8,0,2,7,0,0
201910020001,201910020001,client_id,2/26/2026,Comprehensive,212-Chain Restaurant without Liquor,6,0,0,6,0,1
FSP-PERM-202509300161,,unlinked,9/23/2025,Comprehensive,201-Restaurant w/Liquor,12,3,3,8,0,4
FSP-PERM-202509300161,,unlinked,9/23/2025,Complaint,201-Restaurant w/Liquor,1,0,0,1,0,0
FSP-PERM-202509300161,,unlinked,10/27/2025,Consultation,201-Restaurant w/Liquor,0,0,0,0,0,0
201504060001,201504060001,client_id,4/17/2026,Comprehensive,211-Restaurant without Liquor,9,0,0,9,0,0
200809190014,200809190014,client_id,9/16/2025,Comprehensive,212-Chain Restaurant without Liquor,2,0,2,0,0,0
201805230007,201805230007,client_id,7/24/2026,Comprehensive,201-Restaurant with Liquor,4,0,1,3,0,0
202506160007,202506160007,client_id,1/14/2026,Comprehensive,211-Restaurant without Liquor,5,0,0,5,0,0
202506160007,202506160007,client_id,3/20/2026,Partial Reinspection,211-Restaurant without Liquor,0,0,0,0,0,0
200307020010,200307020010,client_id,5/4/2026,Comprehensive,211-Restaurant without Liquor,1,0,1,1,0,0
39281,39281,client_id,7/13/2026,Comprehensive,211-Restaurant without Liquor,6,0,0,6,0,0
202108160001,202108160001,client_id,1/28/2026,Comprehensive,212-Chain Restaurant without Liquor,10,1,2,7,0,1
202108160001,202108160001,client_id,8/21/2026,Complaint,212-Chain Restaurant without Liquor,1,0,0,1,0,0
201904180006,201904180006,client_id,10/20/2025,Comprehensive,211-Restaurant without Liquor,10,1,2,8,0,1
201904180006,201904180006,client_id,11/6/2025,Reinspection,211-Restaurant without Liquor,6,2,0,4,0,2
201904180006,201904180006,client_id,11/18/2025,Reinspection,211-Restaurant without Liquor,3,0,0,3,0,0
201904180006,201904180006,client_id,5/22/2026,Comprehensive,211-Restaurant without Liquor,13,3,2,9,0,4
201904180006,201904180006,client_id,8/5/2026,Consultation,211-Restaurant without Liquor,0,0,0,0,0,0
201904180006,201904180006,client_id,9/16/2026,Reinspection,211-Restaurant without Liquor,10,2,4,6,0,4
202103150001,202103150001,client_id,8/29/2025,Comprehensive,211-Restaurant without Liquor,11,2,4,8,0,3
202009250001,202009250001,client_id,6/2/2026,Comprehensive,211-Restaurant without Liquor,13,2,5,8,0,3
202009250001,202009250001,client_id,7/9/2026,Reinspection,211-Restaurant without Liquor,6,4,4,1,0,6
200103090001,200103090001,client_id,5/14/2026,Comprehensive,201-Restaurant with Liquor,7,2,0,6,0,3
200210230004,200210230004,client_id,12/31/2025,Comprehensive,211-Restaurant without Liquor,2,0,1,2,0,0
202208230008,202208230008,client_id,12/2/2025,Comprehensive,201-Restaurant with Liquor,11,2,2,7,0,2
202208230008,202208230008,client_id,1/2/2026,Reinspection,201-Restaurant with Liquor,3,1,1,1,0,1
202208230008,202208230008,client_id,7/23/2026,Comprehensive,201-Restaurant with Liquor,16,4,5,10,0,6
202208230008,202208230008,client_id,7/28/2026,Reinspection,201-Restaurant with Liquor,2,1,0,1,0,1
57419,57419,client_id,5/12/2026,Comprehensive,202-Chain Restaurant with Liquor,10,1,0,9,0,1
201905150006,201905150006,client_id,3/31/2026,Comprehensive,201-Restaurant with Liquor,7,1,3,4,0,1
200910070015,200910070015,client_id,8/22/2025,Comprehensive,202-Chain Restaurant with Liquor,6,2,1,4,0,2
200910070015,200910070015,client_id,4/13/2026,Service Request,202-Chain Restaurant with Liquor,3,0,0,3,0,0
200910070015,200910070015,client_id,7/31/2026,Comprehensive,202-Chain Restaurant with Liquor,6,0,1,5,0,0
38214,38214,client_id,1/21/2026,Comprehensive,212-Chain Restaurant without Liquor,10,0,2,8,0,0
38214,38214,client_id,5/18/2026,Complaint,212-Chain Restaurant without Liquor,1,1,0,0,0,1
38214,38214,client_id,5/26/2026,Reinspection,212-Chain Restaurant without Liquor,1,0,0,1,0,0
FSP-PERM-202602030072,,unlinked,2/3/2026,Pre-Operational,Priority Code:,3,0,0,3,0,0
FSP-PERM-202602030072,,unlinked,7/15/2026,Comprehensive,211-Restaurant w/o Liquor,9,1,1,8,0,2
FSP-PERM-202602030072,,unlinked,7/22/2026,Reinspection,211-Restaurant w/o Liquor,2,0,0,2,0,0
201105130009,201105130009,client_id,11/19/2025,Comprehensive,212-Chain Restaurant without Liquor,2,0,0,3,0,0
201902260001,201902260001,client_id,8/13/2025,Comprehensive,212-Chain Restaurant without Liquor,0,0,0,0,0,0
201608190006,201608190006,client_id,8/13/2025,Reinspection,212-Chain Restaurant without Liquor,2,0,0,2,0,0
201608190006,201608190006,client_id,12/31/2025,Comprehensive,212-Chain Restaurant without Liquor,1,0,0,1,0,0
201608190006,201608190006,client_id,6/9/2026,Comprehensive,212-Chain Restaurant without Liquor,3,0,0,3,0,0
202305020003,202305020003,client_id,1/5/2026,Comprehensive,212-Chain Restaurant without Liquor,8,1,3,5,0,2
201608300004,201608300004,client_id,6/17/2026,Comprehensive,212-Chain Restaurant without Liquor,4,0,0,4,0,0
201609120004,201609120004,client_id,3/9/2026,Comprehensive,212-Chain Restaurant without Liquor,4,1,0,3,0,1
201609080002,201609080002,client_id,8/12/2025,Comprehensive,212-Chain Restaurant without Liquor,7,0,1,6,0,0
201609080002,201609080002,client_id,7/22/2026,Comprehensive,212-Chain Restaurant without Liquor,7,1,1,5,0,1
201608260001,201608260001,client_id,6/2/2026,Comprehensive,212-Chain Restaurant without Liquor,7,1,1,6,0,2
201608260001,201608260001,client_id,7/7/2026,Reinspection,212-Chain Restaurant without Liquor,1,1,0,0,0,1
201608260001,201608260001,client_id,9/16/2026,Reinspection,212-Chain Restaurant without Liquor,3,1,0,2,0,1
201608250002,201608250002,client_id,12/4/2025,Comprehensive,212-Chain Restaurant without Liquor,3,0,0,3,0,0
201608230004,201608230004,client_id,8/13/2025,Comprehensive,212-Chain Restaurant without Liquor,1,0,0,0,0,0
201608230004,201608230004,client_id,1/21/2026,Comprehensive,212-Chain Restaurant without Liquor,3,0,0,3,0,0
201608230004,201608230004,client_id,2/25/2026,Suspected Illness,212-Chain Restaurant without Liquor,2,1,1,0,0,1
201608230004,201608230004,client_id,8/19/2026,Complaint,212-Chain Restaurant without Liquor,0,0,0,0,0,0
201611070001,201611070001,client_id,9/23/2025,Comprehensive,212-Chain Restaurant without Liquor,5,0,1,4,0,0
201611070001,201611070001,client_id,9/16/2026,Comprehensive,212-Chain Restaurant without Liquor,1,0,0,2,0,0
202104290004,202104290004,client_id,7/9/2026,Comprehensive,212-Chain Restaurant without Liquor,9,1,1,7,0,1
201706260002,201706260002,client_id,1/16/2026,Comprehensive,212-Chain Restaurant without Liquor,2,0,0,3,0,0
202110140005,202110140005,client_id,7/14/2026,Service Request,201-Restaurant with Liquor,0,0,0,0,0,0
202110140005,202110140005,client_id,7/15/2026,Complaint,201-Restaurant with Liquor,2,0,0,2,0,0
45263,45263,client_id,12/22/2025,Comprehensive,201-Restaurant with Liquor,10,4,1,5,0,4
45263,45263,client_id,1/14/2026,Reinspection,201-Restaurant with Liquor,3,0,1,2,0,0
45263,45263,client_id,3/16/2026,Complaint,201-Restaurant with Liquor,4,0,0,4,0,0
201210250003,201210250003,client_id,9/12/2025,Reinspection,211-Restaurant without Liquor,1,1,0,0,0,1
201210250003,201210250003,client_id,3/10/2026,Comprehensive,211-Restaurant without Liquor,10,3,1,9,0,6
201505290002,201505290002,client_id,10/16/2025,Comprehensive,212-Chain Restaurant without Liquor,3,0,0,3,0,0
201709060007,201709060007,client_id,10/21/2025,Comprehensive,211-Restaurant without Liquor,5,1,1,3,0,1
201403200001,201403200001,client_id,9/3/2025,Comprehensive,202-Chain Restaurant with Liquor,7,1,1,5,0,1
202012040011,202012040011,client_id,2/9/2026,Reinspection,211-Restaurant without Liquor,7,2,2,3,0,2
202012040011,202012040011,client_id,3/16/2026,Partial Reinspection,211-Restaurant without Liquor,2,1,1,0,0,1
202210070005,202210070005,client_id,12/15/2025,Comprehensive,212-Chain Restaurant without Liquor,5,0,1,4,0,0
201711240001,201711240001,client_id,12/15/2025,Service Request,201-Restaurant with Liquor,0,0,0,0,0,0
201711240001,201711240001,client_id,1/8/2026,Comprehensive,201-Restaurant with Liquor,7,2,1,6,0,4
201711240001,201711240001,client_id,1/22/2026,Reinspection,201-Restaurant with Liquor,0,0,0,0,0,0
200704020001,200704020001,client_id,3/9/2026,Comprehensive,212-Chain Restaurant without Liquor,6,0,2,5,0,0
55266,55266,client_id,9/12/2025,Comprehensive,211-Restaurant without Liquor,18,4,6,13,0,6
55266,55266,client_id,9/16/2025,Reinspection,211-Restaurant without Liquor,1,0,0,1,0,0
199912100006,199912100006,client_id,2/11/2026,Comprehensive,201-Restaurant with Liquor,3,0,0,3,0,0
202408260006,202408260006,client_id,11/10/2025,Comprehensive,201-Restaurant with Liquor,1,0,0,1,0,0
202006250005,202006250005,client_id,10/6/2025,Service Request,211-Restaurant without Liquor,0,0,0,0,0,0
202006250005,202006250005,client_id,10/23/2025,Comprehensive,211-Restaurant without Liquor,2,0,0,2,0,0
202006120020,202006120020,client_id,10/16/2025,Comprehensive,212-Chain Restaurant without Liquor,3,0,1,2,0,0
202006160003,202006160003,client_id,10/23/2025,Comprehensive,211-Restaurant without Liquor,0,0,0,0,0,0
200107110003,200107110003,client_id,6/8/2026,Comprehensive,201-Restaurant with Liquor,6,1,0,6,0,2
202403190005,202403190005,client_id,12/17/2025,Comprehensive,212-Chain Restaurant without Liquor,4,2,0,2,0,2
202403190005,202403190005,client_id,1/7/2026,Reinspection,212-Chain Restaurant without Liquor,4,2,0,2,0,2
202403190005,202403190005,client_id,9/17/2026,Comprehensive,212-Chain Restaurant without Liquor,7,2,1,4,0,2
51963,51963,client_id,11/6/2025,Comprehensive,211-Restaurant without Liquor,8,0,2,6,0,0
201907080009,201907080009,client_id,6/26/2026,Comprehensive,211-Restaurant without Liquor,7,1,0,7,0,2
199901120007,199901120007,client_id,1/12/2026,Comprehensive,201-Restaurant with Liquor,11,0,2,9,0,0
199901120007,199901120007,client_id,8/6/2026,Comprehensive,201-Restaurant with Liquor,13,1,3,9,0,1
56381,56381,client_id,8/13/2025,Comprehensive,211-Restaurant without Liquor,0,0,0,0,0,0
40773,40773,client_id,3/6/2026,Comprehensive,211-Restaurant without Liquor,5,0,1,4,0,0
202412160002,202412160002,client_id,8/28/2025,Comprehensive,211-Restaurant without Liquor,14,1,3,10,0,1
200110110002,200110110002,client_id,11/14/2025,Comprehensive,201-Restaurant with Liquor,6,1,0,5,0,1
201604070002,201604070002,client_id,9/23/2025,Comprehensive,211-Restaurant without Liquor,0,0,0,0,0,0
201604070002,201604070002,client_id,9/1/2026,Comprehensive,211-Restaurant without Liquor,0,0,0,0,0,0
202211300003,202211300003,client_id,12/2/2025,Comprehensive,211-Restaurant without Liquor,11,1,2,10,0,1
202205110008,202205110008,client_id,3/18/2026,Comprehensive,211-Restaurant without Liquor,4,0,0,4,0,0
45677,45677,client_id,6/25/2026,Comprehensive,211-Restaurant without Liquor,3,0,1,2,0,0
200612050003,200612050003,client_id,1/15/2026,Comprehensive,212-Chain Restaurant without Liquor,11,2,2,7,0,3
200612050003,200612050003,client_id,1/22/2026,Reinspection,211-Restaurant w/o Liquor,7,0,1,6,0,0
FSP-PERM-202602100079,,unlinked,2/10/2026,Change of Ownership,211-Restaurant w/o Liquor,7,0,0,6,0,0
FSP-PERM-202602100079,,unlinked,3/24/2026,Comprehensive,211-Restaurant w/o Liquor,6,0,0,6,0,0
201611010006,201611010006,client_id,9/10/2026,Comprehensive,211-Restaurant without Liquor,5,0,1,4,0,0
201910220003,201910220003,client_id,6/15/2026,Comprehensive,212-Chain Restaurant without Liquor,4,0,1,3,0,0
201709130009,201709130009,client_id,2/4/2026,Comprehensive,202-Chain Restaurant with Liquor,6,1,0,6,0,2
201709130009,201709130009,client_id,9/22/2026,Complaint,202-Chain Restaurant with Liquor,2,0,0,2,0,0
201709130010,201709130010,client_id,11/26/2025,Comprehensive,212-Chain Restaurant without Liquor,6,1,0,5,0,1
202003100001,202003100001,client_id,3/23/2026,Comprehensive,212-Chain Restaurant without Liquor,3,0,0,3,0,0
202001270001,202001270001,client_id,9/23/2025,Comprehensive,212-Chain Restaurant without Liquor,2,0,0,2,0,0
202001270001,202001270001,client_id,8/7/2026,Comprehensive,212-Chain Restaurant without Liquor,2,0,0,2,0,0
202001080010,202001080010,client_id,10/29/2025,Comprehensive,211-Restaurant without Liquor,5,1,2,2,0,1
201309190001,201309190001,client_id,1/22/2026,Comprehensive,212-Chain Restaurant without Liquor,5,0,0,5,0,0
49505,49505,client_id,4/7/2026,Comprehensive,211-Restaurant without Liquor,6,0,1,5,0,0
202207190005,202207190005,client_id,9/8/2025,Comprehensive,211-Restaurant without Liquor,18,3,8,12,0,6
202207190005,202207190005,client_id,9/9/2025,Reinspection,211-Restaurant without Liquor,9,2,3,6,0,4
202207190005,202207190005,client_id,9/16/2025,Reinspection,211-Restaurant without Liquor,7,1,2,7,0,2
202407160001,202407160001,client_id,3/3/2026,Complaint,212-Chain Restaurant without Liquor,2,0,0,2,0,0
202407160001,202407160001,client_id,8/18/2026,Complaint,212-Chain Restaurant without Liquor,2,0,1,1,0,0
202001240001,202001240001,client_id,5/27/2026,Comprehensive,202-Chain Restaurant with Liquor,19,5,3,12,0,5
202001240001,202001240001,client_id,6/9/2026,Reinspection,202-Chain Restaurant with Liquor,8,2,2,5,0,2
202001240001,202001240001,client_id,7/28/2026,Suspected Illness,202-Chain Restaurant with Liquor,2,0,1,1,0,0
202501290009,202501290009,client_id,3/31/2026,Comprehensive,211-Restaurant without Liquor,9,1,3,6,0,2
202501290009,202501290009,client_id,4/8/2026,Reinspection,211-Restaurant without Liquor,1,1,0,0,0,1
8007,,unlinked,2/23/2026,Comprehensive,201-Restaurant with Liquor,4,0,1,3,0,0
202303160004,202303160004,client_id,9/25/2025,Comprehensive,212-Chain Restaurant without Liquor,5,1,1,3,0,1
202303160004,202303160004,client_id,1/8/2026,Complaint,212-Chain Restaurant without Liquor,2,1,0,1,0,1
35536,35536,client_id,5/13/2026,Comprehensive,212-Chain Restaurant without Liquor,6,1,2,3,0,1
202311140008,202311140008,client_id,11/13/2025,Comprehensive,211-Restaurant without Liquor,7,1,2,6,0,1
202210240003,202210240003,client_id,7/24/2026,Comprehensive,212-Chain Restaurant without Liquor,6,0,2,4,0,0
6294,,unlinked,12/1/2025,Comprehensive,202-Chain Restaurant with Liquor,6,1,1,4,0,2
200109110001,200109110001,client_id,12/5/2025,Comprehensive,202-Chain Restaurant with Liquor,3,0,1,2,0,0
54125,54125,client_id,12/19/2025,Comprehensive,201-Restaurant with Liquor,9,0,3,6,0,0
54125,54125,client_id,5/27/2026,Comprehensive,201-Restaurant with Liquor,11,2,3,7,0,2
54125,54125,client_id,6/15/2026,Reinspection,201-Restaurant with Liquor,2,0,0,2,0,0
202410030007,202410030007,client_id,3/24/2026,Comprehensive,201-Restaurant with Liquor,8,2,0,6,0,3
202309150003,202309150003,client_id,10/29/2025,Comprehensive,211-Restaurant w/o Liquor,0,0,0,0,0,0
202212210003,202212210003,client_id,11/3/2025,Comprehensive,202-Chain Restaurant with Liquor,8,2,0,8,0,3
202506170001,202506170001,client_id,2/19/2026,Comprehensive,212-Chain Restaurant without Liquor,8,1,1,8,0,2
56281,56281,client_id,9/9/2025,Comprehensive,212-Chain Restaurant without Liquor,16,3,1,15,0,5
56281,56281,client_id,11/18/2025,Comprehensive,212-Chain Restaurant without Liquor,16,2,3,13,0,4
56281,56281,client_id,11/28/2025,Reinspection,212-Chain Restaurant without Liquor,7,0,1,7,0,0
56281,56281,client_id,1/22/2026,Comprehensive,212-Chain Restaurant without Liquor,5,0,1,4,0,0
56281,56281,client_id,7/8/2026,Comprehensive,212-Chain Restaurant without Liquor,20,2,3,17,0,4
202405290006,202405290006,client_id,2/20/2026,Comprehensive,211-Restaurant without Liquor,2,0,1,1,0,0
202405290006,202405290006,client_id,9/16/2026,Comprehensive,211-Restaurant without Liquor,4,1,1,3,0,2
202312070005,202312070005,client_id,5/22/2026,Comprehensive,212-Chain Restaurant without Liquor,1,0,0,1,0,0
201511040006,201511040006,client_id,9/16/2026,Comprehensive,212-Chain Restaurant without Liquor,8,0,2,6,0,0
201607080001,201607080001,client_id,12/4/2025,Comprehensive,202-Chain Restaurant with Liquor,2,0,1,1,0,0
201309200004,201309200004,client_id,5/7/2026,Comprehensive,202-Chain Restaurant with Liquor,7,1,1,6,0,1
201309200004,201309200004,client_id,5/22/2026,Reinspection,202-Chain Restaurant with Liquor,1,0,0,1,0,0
202406180005,202406180005,client_id,3/18/2026,Comprehensive,211-Restaurant without Liquor,4,0,1,3,0,0
202008270005,202008270005,client_id,5/15/2026,Comprehensive,211-Restaurant without Liquor,3,0,1,2,0,0
202303140003,202303140003,client_id,9/19/2025,Comprehensive,201-Restaurant with Liquor,13,1,2,10,0,2
200505230014,200505230014,client_id,9/19/2025,Comprehensive,211-Restaurant without Liquor,2,0,0,2,0,0
202409260002,202409260002,client_id,9/16/2025,Comprehensive,201-Restaurant with Liquor,9,2,2,5,0,2
202409260002,202409260002,client_id,10/6/2025,Reinspection,201-Restaurant with Liquor,2,1,0,1,0,1
202402260005,202402260005,client_id,7/1/2026,Comprehensive,212-Chain Restaurant without Liquor,0,0,0,0,0,0
202505290003,202505290003,client_id,9/18/2026,Comprehensive,212-Chain Restaurant without Liquor,2,0,0,2,0,0
202402230002,202402230002,client_id,3/10/2026,Comprehensive,212-Chain Restaurant without Liquor,7,0,1,7,0,0
6720,,unlinked,10/1/2025,Comprehensive,211-Restaurant without Liquor,10,1,2,7,0,1
6720,,unlinked,8/27/2026,Comprehensive,211-Restaurant without Liquor,12,2,4,8,0,4
6720,,unlinked,9/8/2026,Reinspection,211-Restaurant without Liquor,7,0,0,7,0,0
200907210012,200907210012,client_id,12/17/2025,Comprehensive,211-Restaurant without Liquor,3,0,0,3,0,0
200907210012,200907210012,client_id,8/4/2026,Service Request,211-Restaurant without Liquor,0,0,0,0,1,0
200907210012,200907210012,client_id,8/5/2026,Service Request,211-Restaurant without Liquor,0,0,0,0,0,0
201107150001,201107150001,client_id,12/11/2025,Comprehensive,211-Restaurant without Liquor,14,1,3,12,0,1
201107150001,201107150001,client_id,12/30/2025,Reinspection,211-Restaurant without Liquor,8,1,2,6,0,1
202507220006,202507220006,client_id,2/19/2026,Comprehensive,201-Restaurant with Liquor,7,0,1,6,0,0
202307170004,202307170004,client_id,10/17/2025,Comprehensive,211-Restaurant without Liquor,5,0,1,4,0,0
202212020001,202212020001,client_id,6/23/2026,Comprehensive,211-Restaurant without Liquor,16,1,3,12,0,1
202212020001,202212020001,client_id,6/24/2026,Partial Reinspection,211-Restaurant without Liquor,0,0,0,0,0,0
49678,49678,client_id,8/21/2025,Comprehensive,201-Restaurant with Liquor,14,4,4,10,0,5
49678,49678,client_id,9/12/2025,Reinspection,201-Restaurant with Liquor,8,0,1,7,0,0
49678,49678,client_id,2/3/2026,Comprehensive,201-Restaurant with Liquor,14,4,1,10,0,5
201811190010,201811190010,client_id,10/31/2025,Comprehensive,212-Chain Restaurant without Liquor,12,1,2,11,0,1
202507180004,202507180004,client_id,9/26/2025,Comprehensive,212-Chain Restaurant without Liquor,2,1,0,1,0,1
202507180004,202507180004,client_id,9/2/2026,Comprehensive,212-Chain Restaurant without Liquor,2,0,0,2,0,0
200911300001,200911300001,client_id,3/31/2026,Comprehensive,201-Restaurant with Liquor,14,1,3,10,0,1
200911300001,200911300001,client_id,4/17/2026,Reinspection,201-Restaurant with Liquor,9,0,1,8,0,0
202310180004,202310180004,client_id,7/10/2026,Comprehensive,202-Chain Restaurant w/Liquor,1,0,0,1,0,0
201412010008,201412010008,client_id,5/22/2026,Comprehensive,211-Restaurant without Liquor,5,0,0,5,0,0
40516,40516,client_id,8/12/2025,Comprehensive,212-Chain Restaurant without Liquor,16,1,4,11,0,1
40516,40516,client_id,7/27/2026,Comprehensive,212-Chain Restaurant without Liquor,15,2,4,11,0,4
40516,40516,client_id,8/12/2026,Reinspection,212-Chain Restaurant without Liquor,13,2,5,8,0,4
202207260002,202207260002,client_id,10/27/2025,Comprehensive,201-Restaurant with Liquor,2,0,0,2,0,0
202411070003,202411070003,client_id,9/15/2025,Comprehensive,202-Chain Restaurant with Liquor,10,1,4,7,0,1
202411070003,202411070003,client_id,9/29/2025,Reinspection,202-Chain Restaurant with Liquor,2,0,0,2,0,0
202411070003,202411070003,client_id,1/13/2026,Complaint,202-Chain Restaurant with Liquor,3,1,0,2,0,1
202411070003,202411070003,client_id,2/9/2026,Comprehensive,202-Chain Restaurant with Liquor,10,0,5,6,0,0
202411070003,202411070003,client_id,9/17/2026,Complaint,202-Chain Restaurant with Liquor,5,1,1,4,0,1
202405290008,202405290008,client_id,10/23/2025,Comprehensive,212-Chain Restaurant without Liquor,3,1,0,3,0,2
202405290008,202405290008,client_id,8/19/2026,Comprehensive,212-Chain Restaurant without Liquor,3,0,0,3,0,0
200507130005,200507130005,client_id,1/13/2026,Comprehensive,201-Restaurant with Liquor,0,0,0,0,0,0
43138,43138,client_id,3/17/2026,Comprehensive,201-Restaurant with Liquor,3,0,1,2,0,0
202304060005,202304060005,client_id,7/1/2026,Comprehensive,201-Restaurant with Liquor,4,1,1,2,0,1
202410250003,202410250003,client_id,2/19/2026,Comprehensive,201-Restaurant with Liquor,12,1,4,8,0,1
201406020018,201406020018,client_id,11/3/2025,Comprehensive,212-Chain Restaurant without Liquor,3,0,0,3,0,0
200106220008,200106220008,client_id,3/26/2026,Comprehensive,212-Chain Restaurant without Liquor,7,0,0,7,0,0
FSP-PERM-202603120168,,unlinked,6/17/2026,Comprehensive,211-Restaurant w/o Liquor,11,1,3,8,0,1
FSP-PERM-202603120168,,unlinked,9/23/2026,Complaint,211-Restaurant w/o Liquor,2,1,1,0,0,1
FSP-PERM-202603020136,,unlinked,3/2/2026,Pre-Operational,212-Chain Restaurant w/o Liquor,2,0,0,2,0,0
202105030007,202105030007,client_id,8/14/2025,Comprehensive,211-Restaurant without Liquor,3,0,0,3,0,0
202105030007,202105030007,client_id,8/28/2026,Comprehensive,211-Restaurant without Liquor,5,1,1,4,0,2
202404180002,202404180002,client_id,3/3/2026,Complaint,202-Chain Restaurant with Liquor,0,0,0,0,0,0
7038,,unlinked,2/18/2026,Comprehensive,201-Restaurant with Liquor,6,0,0,6,0,0
202503270002,202503270002,client_id,4/29/2026,Comprehensive,212-Chain Restaurant without Liquor,10,0,2,8,0,0
201501200007,201501200007,client_id,3/19/2026,Comprehensive,201-Restaurant with Liquor,12,4,1,11,0,4
201501200007,201501200007,client_id,3/27/2026,Reinspection,201-Restaurant with Liquor,5,0,0,5,0,0
202305220003,202305220003,client_id,10/17/2025,Comprehensive,211-Restaurant without Liquor,8,1,2,6,0,2
36653,36653,client_id,12/17/2025,Comprehensive,211-Restaurant without Liquor,8,0,0,8,0,0
201807200001,201807200001,client_id,4/2/2026,Comprehensive,201-Restaurant with Liquor,6,2,3,3,0,3
200305070001,200305070001,client_id,6/5/2026,Comprehensive,202-Chain Restaurant with Liquor,17,3,3,13,0,5
200305070001,200305070001,client_id,6/26/2026,Reinspection,202-Chain Restaurant with Liquor,6,2,3,1,0,2
200305070001,200305070001,client_id,7/10/2026,Reinspection,202-Chain Restaurant with Liquor,0,0,0,0,0,0
200305070001,200305070001,client_id,9/11/2026,Complaint,202-Chain Restaurant with Liquor,5,2,0,3,0,2
200608140001,200608140001,client_id,8/12/2025,Comprehensive,202-Chain Restaurant with Liquor,1,0,0,1,0,0
200608140001,200608140001,client_id,7/30/2026,Comprehensive,202-Chain Restaurant with Liquor,3,0,1,2,0,0
202406040006,202406040006,client_id,10/14/2025,Comprehensive,212-Chain Restaurant without Liquor,5,0,0,5,0,0
202406040006,202406040006,client_id,9/14/2026,Comprehensive,212-Chain Restaurant without Liquor,5,0,0,5,0,0
201710060003,201710060003,client_id,8/21/2025,Comprehensive,212-Chain Restaurant without Liquor,3,0,1,2,0,0
201710060003,201710060003,client_id,7/29/2026,Comprehensive,212-Chain Restaurant without Liquor,4,1,1,2,0,1
202203310007,202203310007,client_id,1/8/2026,Comprehensive,202-Chain Restaurant with Liquor,13,2,6,10,0,4
202203310007,202203310007,client_id,1/16/2026,Reinspection,202-Chain Restaurant with Liquor,3,0,0,3,0,0
202308150004,202308150004,client_id,9/10/2025,Comprehensive,211-Restaurant without Liquor,10,1,5,5,0,1
200809160002,200809160002,client_id,12/4/2025,Comprehensive,211-Restaurant without Liquor,2,0,0,2,0,0
202506060003,202506060003,client_id,8/12/2025,Comprehensive,211-Restaurant without Liquor,8,0,1,8,0,0
FSP-PERM-202605220323,,unlinked,7/28/2026,Comprehensive,211-Restaurant w/o Liquor,9,1,0,7,0,1
200403010002,200403010002,client_id,11/18/2025,Comprehensive,201-Restaurant with Liquor,13,0,0,13,0,0
200303250003,200303250003,client_id,9/8/2025,Comprehensive,201-Restaurant with Liquor,11,0,2,9,0,0
202409050002,202409050002,client_id,6/12/2026,Comprehensive,211-Restaurant without Liquor,0,0,0,0,0,0
201504010001,201504010001,client_id,9/8/2025,Comprehensive,201-Restaurant with Liquor,1,0,0,1,0,0
201504010001,201504010001,client_id,9/18/2025,Renovation,201-Restaurant with Liquor,0,0,0,0,0,0
201504010001,201504010001,client_id,10/31/2025,Comprehensive,201-Restaurant with Liquor,0,0,0,0,0,0
202410070067,202410070067,client_id,7/15/2026,Comprehensive,202-Chain Restaurant with Liquor,2,0,0,2,0,0
202009090004,202009090004,client_id,4/7/2026,Comprehensive,201-Restaurant with Liquor,10,1,2,7,0,1
201508260001,201508260001,client_id,8/22/2025,Reinspection,202-Chain Restaurant with Liquor,0,0,0,0,0,0
201508260001,201508260001,client_id,8/21/2025,Comprehensive,202-Chain Restaurant with Liquor,4,2,1,1,0,2
201508260001,201508260001,client_id,7/23/2026,Comprehensive,202-Chain Restaurant with Liquor,12,3,3,9,0,5
201508260001,201508260001,client_id,8/20/2026,Reinspection,202-Chain Restaurant with Liquor,6,0,1,5,0,0
202405080002,202405080002,client_id,8/27/2025,Comprehensive,212-Chain Restaurant without Liquor,1,0,0,1,0,0
202405080002,202405080002,client_id,8/3/2026,Comprehensive,212-Chain Restaurant without Liquor,0,0,0,0,0,0
201803270003,201803270003,client_id,12/1/2025,Comprehensive,212-Chain Restaurant without Liquor,2,0,1,1,0,0
200709240003,200709240003,client_id,1/15/2026,Comprehensive,212-Chain Restaurant without Liquor,1,0,0,1,0,0
201610040006,201610040006,client_id,1/15/2026,Comprehensive,212-Chain Restaurant without Liquor,0,0,0,0,0,0
201610040006,201610040006,client_id,4/21/2026,Complaint,212-Chain Restaurant without Liquor,1,0,0,0,1,0
201708310012,201708310012,client_id,3/2/2026,Comprehensive,212-Chain Restaurant without Liquor,2,0,1,1,0,0
202307130003,202307130003,client_id,12/30/2025,Comprehensive,212-Chain Restaurant without Liquor,0,0,0,0,0,0
200111060001,200111060001,client_id,11/14/2025,Comprehensive,212-Chain Restaurant without Liquor,3,0,2,1,0,0
202409090010,202409090010,client_id,9/12/2025,Comprehensive,212-Chain Restaurant without Liquor,4,1,0,4,0,2
201501210002,201501210002,client_id,12/1/2025,Comprehensive,212-Chain Restaurant without Liquor,3,0,0,3,0,0
200301280006,200301280006,client_id,5/13/2026,Comprehensive,212-Chain Restaurant without Liquor,5,0,0,5,0,0
202105270002,202105270002,client_id,10/28/2025,Comprehensive,201-Restaurant with Liquor,14,2,3,10,0,2
202105270002,202105270002,client_id,11/14/2025,Reinspection,201-Restaurant with Liquor,9,2,0,7,0,2
202504160008,202504160008,client_id,10/29/2025,Reinspection,211-Restaurant without Liquor,6,0,0,6,0,0
202504160008,202504160008,client_id,2/13/2026,Comprehensive,211-Restaurant without Liquor,9,0,0,9,0,0
202504160008,202504160008,client_id,5/1/2026,Reinspection,211-Restaurant without Liquor,5,0,0,5,0,0
202504160008,202504160008,client_id,7/30/2026,Reinspection,211-Restaurant without Liquor,1,0,0,1,0,0
202209200006,202209200006,client_id,8/27/2025,Comprehensive,202-Chain Restaurant with Liquor,9,1,0,9,0,2
202209200006,202209200006,client_id,1/29/2026,Complaint,202-Chain Restaurant with Liquor,1,0,1,0,0,0
202209200006,202209200006,client_id,8/11/2026,Comprehensive,202-Chain Restaurant with Liquor,7,0,3,5,0,0
FSP-PERM-202605010285,,unlinked,5/1/2026,Change of Ownership,211-Restaurant w/o Liquor,3,0,0,3,0,0
FSP-PERM-202509020081,,unlinked,10/15/2025,Comprehensive,212-Chain Restaurant w/o Liquor,3,0,0,3,0,0
FSP-PERM-202603100152,202111010002,same_address_record,3/10/2026,Change of Ownership,212-Chain Restaurant w/o Liquor,6,0,0,6,0,0
FSP-PERM-202603100152,202111010002,same_address_record,4/30/2026,Comprehensive,212-Chain Restaurant w/o Liquor,4,1,2,1,0,1
FSP-PERM-202603100152,202111010002,same_address_record,7/22/2026,Complaint,212-Chain Restaurant w/o Liquor,0,0,0,0,0,0
202111010002,202111010002,client_id,9/8/2025,Comprehensive,212-Chain Restaurant without Liquor,5,0,0,5,0,0
200305300002,200305300002,client_id,10/31/2025,Comprehensive,212-Chain Restaurant without Liquor,4,0,0,4,0,0
202003110004,202003110004,client_id,2/26/2026,Comprehensive,212-Chain Restaurant without Liquor,7,1,1,5,0,1
200701050002,200701050002,client_id,6/30/2026,Comprehensive,212-Chain Restaurant without Liquor,8,1,1,6,0,1
202406190001,202406190001,client_id,4/1/2026,Comprehensive,212-Chain Restaurant without Liquor,3,0,1,2,0,0
201811050008,201811050008,client_id,1/15/2026,Complaint,212-Chain Restaurant without Liquor,2,0,0,2,0,0
201811050008,201811050008,client_id,6/24/2026,Comprehensive,212-Chain Restaurant without Liquor,6,0,0,5,0,0
201310220006,201310220006,client_id,5/18/2026,Comprehensive,212-Chain Restaurant without Liquor,7,1,1,5,0,1
202103100002,202103100002,client_id,10/28/2025,Comprehensive,212-Chain Restaurant without Liquor,3,0,1,2,0,0
FSP-PERM-202603270209,,unlinked,3/27/2026,Pre-Operational,201-Restaurant w/Liquor,3,0,0,3,0,0
FSP-PERM-202603270209,,unlinked,5/22/2026,Comprehensive,201-Restaurant w/Liquor,8,2,2,5,0,3
30800,30800,client_id,5/12/2026,Comprehensive,201-Restaurant with Liquor,8,1,0,7,0,1
201907230004,201907230004,client_id,10/24/2025,Comprehensive,211-Restaurant without Liquor,9,1,2,8,0,2
201810010009,201810010009,client_id,11/18/2025,Comprehensive,202-Chain Restaurant with Liquor,6,2,1,4,0,3
201810010009,201810010009,client_id,5/21/2026,Comprehensive,202-Chain Restaurant with Liquor,7,0,1,7,0,0
201806260002,201806260002,client_id,11/25/2025,Comprehensive,201-Restaurant with Liquor,10,0,2,9,0,0
201909200004,201909200004,client_id,10/10/2025,Comprehensive,211-Restaurant without Liquor,2,1,0,2,0,2
201910010005,201910010005,client_id,3/9/2026,Comprehensive,211-Restaurant without Liquor,1,1,0,0,0,1
202107160003,202107160003,client_id,4/28/2026,Comprehensive,211-Restaurant without Liquor,5,0,0,6,0,0
FSP-PERM-202512080416,,unlinked,12/8/2025,Change of Ownership,211-Restaurant w/o Liquor,3,0,2,1,0,0
201312190008,201312190008,client_id,9/24/2025,Comprehensive,212-Chain Restaurant without Liquor,16,4,4,13,0,7
201312190008,201312190008,client_id,10/8/2025,Reinspection,212-Chain Restaurant without Liquor,6,0,0,6,0,0
201312190008,201312190008,client_id,12/5/2025,Complaint,212-Chain Restaurant without Liquor,1,1,0,0,0,1
201312190008,201312190008,client_id,4/29/2026,Comprehensive,212-Chain Restaurant without Liquor,14,3,3,11,0,4
201312190008,201312190008,client_id,5/14/2026,Reinspection,212-Chain Restaurant without Liquor,6,0,1,5,0,0
201711170010,201711170010,client_id,8/11/2025,Comprehensive,212-Chain Restaurant without Liquor,6,0,0,5,0,0
201711170010,201711170010,client_id,12/18/2025,Foodborne Illness,212-Chain Restaurant without Liquor,1,0,0,1,0,0
201711170010,201711170010,client_id,8/11/2026,Comprehensive,Priority Code:,3,0,0,3,0,0
200908280007,200908280007,client_id,9/12/2025,Suspected Illness,212-Chain Restaurant without Liquor,1,0,0,0,0,0
200908280007,200908280007,client_id,12/18/2025,Comprehensive,212-Chain Restaurant without Liquor,0,0,0,0,0,0
201506120003,201506120003,client_id,2/11/2026,Comprehensive,212-Chain Restaurant without Liquor,3,0,0,3,0,0
202305300014,202305300014,client_id,5/11/2026,Comprehensive,212-Chain Restaurant without Liquor,4,0,1,3,0,0
201511020022,201511020022,client_id,9/9/2025,Reinspection,211-Restaurant without Liquor,2,0,0,2,0,0
201511020022,201511020022,client_id,4/20/2026,Comprehensive,211-Restaurant without Liquor,9,0,1,8,0,0
FSP-PERM-202604060225,,unlinked,6/4/2026,Comprehensive,211-Restaurant w/o Liquor,6,0,1,5,0,0
202104220001,202104220001,client_id,10/31/2025,Comprehensive,202-Chain Restaurant with Liquor,8,1,0,7,0,1
200710230015,200710230015,client_id,1/15/2026,Comprehensive,201-Restaurant with Liquor,5,0,0,5,0,0
FSP-PERM-202602260131,,unlinked,3/5/2026,Change of Ownership,211-Restaurant w/o Liquor,9,0,1,8,0,0
FSP-PERM-202602260131,,unlinked,6/4/2026,Comprehensive,211-Restaurant w/o Liquor,8,0,0,8,0,0
202211210005,202211210005,client_id,7/23/2026,Comprehensive,211-Restaurant without Liquor,6,0,0,6,0,0
201709270002,201709270002,client_id,9/18/2025,Comprehensive,201-Restaurant with Liquor,6,0,2,4,0,0
199906110006,199906110006,client_id,2/5/2026,Comprehensive,212-Chain Restaurant without Liquor,6,0,0,6,0,0
FSP-PERM-202509220131,,unlinked,9/23/2025,Pre-Operational,201-Restaurant w/Liquor,14,0,0,14,0,0
FSP-PERM-202509220131,,unlinked,11/10/2025,Pre-Operational,201-Restaurant w/Liquor,4,0,0,4,0,0
FSP-PERM-202509220131,,unlinked,4/28/2026,Comprehensive,201-Restaurant w/Liquor,10,1,2,7,0,1
200607250001,200607250001,client_id,8/13/2025,Comprehensive,201-Restaurant with Liquor,7,1,1,5,0,1
200607250001,200607250001,client_id,6/3/2026,Comprehensive,201-Restaurant with Liquor,11,2,3,8,0,2
200607250001,200607250001,client_id,6/11/2026,Reinspection,201-Restaurant with Liquor,9,3,1,5,0,3
201805290006,201805290006,client_id,11/21/2025,Comprehensive,202-Chain Restaurant with Liquor,3,0,0,3,0,0
201805290006,201805290006,client_id,9/15/2026,Comprehensive,202-Chain Restaurant with Liquor,10,0,3,7,0,0
201210110003,201210110003,client_id,9/9/2025,Complaint,211-Restaurant without Liquor,2,0,0,2,0,0
201210110003,201210110003,client_id,10/8/2025,Complaint,211-Restaurant without Liquor,1,1,0,0,0,1
201210110003,201210110003,client_id,10/22/2025,Reinspection,211-Restaurant without Liquor,0,0,0,0,0,0
201210110003,201210110003,client_id,6/22/2026,Comprehensive,211-Restaurant without Liquor,8,1,2,5,0,1
201210110003,201210110003,client_id,7/7/2026,Reinspection,211-Restaurant without Liquor,4,0,1,3,0,0
201210110003,201210110003,client_id,9/9/2026,Complaint,211-Restaurant without Liquor,1,0,0,1,0,0
200408170001,200408170001,client_id,7/22/2026,Comprehensive,211-Restaurant without Liquor,5,1,1,4,0,1
202506240005,202506240005,client_id,8/19/2025,Comprehensive,211-Restaurant without Liquor,3,0,0,3,0,0
202506240005,202506240005,client_id,8/11/2026,Comprehensive,211-Restaurant without Liquor,7,0,3,5,0,0
202305120007,202305120007,client_id,2/6/2026,Comprehensive,211-Restaurant without Liquor,11,0,2,9,0,0
202305120007,202305120007,client_id,4/8/2026,Reinspection,211-Restaurant without Liquor,3,0,1,2,0,0
200403250001,200403250001,client_id,9/10/2025,Comprehensive,212-Chain Restaurant without Liquor,11,2,3,8,0,4
200403250001,200403250001,client_id,9/30/2025,Reinspection,212-Chain Restaurant without Liquor,1,0,0,1,0,0
200403250001,200403250001,client_id,11/6/2025,Complaint,212-Chain Restaurant without Liquor,0,0,0,0,0,0
202210190002,202210190002,client_id,2/13/2026,Comprehensive,201-Restaurant with Liquor,12,2,2,8,0,2
202210190002,202210190002,client_id,3/2/2026,Reinspection,201-Restaurant with Liquor,8,0,1,7,0,0
202203070002,202203070002,client_id,10/28/2025,Comprehensive,201-Restaurant with Liquor,9,0,2,7,0,0
51798,51798,client_id,2/19/2026,Comprehensive,201-Restaurant with Liquor,7,0,2,6,0,0
200404260010,200404260010,client_id,6/8/2026,Comprehensive,202-Chain Restaurant with Liquor,9,2,2,6,0,3
200404260010,200404260010,client_id,6/16/2026,Reinspection,202-Chain Restaurant with Liquor,4,2,0,3,0,3
49878,49878,client_id,9/16/2025,Comprehensive,201-Restaurant with Liquor,14,4,3,7,0,4
202302170004,202302170004,client_id,2/18/2026,Comprehensive,212-Chain Restaurant without Liquor,6,0,4,2,0,0
202302170004,202302170004,client_id,2/26/2026,Reinspection,212-Chain Restaurant without Liquor,3,0,2,1,0,0
201510070009,201510070009,client_id,9/18/2025,Comprehensive,211-Restaurant without Liquor,3,1,1,1,0,1
201510070009,201510070009,client_id,10/16/2025,Consultation,211-Restaurant without Liquor,0,0,0,0,0,0
201707210001,201707210001,client_id,7/24/2026,Comprehensive,201-Restaurant with Liquor,3,0,0,3,0,0
202506190003,202506190003,client_id,7/7/2026,Comprehensive,201-Restaurant with Liquor,10,1,2,7,0,1
202408300003,202408300003,client_id,1/2/2026,Comprehensive,211-Restaurant without Liquor,4,1,1,3,0,2
201908230003,201908230003,client_id,10/7/2025,Comprehensive,211-Restaurant without Liquor,0,0,0,0,0,0
201509300001,201509300001,client_id,5/14/2024,Comprehensive,201-Restaurant with Liquor,14,3,3,9,0,4
201509300001,201509300001,client_id,1/23/2026,Comprehensive,201-Restaurant with Liquor,7,1,0,6,0,1
200312240002,200312240002,client_id,7/17/2026,Comprehensive,201-Restaurant with Liquor,11,2,2,7,0,2
FSP-PERM-202602260130,,unlinked,2/26/2026,Change of Ownership,211-Restaurant w/o Liquor,7,0,0,7,0,0
FSP-PERM-202602260130,,unlinked,4/14/2026,Comprehensive,211-Restaurant w/o Liquor,7,0,1,6,0,0
201506040004,201506040004,client_id,3/20/2026,Comprehensive,212-Chain Restaurant without Liquor,1,0,0,1,0,0
199908090001,199908090001,client_id,11/24/2025,Comprehensive,212-Chain Restaurant without Liquor,2,0,0,2,0,0
199908090001,199908090001,client_id,12/11/2025,Service Request,212-Chain Restaurant without Liquor,0,0,0,0,0,0
201811050004,201811050004,client_id,9/22/2025,Comprehensive,212-Chain Restaurant without Liquor,1,0,0,1,0,0
201811050004,201811050004,client_id,8/7/2026,Comprehensive,212-Chain Restaurant without Liquor,2,0,1,1,0,0
202302210002,202302210002,client_id,9/8/2025,Comprehensive,212-Chain Restaurant without Liquor,3,0,1,2,0,0
202302210002,202302210002,client_id,8/17/2026,Comprehensive,Priority Code:,1,0,0,1,0,0
200803270001,200803270001,client_id,5/21/2026,Comprehensive,201-Restaurant with Liquor,2,0,0,2,0,0
45712,45712,client_id,12/19/2025,Comprehensive,202-Chain Restaurant with Liquor,8,1,0,7,0,1
48866,48866,client_id,8/21/2025,Complaint,202-Chain Restaurant with Liquor,1,0,0,1,0,0
48866,48866,client_id,7/6/2026,Comprehensive,202-Chain Restaurant with Liquor,4,0,1,3,0,0
48866,48866,client_id,7/30/2026,Service Request,202-Chain Restaurant with Liquor,1,0,1,0,0,0
201604120001,201604120001,client_id,2/4/2026,Comprehensive,212-Chain Restaurant without Liquor,8,1,4,4,0,1
200502180010,200502180010,client_id,12/29/2025,Comprehensive,211-Restaurant without Liquor,12,0,1,11,0,0
200502180010,200502180010,client_id,12/30/2025,Reinspection,211-Restaurant without Liquor,0,0,0,0,0,0
200805200002,200805200002,client_id,1/16/2026,Comprehensive,211-Restaurant without Liquor,3,0,0,3,0,0
200308190002,200308190002,client_id,12/4/2025,Comprehensive,212-Chain Restaurant without Liquor,8,0,3,5,0,0
201110260005,201110260005,client_id,10/10/2025,Comprehensive,202-Chain Restaurant with Liquor,11,0,3,8,0,1
202208110010,202208110010,client_id,3/12/2026,Comprehensive,211-Restaurant without Liquor,1,0,0,1,0,0
202104060004,202104060004,client_id,11/5/2025,Comprehensive,201-Restaurant with Liquor,2,0,0,2,0,0
201905310002,201905310002,client_id,4/1/2026,Comprehensive,211-Restaurant without Liquor,5,1,2,3,0,1
56226,56226,client_id,11/14/2025,Comprehensive,201-Restaurant with Liquor,8,3,2,5,0,4
FSP-PERM-202603230197,201406270002,same_address_record,3/23/2026,Change of Ownership,211-Restaurant w/o Liquor,4,1,1,2,0,1
FSP-PERM-202603230197,201406270002,same_address_record,4/10/2026,Comprehensive,211-Restaurant w/o Liquor,2,0,0,2,0,0
FSP-PERM-202603230197,201406270002,same_address_record,7/1/2026,Consultation,211-Restaurant w/o Liquor,3,2,0,1,0,2
201412180003,201412180003,client_id,11/20/2025,Comprehensive,211-Restaurant without Liquor,14,4,3,10,0,6
201412180003,201412180003,client_id,12/4/2025,Reinspection,211-Restaurant without Liquor,3,2,0,1,0,2
201412180003,201412180003,client_id,8/18/2026,Comprehensive,211-Restaurant without Liquor,14,4,3,7,0,4
201412180003,201412180003,client_id,9/1/2026,Partial Reinspection,211-Restaurant without Liquor,7,1,1,5,0,1
201412180003,201412180003,client_id,9/17/2026,Reinspection,211-Restaurant without Liquor,7,2,1,4,0,2
202506180004,202506180004,client_id,9/29/2025,Comprehensive,211-Restaurant without Liquor,5,0,0,5,0,0
202506180004,202506180004,client_id,8/28/2026,Comprehensive,211-Restaurant without Liquor,8,1,0,7,0,1
202008190006,202008190006,client_id,5/20/2026,Comprehensive,211-Restaurant without Liquor,3,1,0,2,0,1
201509210002,201509210002,client_id,9/8/2025,Comprehensive,212-Chain Restaurant without Liquor,3,0,0,3,0,0
201309250002,201309250002,client_id,2/12/2026,Comprehensive,202-Chain Restaurant with Liquor,12,1,4,8,0,2
201309250002,201309250002,client_id,2/26/2026,Reinspection,202-Chain Restaurant with Liquor,4,0,1,4,0,0
201309250002,201309250002,client_id,3/2/2026,Complaint,202-Chain Restaurant with Liquor,2,1,0,1,0,1
201309250002,201309250002,client_id,3/16/2026,Reinspection,202-Chain Restaurant with Liquor,0,0,0,0,0,0
201309250002,201309250002,client_id,8/31/2026,Comprehensive,202-Chain Restaurant with Liquor,12,2,6,9,0,4
201309250002,201309250002,client_id,9/8/2026,Reinspection,202-Chain Restaurant with Liquor,7,1,2,4,0,1
201203290002,201203290002,client_id,10/30/2025,Comprehensive,202-Chain Restaurant with Liquor,1,0,0,1,0,0
200309120001,200309120001,client_id,4/10/2026,Comprehensive,211-Restaurant without Liquor,10,0,1,9,0,0
202002270002,202002270002,client_id,1/12/2026,Comprehensive,201-Restaurant with Liquor,9,1,2,7,0,2
202008170001,202008170001,client_id,6/15/2026,Comprehensive,211-Restaurant without Liquor,9,2,0,7,0,2
202104150001,202104150001,client_id,7/22/2026,Comprehensive,201-Restaurant with Liquor,10,0,2,8,0,0
202504250001,202504250001,client_id,9/18/2025,Comprehensive,212-Chain Restaurant without Liquor,9,0,2,7,0,0
202504250001,202504250001,client_id,8/4/2026,Comprehensive,Priority Code:,3,0,0,3,0,0
54526,54526,client_id,7/28/2026,Comprehensive,211-Restaurant without Liquor,7,0,2,5,0,0
202307200006,202307200006,client_id,3/27/2026,Comprehensive,202-Chain Restaurant with Liquor,3,0,1,3,0,0
201806150002,201806150002,client_id,9/22/2025,Comprehensive,202-Chain Restaurant with Liquor,6,0,1,5,0,0
201806150002,201806150002,client_id,8/11/2026,Comprehensive,202-Chain Restaurant with Liquor,7,0,1,6,0,0
202302100005,202302100005,client_id,3/2/2026,Comprehensive,202-Chain Restaurant with Liquor,3,1,0,2,0,1
202107260006,202107260006,client_id,8/13/2025,Comprehensive,211-Restaurant without Liquor,2,0,0,2,0,0
202107260006,202107260006,client_id,7/23/2026,Comprehensive,211-Restaurant without Liquor,1,0,0,1,0,0
201812280002,201812280002,client_id,1/16/2026,Comprehensive,212-Chain Restaurant without Liquor,10,0,1,9,0,0
FSP-PERM-202510280242,,unlinked,10/28/2025,Comprehensive,211-Restaurant w/o Liquor,1,0,0,1,0,0
202403260002,202403260002,client_id,1/12/2026,Comprehensive,212-Chain Restaurant without Liquor,1,0,0,1,0,0
FSP-PERM-202510270236,,unlinked,10/28/2025,Pre-Operational,212-Chain Restaurant w/o Liquor,4,0,0,4,0,0
FSP-PERM-202510270236,,unlinked,12/18/2025,Comprehensive,212-Chain Restaurant w/o Liquor,6,0,2,4,0,0
FSP-PERM-202601160041,,unlinked,1/16/2026,Pre-Operational,212-Chain Restaurant w/o Liquor,0,0,0,0,0,0
FSP-PERM-202601160041,,unlinked,4/9/2026,Comprehensive,212-Chain Restaurant w/o Liquor,2,1,0,1,0,1
7404,,unlinked,3/25/2026,Comprehensive,201-Restaurant with Liquor,17,2,2,13,0,2
7404,,unlinked,3/30/2026,Partial Reinspection,201-Restaurant with Liquor,1,0,0,1,0,0
7404,,unlinked,4/2/2026,Reinspection,201-Restaurant with Liquor,16,2,4,10,0,2
200607240002,200607240002,client_id,1/22/2026,Comprehensive,211-Restaurant without Liquor,0,0,0,0,0,0
201009140005,201009140005,client_id,3/16/2026,Comprehensive,212-Chain Restaurant without Liquor,3,0,0,3,0,0
200906150001,200906150001,client_id,2/4/2026,Comprehensive,211-Restaurant without Liquor,1,0,0,1,0,0
201601110004,201601110004,client_id,8/5/2025,Comprehensive,212-Chain Restaurant without Liquor,3,1,1,1,0,1
201601110004,201601110004,client_id,11/3/2025,Complaint,212-Chain Restaurant without Liquor,1,0,0,1,0,0
201601110004,201601110004,client_id,4/13/2026,Comprehensive,212-Chain Restaurant without Liquor,4,1,2,3,0,1
200412140003,200412140003,client_id,9/11/2025,Comprehensive,201-Restaurant with Liquor,9,0,2,8,0,0
202201070002,202201070002,client_id,8/18/2025,Comprehensive,211-Restaurant without Liquor,1,0,0,1,0,0
FSP-PERM-202509030089,,unlinked,9/3/2025,Change of Ownership,Priority Code:,10,1,1,8,0,1
FSP-PERM-202509030089,,unlinked,10/22/2025,Comprehensive,Priority Code:,8,0,0,8,0,0
FSP-PERM-202509030089,,unlinked,3/20/2026,Complaint,211-Restaurant w/o Liquor,0,0,0,0,0,0
FSP-PERM-202509030089,,unlinked,9/21/2026,Comprehensive,211-Restaurant w/o Liquor,15,2,7,8,0,4
202310310006,202310310006,client_id,10/7/2025,Comprehensive,211-Restaurant without Liquor,9,1,2,6,0,1
202310310006,202310310006,client_id,2/11/2026,Complaint,211-Restaurant without Liquor,3,1,0,2,0,1
202310310006,202310310006,client_id,3/10/2026,Reinspection,211-Restaurant without Liquor,4,2,1,1,0,2
202310310006,202310310006,client_id,6/12/2026,Complaint,211-Restaurant without Liquor,4,0,0,4,0,0
202308180002,202308180002,client_id,10/20/2025,Comprehensive,211-Restaurant without Liquor,5,0,0,5,0,0
202009090009,202009090009,client_id,9/26/2025,Comprehensive,212-Chain Restaurant without Liquor,12,2,3,7,0,2
202009090009,202009090009,client_id,10/7/2025,Reinspection,212-Chain Restaurant without Liquor,7,0,2,5,0,0
202109210001,202109210001,client_id,10/22/2025,Comprehensive,202-Chain Restaurant with Liquor,5,2,0,3,0,2
202109210001,202109210001,client_id,11/19/2025,Reinspection,202-Chain Restaurant with Liquor,0,0,0,0,0,0
202109210001,202109210001,client_id,4/14/2026,Comprehensive,202-Chain Restaurant with Liquor,12,3,2,8,0,4
200402120004,200402120004,client_id,9/25/2025,Comprehensive,212-Chain Restaurant without Liquor,5,2,1,3,0,2
200402120004,200402120004,client_id,8/5/2026,Comprehensive,212-Chain Restaurant without Liquor,2,0,0,2,0,0
201801300002,201801300002,client_id,2/10/2026,Comprehensive,212-Chain Restaurant without Liquor,10,1,3,6,0,1
201801300002,201801300002,client_id,2/12/2026,Reinspection,212-Chain Restaurant without Liquor,7,1,1,5,0,1
201008250007,201008250007,client_id,1/5/2026,Comprehensive,212-Chain Restaurant without Liquor,6,0,1,5,0,0
201611100002,201611100002,client_id,5/28/2026,Reinspection,202-Chain Restaurant with Liquor,0,0,0,0,0,0
201810010007,201810010007,client_id,8/27/2025,Comprehensive,202-Chain Restaurant with Liquor,6,2,1,3,0,2
201810010007,201810010007,client_id,8/29/2025,Reinspection,202-Chain Restaurant with Liquor,0,0,0,0,0,0
201810010007,201810010007,client_id,10/6/2025,Reinspection,202-Chain Restaurant with Liquor,0,0,0,0,0,0
201509140003,201509140003,client_id,1/7/2026,Complaint,201-Restaurant with Liquor,0,0,0,0,0,0
201809170001,201809170001,client_id,8/25/2025,Comprehensive,201-Restaurant with Liquor,8,1,3,5,0,1
201809170001,201809170001,client_id,7/13/2026,Comprehensive,201-Restaurant with Liquor,9,2,0,7,0,2
201809170001,201809170001,client_id,8/13/2026,Reinspection,201-Restaurant with Liquor,2,0,0,2,0,0
201801170004,201801170004,client_id,8/13/2026,Comprehensive,Priority Code:,5,1,2,2,0,1
202404040001,202404040001,client_id,1/16/2026,Comprehensive,212-Chain Restaurant without Liquor,0,0,0,0,0,0
202404040001,202404040001,client_id,6/23/2026,Complaint,212-Chain Restaurant without Liquor,3,0,0,3,0,0
202404040001,202404040001,client_id,7/23/2026,Complaint,212-Chain Restaurant without Liquor,0,0,0,0,0,0
202404120002,202404120002,client_id,10/22/2025,Complaint,202-Chain Restaurant with Liquor,1,0,0,1,0,0
202404120002,202404120002,client_id,7/13/2026,Comprehensive,202-Chain Restaurant with Liquor,9,1,2,6,0,1
202404050007,202404050007,client_id,9/15/2025,Comprehensive,212-Chain Restaurant without Liquor,6,0,1,5,0,0
202404050007,202404050007,client_id,2/12/2026,Consultation,212-Chain Restaurant without Liquor,0,0,0,0,0,0
202404020012,202404020012,client_id,5/13/2026,Comprehensive,211-Restaurant without Liquor,1,0,0,1,0,0
202404010011,202404010011,client_id,2/23/2026,Comprehensive,212-Chain Restaurant without Liquor,4,0,0,4,0,0
202404010011,202404010011,client_id,8/28/2026,Comprehensive,212-Chain Restaurant without Liquor,9,0,0,9,0,0
202404010007,202404010007,client_id,6/17/2026,Comprehensive,212-Chain Restaurant without Liquor,11,1,0,11,0,2
202404010007,202404010007,client_id,8/19/2026,Reinspection,212-Chain Restaurant without Liquor,1,0,1,0,0,0
202404080004,202404080004,client_id,3/16/2026,Comprehensive,212-Chain Restaurant without Liquor,3,1,0,2,0,1
202404020007,202404020007,client_id,4/30/2026,Comprehensive,212-Chain Restaurant without Liquor,6,1,1,6,0,1
202404020007,202404020007,client_id,7/20/2026,Complaint,212-Chain Restaurant without Liquor,0,0,0,0,0,0
45199,45199,client_id,12/30/2025,Comprehensive,211-Restaurant without Liquor,0,0,0,0,0,0
202205050001,202205050001,client_id,6/18/2026,Comprehensive,212-Chain Restaurant without Liquor,1,0,0,1,0,0
202212130003,202212130003,client_id,12/12/2025,Comprehensive,202-Chain Restaurant with Liquor,2,0,0,2,0,0
202105050004,202105050004,client_id,4/1/2026,Comprehensive,201-Restaurant with Liquor,5,0,1,4,0,0
202302020002,202302020002,client_id,10/27/2025,Complaint,212-Chain Restaurant without Liquor,0,0,0,0,0,0
202302020002,202302020002,client_id,4/2/2026,Comprehensive,212-Chain Restaurant without Liquor,7,0,1,6,0,0
202302020002,202302020002,client_id,4/13/2026,Reinspection,212-Chain Restaurant without Liquor,3,0,0,3,0,0
202312180004,202312180004,client_id,6/24/2026,Comprehensive,212-Chain Restaurant without Liquor,1,0,0,1,0,0
202405010006,202405010006,client_id,6/12/2026,Comprehensive,212-Chain Restaurant without Liquor,3,0,0,3,0,0
202504090008,202504090008,client_id,5/8/2026,Comprehensive,212-Chain Restaurant without Liquor,1,0,0,1,0,0
202308160001,202308160001,client_id,2/2/2026,Comprehensive,212-Chain Restaurant without Liquor,5,0,1,4,0,0
202308160001,202308160001,client_id,4/9/2026,Complaint,212-Chain Restaurant without Liquor,0,0,0,0,0,0
201704100011,201704100011,client_id,9/2/2025,Comprehensive,211-Restaurant without Liquor,0,0,0,0,0,0
201704100011,201704100011,client_id,9/22/2026,Comprehensive,211-Restaurant without Liquor,0,0,0,0,0,0
201807240001,201807240001,client_id,2/11/2026,Comprehensive,211-Restaurant without Liquor,4,1,1,2,0,1
200607170002,200607170002,client_id,9/23/2025,Comprehensive,211-Restaurant without Liquor,4,0,0,4,0,0
201007280005,201007280005,client_id,9/5/2025,Comprehensive,201-Restaurant with Liquor,9,1,1,7,0,1
201007280005,201007280005,client_id,10/10/2025,Reinspection,201-Restaurant with Liquor,1,0,1,0,0,0
201007280005,201007280005,client_id,8/28/2026,Comprehensive,201-Restaurant with Liquor,5,0,1,4,0,0
202204290003,202204290003,client_id,2/11/2026,Comprehensive,212-Chain Restaurant without Liquor,4,0,0,4,0,0
202209080001,202209080001,client_id,6/22/2026,Comprehensive,212-Chain Restaurant without Liquor,8,1,2,5,0,1
202202080003,202202080003,client_id,2/13/2026,Comprehensive,212-Chain Restaurant without Liquor,0,0,0,0,0,0
